Id_Obra,Año,Clave_Obra,Nombre,Tipo_Precio,Id_Sub_Programa,Id_Localidad,Beneficiarios,Id_Convenio,Tipo_Obra_Proyecto,Id_Sub_Tipo_Obra,Observaciones,Enviar_Para,Id_Oficio_Asignacion_Obra
1,2015,3,PAVIMENTACION DE LA CALLE ACAYA TRAMO: HEBREOS A EPISTOLAS COL. SAN PABLO,Unitario,1,1,0,NULL,Obra,1,CAPTURADO 09/02/2015 ALMA,CONTRATADO,0
2,2015,7,PROYECTO EJECUTIVO DE LAS CALLES: 1. IGNACIO VILLAVICENCIO TRAMO: ARTURO VALADEZ - ARTURO VILLEGAS C,Unitario,1,1,0,NULL,Obra,1,CAPTURADO 09/02/2015 ALMA,CONTRATADO,0
3,2015,2,PAVIMENTACION DE LA CALLE CAMPO GRANDE TRAMO: CAMPO ESCONDIDO A CAMPO ALEGRE COL. VALLE HERMOSO,Unitario,1,1,0,NULL,Obra,1,CAPTURADO 12/02/2015 ALMA,CONTRATADO,0
4,2015,1,PAVIMENTACION DE LA CALLE MANUEL LOPEZ MERCADO TRAMO: BLVD. LEON II A BLVD. MARIANO ESCOBEDO COLONIA,Unitario,1,1,0,NULL,Obra,1,CAPTURADO 12/02/2015 ALMA,CONTRATADO,0
5,2015,4,PROYECTO EJECUTIVO DE LAS CALLES: 1. MANUEL CRECENCIO REJON TRAMO: JOSE A. GODOY - JOSE M. DE LA TOR,Unitario,1,1,0,NULL,Obra,1,CAPTURADO 12/02/2015 ALMA,CONTRATADO,0
6,2015,5,PROYECTO EJECUTIVO DE LAS CALLES: VALLE CEYLAN TRAMO: MADRE TIERRA - VALLE ARIZPE COL. VALLE DE SAN,Unitario,1,1,0,NULL,Obra,1,CAPTURADO 12/02/2015 ALMA,CONTRATADO,0
7,2015,6,PROYECTO EJECUTIVO DE LAS CALLES: 1. DE LA CONQUISTA TRAMO: ALPES A TOPAR Y 2. DE LA PLACITA TRAMO:,Unitario,1,1,0,NULL,Obra,1,CAPTURADO 12/02/2015 ALMA,CONTRATADO,0
8,2015,9,PROYECTO EJECUTIVO DE LAS CALLES: 1. LA VIZCAINA TRAMO: LOS ALPES - LA CONQUISTA; 2. CALLE ALPES TRA,Unitario,1,1,0,NULL,Obra,1,CAPTURADO 12/02/2015 ALMA,CONTRATADO,0
9,2015,10,PROYECTO EJECUTIVO DE LAS CALLES: 1. TORRE DE VIGIA TRAMO: LATINOAMERICANA - LAS TORRES COL. LAS TOR,Unitario,1,1,0,NULL,Obra,1,CAPTURADO 13/02/2015 ALMA,CONTRATADO,0
10,2015,11,PROYECTO EJECUTIVO DE LAS CALLES: 1. PRESA SARDANETA TRAMO: PRESA TILOSTOC - PRESA LA LLAVE COL. PRE,Unitario,1,1,0,NULL,Obra,1,CAPTURADO 13/02/2015 ALMA,CONTRATADO,0
11,2015,12,ADECUACION Y TRABAJOS COMPLEMENTARIOS DEL PROYECTO EJECUTIVO: DE ESCUELA DE VANGUARDIA JACINTO LOPEZ,Unitario,1,1,0,NULL,Obra,1,CAPTURADO 12/02/2015 ALMA,CONTRATADO,0
12,2015,13,PROYECTO EJECUTIVO DE LA CALLE: MAZATLAN TRAMO: BLVD. HILARIO MEDINA A CALLE ALFALFA COL. LA CANDELA,Unitario,1,1,0,NULL,Obra,1,CAPTURADO 13/02/2015 ALMA,CONTRATADO,0
13,2015,14,PROYECTO EJECUTIVO DE LA CALLE: CUITLAHUAC TRAMO: AV. PRADERA A CHOLULA COL. AZTECA|,Unitario,1,1,0,NULL,Obra,1,CAPTURADO 19/02/2015 ALMA,CONTRATADO,0
14,2015,15,PROYECTO EJECUTIVO DE LAS CALLES: 1. JACARANDA DEL VALLE TRAMO: OLIVO DEL VALLE - AVELLANO DEL VALLE,Unitario,1,1,0,NULL,Obra,1,CAPTURADO 19/02/2015 ALMA,CONTRATADO,0
15,2015,16,REHABILITACIÓN DE LOS PAVIMENTOS DEL BLVD. TORRES LANDA EN EL TRAMO COMPRENDIDO DE LA AV. JUAREZ A M,Unitario,1,1,0,NULL,Obra,1,CAPTURADO 19/02/2015 ALMA,CONTRATADO,0
16,2015,8,PAVIMENTACION DE LA CALLE COFRADIA TRAMO: HUIMILPAN - PALO ALTO COL. PRESA DEL PALOTE,Unitario,1,1,0,NULL,Obra,1,CAPTURADO 19/02/2015 ALMA,CONTRATADO,0
17,2015,17,PROYECTO EJECUTIVO DE PAVIMENTACION DE LAS CALLES: 1. DE LA CAMPANA TRAMO: LOS ALPES - LA CONQUISTA,Unitario,1,1,0,NULL,Obra,1,CAPTURADO 26/02/2015 ALMA,CONTRATADO,0
18,2015,19,PROYECTO EJECUTIVO DE OBRAS COMPLEMENTARIAS DE PAVIMENTACIÓN Y ALUMBRADO DEL FRACCIONAMIENTO CIUDAD,Unitario,1,1,0,NULL,Obra,1,CAPTURADO 27/02/2015 ALMA,CONTRATADO,0
19,2015,18,PAVIMENTACION DE LA CALLE ETA (MEDIO CUERPO) TRAMO: JEREZ DE CARTAGENA A CERRITO DE JEREZ COL. CERRI,Unitario,1,1,0,NULL,Obra,1,CAPTURADO 05/03/2015 ALMA,CONTRATADO,0
20,2015,20,PROYECTO EJECUTIVO DE INTERSECCIÓN A DESNIVEL DE PUENTE HIDALGO INTERSECCIÓN DE BLVD. JUAN ALONSO DE,Unitario,1,1,0,NULL,Obra,1,CAPTURADO 26/03/2015 ALMA,CONTRATADO,0
21,2015,23,PAVIMENTACION DE LA CALLE MADRE REYNA TRAMO: AV. ATOTONILCO A MADRE MARINA COL. DIEZ DE MAYO,Unitario,1,1,0,NULL,Obra,1,CAPTURADO 26/03/2015 ALMA,CONTRATADO,0
22,2015,22,REMODELACION DE AREAS EN EDIFICIO DE OBRAS PÚBLICAS MUNICIPALES,Unitario,1,1,0,NULL,Obra,1,CAPTURADO 31/03/2015 ALMA  ,CONTRATADO,0
23,2015,24,PAVIMENTACION DE BANQUETA SUR CALLE ANDALUCIA TRAMO: GARCIA ORDOÑEZ - 21 DE MARZO; PAVIMENTACION DE,Unitario,1,1,0,NULL,Obra,1,CAPTURADO 31/03/2015 ALMA,CONTRATADO,0
24,2015,21,PROYECTO DE LA PAVIMENTACION DE LAS CALLES: 1. PEÑAROL TRAMO: BOTOFOGO - FLUMINENSES COL. DEPORTIVA,Unitario,1,1,0,NULL,Obra,1,CAPTURADO 31/03/2015 ALMA,CONTRATADO,0
25,2015,30,REHABILITACIÓN DE LOS PAVIMENTOS DEL CUERPO LATERAL SUR DEL BLVD. AEROPUERTO,Unitario,1,1,0,NULL,Obra,1,CAPTURADO 16/04/2015 ALMA,CONTRATADO,0
26,2015,32,PROYECTO DE LA PAVIMENTACION DE LAS CALLES: 1. REVOLUCIÓN MEXICANA TRAMO: BLVD. TIMOTEO LOZANO - MAR,Unitario,1,1,0,NULL,Obra,1,CAPTURADO 20/4/2015 ALMA,CONTRATADO,0
27,2015,31,PAVIMENTACIÓN DE LA CALLE NUEVA ESPAÑA TRAMO: BLVD. MANUEL DE AUSTRI A BLVD. MIGUEL DE CERVANTES SAA,Unitario,1,1,0,NULL,Obra,1,CAPTURADO 29/04/2015 ALMA,CONTRATADO,0
28,2015,41,PROYECTO EJECUTIVO DE PLAZA MULTIPOL VALLE HERMOSO UBICADO EN CALLE PASEO DE LA PRESA ENTRE PASEO DE,Unitario,1,1,0,NULL,Obra,1,CAPTURADO 04/05/2015 ALMA  ,CONTRATADO,0
29,2015,39,PAVIMENTACION DE LA CALLE CERRO DE LA BUFA TRAMO: BUFAS DE ZACATECAS A CIMATORIO COL. LOMAS DE JEREZ,Unitario,1,1,0,NULL,Obra,1,CAPTURADO 04/05/2015 ALMA,CONTRATADO,0
30,2015,40,PAVIMENTACION DE LA CALLE JEREZ DE BLANES TRAMO: JEREZ DE LA FRONTERA A JEREZ DE GRANADA COL. VALLE,Unitario,1,1,0,NULL,Obra,1,CAPTURADO 04/05/2015 ALMA,CONTRATADO,0
31,2015,43,PAVIMENTACION DE LA CALLE BARCENAS TRAMO: BLVD. ALONSO DE TORRES A BLVD. BILBAO COL. PILETAS IV SECC,Unitario,1,1,0,NULL,Obra,1,CAPTURADO 04/05/2015 ALMA,CONTRATADO,0
32,2015,37,PAVIMENTACION DE LA CALLE JEREZ DE VARDAR TRAMO: JEREZ DE BESAYA - JEREZ DE MENORCA COL. VALLE DE JE,Unitario,1,1,0,NULL,Obra,1,CAPTURADO 06/05/2015 ALMA,CONTRATADO,0
33,2015,33,PROYECTO DE LA PAVIMENTACIÓN DE LAS CALLES: 1. FRESNO DE JEREZ TRAMO: PASEO DE LOS VERDINES - BLVD.,Unitario,1,1,0,NULL,Obra,1,CAPTURADO 06/05/2015 ALMA,CONTRATADO,0
34,2015,38,PAVIMENTACION DE LA CALLE PLAN DE GUADALUPE TRAMO: BLVD. MIGUEL DE CERVANTES SAAVEDRA A ANDADOR SIN,Unitario,1,1,0,NULL,Obra,1,CAPTURADO 06/05/2015 ALMA,CONTRATADO,0
35,2015,55,PAVIMENTACION DE LA CALLE GOLGOTA TRAMO: BLVD. VASCO DE QUIROGA A SIRIA COL. SAN FELIPE DE JESUS,Unitario,1,1,0,NULL,Obra,1,CAPTURADO 06/05/2015,CONTRATADO,0
36,2015,56,PAVIMENTACION DE LA CALLE JEREZ DE VALONA TRAMO: JEREZ DE GUADALUPE - JEREZ DE GUADALQUIVIR COL. VAL,Unitario,1,1,0,NULL,Obra,1,CAPTURADO 06/05/2016 ALMA,CONTRATADO,0
37,2015,44,PAVIMENTACION DE LA CALLE HONORIO III TRAMO: AV. OLIMPICA A CALLE CONVENTUALES COL. SAN FRANCISCO DE,Unitario,1,1,0,NULL,Obra,1,CAPTURADO 06/05/2015 ALMA,CONTRATADO,0
38,2015,46,PROYECTO EJECUTIVO DE LA PAVIMENTACION DE LAS CALLES: 1. LOMAS DE HACIENDA TRAMO: LOMAS DE DALIAS -,Unitario,1,1,0,NULL,Obra,1,CAPTURADO 06/05/2015 ALMA,CONTRATADO,0
39,2015,51,PAVIMENTACION DE LA CALLE COMERCIANTES TRAMO: ESTAMBUL A FRANCISCO VILLA COL. UYEPAC,Unitario,1,1,0,NULL,Obra,1,CAPTURADO 06/05/2015 ALMA,CONTRATADO,0
40,2015,45,"REMODELACIÓN MERCADO SAN JUAN BOSCO (COLOCACION DE PISO EN ANDADORES, MEJORA DE INSTALACIONES Y ÁREA",Unitario,1,1,0,NULL,Obra,1,CAPTURADO 07/05/2015 ALMA,CONTRATADO,0
41,2015,58,PAVIMENTACION DE LA CALLE ARTURO LOZANO MADRAZO TRAMO: ANGEL VAZQUEZ NEGRETE - RODRIGO MORENO ZERMEÑ,Unitario,1,1,0,NULL,Obra,1,CAPTURADO 07/05/2015 ALMA,CONTRATADO,0
42,2015,59,PROYECTO EJECUTIVO DE LAS CALLES: 1. ANTIOQUIA TRAMO: HEBREOS - CORINTO COL. SAN PABLO; 2. EPISTOLAS,Unitario,1,1,0,NULL,Obra,1,CAPTURADO 07/05/2015 ALMA,CONTRATADO,0
43,2015,60,PROYECTO EJECUTIVO DE LA PAVIMENTACION DE LAS CALLES: 1. AGRA TRAMO: BANGLADESH - TOPAR CON ARROYO C,Unitario,1,1,0,NULL,Obra,1,CAPTURADO 07/05/2015 ALMA,CONTRATADO,0
44,2015,61,PROYECTO EJECUTIVO DE LA PAVIMENTACION DE LAS CALLES: 1. FLUMINENSES TRAMO: BLVD. TÉLLEZ CRUCES A TU,Unitario,1,1,0,NULL,Obra,1,CAPTURADO 07/05/2015 ALMA,CONTRATADO,0
45,2015,68,PAVIMENTACION DE LA CALLE MEMBRILLO TRAMO: SAUCE A CANELO COL. ARBOLEDAS,Unitario,1,1,0,NULL,Obra,1,CAPTURADO 07/05/2015 ALMA,CONTRATADO,0
46,2015,65,"LIMPIEZA Y MANTENIMIENTO DE ARROYO ALFARO, MUERTO Y EL POTRERO; INTERSECCIÓN EJIDO - ALFARO, FRUTALE",Unitario,1,1,0,NULL,Obra,1,CAPTURADO 07/05/2015 ALMA,CONTRATADO,0
47,2015,76,PAVIMENTACION DE LA CALLE JEREZ DE CETINA TRAMO: JEREZ DE SANALONA - JEREZ DE MIÑO COL. VALLE DE JER,Unitario,1,1,0,NULL,Obra,1,CAPTURADO 07/05/2015 ALMA,CONTRATADO,0
48,2015,47,PAVIMENTACIÓN DE LA CALLE SANTA MARGARITA TRAMO: DE CALLE SANTA BERNARDITA A CALLE JUANA DE ARCO COL,Unitario,1,1,0,NULL,Obra,1,CAPTURADO 07/05/2015 ALMA,CONTRATADO,0
49,2015,57,PAVIMENTACION DE LA CALLE TABACHIN DE JEREZ TRAMO: BLVD. SAN PEDRO A PASEO DE LOS VERDINES COL. JARD,Unitario,1,1,0,NULL,Obra,1,CAPTURADO 07/05/2015 ALMA,CONTRATADO,0
50,2015,42,PAVIMENTACION DE LA CALLE JEREZ DE CETINA TRAMO: JEREZ DE GUADALUPE A JEREZ DE SANALONA COL. VALLE D,Unitario,1,1,0,NULL,Obra,1,CAPTURADO 08/05/2015 ALMA,CONTRATADO,0
51,2015,54,MANTENIMIENTO AL BLVD. DELTA TRAMO: BLVD. LA LUZ Y VÍA DE LOS GIRASOLES,Unitario,1,1,0,NULL,Obra,1,CAPTURADO 08/05/2015 ALMA,CONTRATADO,0
52,2015,69,CONFORMACION Y RASTREO DE TERRACERIA EN CAMINO A CUESTA BLANCA (DUARTE) Y CONFORMACION Y RASTREO DE,Unitario,1,1,0,NULL,Obra,1,CAPTURADO 11/05/2015 ALMA,CONTRATADO,0
53,2015,48,REHABILITACION DE BARRERAS DE CONTENCIÓN SOBRE EL MALECON DEL RIO DE LOS GOMEZ,Unitario,1,1,0,NULL,Obra,1,CAPTURDO 11/05/2015 ALMA  ,CONTRATADO,0
54,2015,66,PROYECTO EJECUTIVO DE LA PLAZA MULTIPOL SAN PEDRO EN BLVD. BARRIO DE GUADALUPE ENTRE CALLE AÑORANZA,Unitario,1,1,0,NULL,Obra,1,CAPTURADO 12/05/2015 ALMA,CONTRATADO,0
55,2015,49,CONSTRUCCION DE BASES PARA ESCULTURAS (10 BASES) EN BLVD. AEROPUERTO TRAMO: DISTRIBUIDOR VIAL JUAN P,Unitario,1,1,0,NULL,Obra,1,CAPTURADO 12/05/2015 ALMA,CONTRATADO,0
56,2015,75,RENOVACIÓN DE SEÑALAMIENTO EN CALLE SALIDA DE LOS GOMEZ TRAMO: AV. 16 DE SEPTIEMBRE - BLVD. CAMPESTR,Unitario,1,1,0,NULL,Obra,1,CAPTURADO 12/05/2015 ALMA,CONTRATADO,0
57,2015,34,AMPLIACIÓN DEL SISTEMA INTEGRADO DE TRANSPORTE DE LEON (SIT OPTIBÚS) 3A. 4A. ETAPA. TERMINAL MARAVIL,Unitario,1,1,0,NULL,Obra,1,CAPTURADO 12/05/2015 ALMA,CONTRATADO,0
58,2015,35,AMPLIACION DEL SISTEMA INTEGRADO DE TRANSPORTE DE LEÓN (SIT OPTIBÚS) 3A. Y 4A. ETAPA. TERMINAL SUR (,Unitario,1,1,0,NULL,Obra,1,CAPTURADO 12/05/2015 ALMA,CONTRATADO,0
59,2015,36,AMPLIACION DEL SISTEMA INTEGRADO DE TRANSPORTE DE LEÓN (SIT OPTIBÚS) 3A. Y 4A. ETAPA TERMINAL ECHEVE,Unitario,1,1,0,NULL,Obra,1,CAPTURADO 12/05/2015 ALMA,CONTRATADO,0
60,2015,25,AMPLIACION DEL SISTEMA INTEGRADO DE TRANSPORTE DE LEÓN (SIT OPTIBÚS) 3A Y 4A ETAPA. CORREDOR TRONCAL,Unitario,1,1,0,NULL,Obra,1,CAPTURADO 12/05/2015 ALMA,CONTRATADO,0
61,2015,26,AMPLIACIÓN DEL SISTEMA INTEGRADO DE TRANSPORTE DE LEÓN (SIT OPTIBÚS) 3A. Y 4A. ETAPA. CORREDOR TRONC,Unitario,1,1,0,NULL,Obra,1,CAPTURADO 12/05/2015 ALMA,CONTRATADO,0
62,2015,27,AMPLIACIÓN DEL SISTEMA INTEGRADO DE TRANSPORTE DE LEÓN (SIT OPTIBÚS) 3A. Y 4A. ETAPA. CORREDOR TRONC,Unitario,1,1,0,NULL,Obra,1,CAPTURADO 12/05/2015 ALMA,CONTRATADO,0
63,2015,28,AMPLIACION DEL SISTEMA INTEGRADO DE TRANSPORTE DE LEÓN (SIT OPTIBÚS) 3A. Y 4A. ETAPA. CORREDOR TRONC,Unitario,1,1,0,NULL,Obra,1,CAPTURADO 12/05/2015 ALMA,CONTRATADO,0
64,2015,29,AMPLIACIÓN DEL SISTEMA INTEGRADO DE TRANSPORTE DE LEÓN (SIT OPTIBÚS) 3A. Y 4A. ETAPA. CORREDOR TRONC,Unitario,1,1,0,NULL,Obra,1,CAPTURADO 12/05/2015 ALMA,CONTRATADO,0
65,2015,63,AMPLIACION DEL SISTEMA INTEGRADO DE TRANSPORTE DE LEÓN (SIT OPTIBÚS) 3A. Y 4A. ETAPA. CORREDOR TRONC,Unitario,1,1,0,NULL,Obra,1,CAPTURADO 12/05/2015 ALMA,CONTRATADO,0
66,2015,71,AMPLIACION DEL SISTEMA INTEGRADO DE TRANSPORTE DE LEÓN (SIT OPTIBÚS) 3A. Y 4A. ETAPA. CORREDOR TRONC,Unitario,1,1,0,NULL,Obra,1,CAPTURADO 13/05/2015 ALMA,CONTRATADO,0
67,2015,72,AMPLIACIÓN DEL SISTEMA INTEGRADO DE TRANSPORTE DE LEÓN (SIT OPTIBÚS) 3A. Y 4A. ETAPA. CORREDOR TRONC,Unitario,1,1,0,NULL,Obra,1,CAPTURADO 13/05/2015 ALMA,CONTRATADO,0
68,2015,73,AMPLIACIÓN DEL SISTEMA INTEGRADO DE TRANSPORTE DE LEÓN (SIT OPTIBÚS) 3A. Y 4A. ETAPA. CORREDOR TRONC,Unitario,1,1,0,NULL,Obra,1,CAPTURADO 13/05/2015 ALMA,CONTRATOS,0
69,2015,74,AMPLIACIÓN DEL SISTEMA INTEGRADO DE TRANSPORTE DE LEÓN (SIT OPTIBÚS) 3A. Y 4A. ETAPA. CORREDOR TRONC,Unitario,1,1,0,NULL,Obra,1,CAPTURADO 13/05/2015 ALMA,CONTRATADO,0
70,2015,53,PAISAJE Y JARDINERA PARA LA ZONA CONTEXTUAL DE LA FUENTE DEL BLVD. ADOLFO LOPEZ MATEOS,Unitario,1,1,0,NULL,Obra,1,CAPTURADO 13/05/2015 ALMA,CONTRATADO,0
71,2015,50,REHABILITACION DE LOS PAVIMENTOS DE LA CALLE KIWI COL. LOMAS DE ECHEVESTE,Unitario,1,1,0,NULL,Obra,1,CAPTURADO 13/05/2015 ALMA,CONTRATADO,0
72,2015,70,RESTAURACIÓN Y ADECUACIÓN DEL MUSEO DE LA CIUDAD DE LEÓN TERCERA ETAPA UBICADO EN PEDRO MORENO ZONA,Unitario,1,1,0,NULL,Obra,1,CAPTURADO 13/05/2015 ALMA,CONTRATADO,0
73,2015,52,LIMPIEZA Y MANTENIMIENTO DE ARROYO LA TINAJA Y LAS LIEBRES,Unitario,1,1,0,NULL,Obra,1,CAPTURADO 14/05/2015 ALMA,CONTRATADO,0
74,2015,67,PAVIMENTACION DE LA CALLE PASEO DE LOS TUCANES TRAMO: PASEO DE LOS CENZONTLES A PASEO DE LOS RUISEÑO,Unitario,1,1,0,NULL,Obra,1,CAPTURADO 14/05/2015 ALMA,CONTRATADO,0
75,2015,82,PAVIMENTACION DE LA CALLE CAMPO DULCINEA TRAMO: CAMPO ESCONDIDO - CAMPO ALEGRE COL. VALLE HERM0SO,Unitario,1,1,0,NULL,Obra,1,CAPTURADO 28/05/2015 ALMA,CONTRATADO,0
76,2015,81,PAVIMENTACION DE LA CALLE GARBANCILLO TRAMO: BRICHO - JUNCO COL. VALLE HERMOSO,Unitario,1,1,0,NULL,Obra,1,CAPTURADO 03/06/2015 ALMA,CONTRATADO,0
77,2015,88,PAVIMENTACION DE LA CALLE BONIFACIO COLLAZO TRAMO: JULIAN CARRILLO - CRISTINA ORTEGA COL. CASA BLANC,Unitario,1,1,0,NULL,Obra,1,CAPTURADO 04/06/2015 ALMA,CONTRATADO,0
78,2015,92,PAVIMENTACION DE LA CALLE CERRO DEL HORMIGERO TRAMO: DE RIO MAYO A MADRE MAURA COL. MARIA DE LA LUZ,Unitario,1,1,0,NULL,Obra,1,CAPTURADO 08/06/2015 ALMA,CONTRATADO,0
79,2015,95,"PROYECTO EJECUTIVO  DE CINETECA PLAZA CATEDRAL, UBICADO ALVARO OBREGON ZONA CENTRO",Unitario,1,1,0,NULL,Obra,1,CAPTURADO 08/06/2015 ALMA,CONTRATADO,0
80,2015,83,"CONSTRUCCIÓN DE 210 GAVETAS DE ADULTO EN EL PANTEON SAN NICOLAS, BLVD. MARIANO ESCOBEDO ESQ. HERNAND",Unitario,1,1,0,NULL,Obra,1,CAPTURADO 08/06/2015 ALMA,CONTRATADO,0
81,2015,87,PAVIMENTACION DE LA CALLE MADRE CARMEN TRAMO: MADRE TIERRA - TOPAR CON MERCADO COL. DIEZ DE MAYO,Unitario,1,1,0,NULL,Obra,1,CAPTURADO 08/06/2015 ALMA,CONTRATADO,0
82,2015,91,PAVIMENTACION DE LA CALLE PRIVADA BARCELONA TRAMO: MURCIA A BARCELONA COL. SAN JUAN BOSCO,Unitario,1,1,0,NULL,Obra,1,CAPTURADO 08/06/2015 ALMA,CONTRATADO,0
83,2015,94,"PROYECTO EJECUTIVO DE RESTAURACIÓN DE LA CASA DE LA CULTURA ""DIEGO RIVERA"" UBICADA EN PORTALES DELIC",Unitario,1,1,0,NULL,Obra,1,CAPTURADO 09/06/2015 ALMA,CONTRATADO,0
84,2015,84,PROYECTO DE LA PAVIMENTACION DE LAS CALLES: 1. HADES TRAMO: EROS - SALAMINA COL. LA HERMITA; 2. IRLA,Unitario,1,1,0,NULL,Obra,1,CAPTURADO 10/06/2015 ALMA,CONTRATADO,0
85,2015,93,PRIMERA ETAPA DE LA RESTAURACIÓN DEL ARCO DE LA CALZADA,Unitario,1,1,0,NULL,Obra,1,CAPTURADO 10/06/2015 ALMA,CONTRATADO,0
86,2015,62,AMPLIACION DE LAS OFICINAS PARA EL INSTITUTO MUNICIPAL DE PLANEACION UBICADO EN BLVD. TORRES LANDA #,Unitario,1,1,0,NULL,Obra,1,CAPTURADO 10/06/2015 ALMA,CONTRATADO,0
87,2015,80,AMPLIACIÓN DEL SISTEMA INTEGRADO DE TRANSPORTE DE LEÓN (SIT OPTIBÚS) 3A. Y 4A. ETAPA. CORREDOR TROMN,Unitario,1,1,0,NULL,Obra,1,CAPTURADO 10/06/2014 ALMA,CONTRATADO,0
88,2015,85,AMPLIACION DEL SISTEMA INTEGRADO DE TRANSPORTE DE LEÓN (SIT OPTIBÚS) 3A. Y 4A. ETAPA. CORREDOR TRONC,Unitario,1,1,0,NULL,Obra,1,CAPTURADO 11/6/2015 ALMA,CONTRATADO,0
89,2015,86,AMPLIACIÓN DEL SISTEMA INTEGRADO DE TRANSPORTE DE LEÓN (SIT OPTIBÚS) 3A. Y 4A. ETAPA. CORREDOR TRON,Unitario,1,1,0,NULL,Obra,1,CAPTURADO 11/06/2015 ALMA,CONTRATADO,0
90,2015,90,AMPLIACIÓN DEL SISTEMA INTEGRADO DE TRANSPORTE DE LEÓN (SIT OPTIBÚS) 3A. Y 4A. ETAPA. CORREDOR TRONC,Unitario,1,1,0,NULL,Obra,1,CQAPTURADO 11/06/2015 ALMA,CONTRATADO,0
91,2015,64,AMPLIACIÓN DEL SISTEMA INTEGRADO DE TRANSPORTE DE LEÓN (SIT OPTIBÚS) 3A. Y 4A. ETAPA. CORREDOR TRONC,Unitario,1,1,0,NULL,Obra,1,CAPTURADO 11/06/2015 ALMA,CONTRATADO,0
92,2015,77,AMPLIACIÓN DEL SISTEMA INTEGRADO DE TRANSPORTE DE LEÓN (SIT OPTIBÚS) 3A. Y 4A. ETAPA. CORREDOR TRONC,Unitario,1,1,0,NULL,Obra,1,CAPTURADO 11/06/2015 ALMA,CONTRATADO,0
93,2015,78,AMPLIACIÓN DEL SISTEMA INTEGRADO DE TRANSPORTE DE LEÓN (SIT OPTIBÚS) 3A. Y 4A. ETAPA. CORREDOR TRONC,Unitario,1,1,0,NULL,Obra,1,CAPTURADO 11/06/2015 ALMA,CONTRATADO,0
94,2015,79,AMPLIACION DEL SISTEMA INTEGRADO DE TRANSPORTE LEÓN (SIT OPTIBÚS) 3A. Y 4A. ETAPA. CORREDOR ECHEVEST,Unitario,1,1,0,NULL,Obra,1,"CAPTURADO 11/06/2015 ALMA ENTREGA DEL ÁREA DE CONVENIOS EL 27/JUN/2017 CONTRATO DE BANOBRAS, SE TRAMITA EL COPIAS Y ORIGINALES EL ANTICIPO PERO SE TRAMITA EN EL ÁREA DE CONVENIOS; SE CAPTURA EL CONTRATO DE REDUCCIÓN DE METAS DE ÉSTE CONTRATO Y SE AMPLÍAN AL CONTRATO DE ALTA ARQ. 0064/2015 ($5,849,355.77) 29/JUN/2017 XOCH SE CANCELA CONT AMPL MONTO $1,166,772.66 Y DEL CONTRATO INICIAL $4,682583.11 QUEDANDO DE MONTO INCIAL $16,912508.05",CONTRATADO,0
95,2015,97,PAVIMENTACION DE LA CALLE MADRE ELVIRA TRAMO: BLVD. ATOTONILCO A MADRE SIERRA COL. DIEZ DE MAYO,Unitario,1,1,0,NULL,Obra,1,CAPTURADO 16/06/2015 ALMA,CONTRATADO,0
96,2015,98,ELABORACIÓN DE PRESUPUESTOS BASE PARA LICITACIONES,Unitario,1,1,0,NULL,Obra,1,CAPTURADO 16/06/2015 ALMA,CONTRATADO,0
97,2015,99,TRABAJOS COMPLEMENTARIOS AL PROYECTO EJECUTIVO PARQUE LINEAL SARDANETA TRAMO: DE IBARRILLA A PRESA D,Unitario,1,1,0,NULL,Obra,1,CAPTURADO 16/06/2015 ALMA,CONTRATADO,0
98,2015,101,PAVIMENTACION DE LA CALLE ZORRA TRAMO: BLVD. PASEO DE JEREZ A LAS LIEBRES COL. GRANJAS CERES,Unitario,1,1,0,NULL,Obra,1,CAPTURADO 16/06/2015 ALMA,CONTRATADO,0
99,2015,107,HABILITACIÓN Y EQUIPAMIENTO DE ESPACIOS PARA SALAS DE EXPOSICIONES EN CASA DE CULTURA,Unitario,1,1,0,NULL,Obra,1,CAPTURADO 02/07/2015 ALMA,CONTRATADO,0
100,2015,102,BARDA PERIMETRAL DEL PARQUE ZOOLÓGICO DE LEON AREA NORTE,Unitario,1,1,0,NULL,Obra,1,CAPTURADO 06/07/2015 ALMA,CONTRATADO,0
101,2015,108,REHABILITACION DEL PARQUE JUAREZ (COMPLEMENTOS DE ZONA NORTE) TRAMO: BLVD. TIMOTEO LOZANO A HONDA DE,Unitario,1,1,0,NULL,Obra,1,CAPTURADO 07/07/2015 ALMA,CONTRATADO,0
102,2015,113,TOPOGRAFIA (PLANIMETRIA Y ALTIMETRIA) EN BLVD. HERMANOS ALDAMA AMBOS CUERPOS TRAMO: AV. POMPA A CENT,Unitario,1,1,0,NULL,Obra,1,CAPTURADO 07/07/2015 ALMA,CONTRATADO,0
103,2015,110,PAVIMENTACIÓN DE LA CALLE JOSÉ MA. ALCOCER TRAMO: BLVD. TELLEZ CRUCES - ANTONIO HERNÁNDEZ M. COL. LE,Unitario,1,1,0,NULL,Obra,1,CAPTURADO 09/07/2015 ALMA,CONTRATADO,0
104,2015,111,PAVIMENTACION DE LA CALLE BERNARDO DE MENESES TRAMO: PRIMER CABILDO - JUAN NUÑEZ DE SEDEÑA COL. AMPL,Unitario,1,1,0,NULL,Obra,1,CAPTURADO 09/07/2015 ALMA,CONTRATADO,0
105,2015,104,"MOVIMIENTO, MANEJO Y MANTENIMIENTO DE FLORA PARA EL SISTEMA INTEGRADO DE TRANSPORTE 3RA. Y 4TA. ETAP",Unitario,1,1,0,NULL,Obra,1,CAPTURADO 09/07/2015 ALMA,CONTRATOS,0
106,2015,109,PAVIMENTACION DE LA CALLE LABORES TRAMO: ESTAMBUL - HUASTECA COL. UYEPAC,Unitario,1,1,0,NULL,Obra,1,CAPTURADO 09/07/2015 ALMA,CONTRATADO,0
107,2015,106,PROYECTO EJECUTIVO DE LA INTERSECCIÓN DEL BLVD. DELTA CON BLVD. AEROPUERTO,Unitario,1,1,0,NULL,Obra,1,CAPTURADO 09/07/2015 ALMA,CONTRATADO,0
108,2015,100,REVESTIMIENTO DE CAMINO EN LA COMUNIDAD DE OJO DE AGUA LOS REYES,Unitario,1,1,0,NULL,Obra,1,CAPTURADO 14/07/2015 ALMA,CONTRATADO,0
109,2015,103,PAVIMENTACIÓN DE LA CALLE SAN JOSÉ MAIPO TRAMO: SAN JOSÉ DE ITURBIDE A SAN JOSÉ DEL REFUGIO COL. REF,Unitario,1,1,0,NULL,Obra,1,CAPTURADO 16/07/2015 ALMA,CONTRATADO,0
110,2015,117,PROYECTO EJECUTIVO DEL CORREDOR MIGUEL ALEMAN TRAMO: BLVD. ADOLFO LOPEZ MATEOS A MONUMENTO A LA MADR,Unitario,1,1,0,NULL,Obra,1,CAPTURADO 27/07/2015 ALMA,CONTRATADO,0
111,2015,119,PAVIMENTACION DE LA CALLE CAÑADA DE LA CRUZ TRAMO: CAÑADA DE LOS REYES A CAÑADA DE ALFARO COL. CAÑAD,Unitario,1,1,0,NULL,Obra,1,CAPTURADO 28/07/2015 ALMA,CONTRATADO,0
112,2015,120,PAVIMENTACION DE LA CALLE ANDÚJAR TRAMO: TACANA - IZTACCIHUATL COL. PILETAS III SECC.,Unitario,1,1,0,NULL,Obra,1,CAPTURADO 31/07/2015 ALMA,CONTRATADO,0
113,2015,121,PAVIMENTACIÓN DE LA CALLE FAJARDO TRAMO: CALLE GAMBOA A CALLE COFRADIA FRACC. EL PALOTE,Unitario,1,1,0,NULL,Obra,1,CAPTURADO 05/08/15 ALMA,CONTRATADO,0
114,2015,118,PAVIMENTACIÓN DE LA CALLE ÉTER TRAMO: EROS - ARES COL. LA ERMITA,Unitario,1,1,0,NULL,Obra,1,CAPTURADO 07/08/2015 ALMA,CONTRATADO,0
115,2015,127,PAVIMENTACION DE LA CALLE CERRO DEL SOYATE TRAMO: BLVD. RIO MAYO A MADRE MAURA COL. POPULAR POLANCO,Unitario,1,1,0,NULL,Obra,1,CA0PTURADO 07/08/15 ALMA,CONTRATADO,0
116,2015,125,PAVIMENTACIÓN DE LA CALLE TACANA TRAMO: TOLEDO - BLVD. BILBAO COL. PILETAS III SECCIÓN,Unitario,1,1,0,NULL,Obra,1,CAPTURADO 07/18/15 ALMA,CONTRATADO,0
117,2015,126,PAVIMENTACION DE LA CALLE IZTACCIHUATL TRAMO: OVIEDO A ASTURIAS COL. PILETAS I Y II SECCIÓN.,Unitario,1,1,0,NULL,Obra,1,CAPTURADO 10/08/15 ALMA,CONTRATADO,0
118,2015,132,DEMOLICIÓN Y REMODELACIÓN DE LAS INSTALACIONES DE RASTRO MUNICIPAL DE AVES,Unitario,1,1,0,NULL,Obra,1,CAPTURADO 10/08/15 ALMA,CONTRATADO,0
119,2015,122,PAVIMENTACION DE LA CALLE PERCHERON TRAMO: POTRILLO - PONY COL. TIRITAS I Y II SECCION,Unitario,1,1,0,NULL,Obra,1,CAPTURADO 11/08/2015 ALMA,CONTRATADO,0
120,2015,105,DRENAJE PLUVIAL PROVISIONAL PARA LA SECUNDARIA ANEXA A LA NORMAL,Unitario,1,1,0,NULL,Obra,1,CAPTURADO 11/08/2015 ALMA,CONTRATADO,0
121,2015,129,PAVIMENTACION DE LA CALLE CERRO DE LA BUFA TRAMO: CERRO DE SAN MIGUEL A CERRO DE SANGANGUEY COL. CER,Unitario,1,1,0,NULL,Obra,1,CAPTURADO 11/08/2015 ALMA,CONTRATADO,0
122,2015,124,PAVIMENTACION DE LA CALLE SELVA TROPICAL TRAMO: SELVA LIRIÓN - CANAL DE SARDANETA COL. LA SELVA,Unitario,1,1,0,NULL,Obra,1,CAPTURADO 11/08/15 ALMA,CONTRATADO,0
123,2015,123,PROYECTO EJECUTIVO PLAZA DE GALLOS (1RA. ETAPA REHABILITACIÓN DEL REDONDEL),Unitario,1,1,0,NULL,Obra,1,CAPTURADO 11/08/2015 ALMA,CONTRATADO,0
124,2015,112,PLAZA COMUNITARIA VILLA DE LAS FLORES,Unitario,1,1,0,NULL,Obra,1,CAPTURADO  11/08/15 ALMA,CONTRATADO,0
125,2015,115,"PAVIMENTACIÓN DE LA CALLE HÉROES DE LA INDEPENDENCIA, TRAMO: NOSTALGIA A  AÑORANZA COL. SAN PEDRO DE",Unitario,1,1,0,NULL,Obra,1,CAPTURADO 11/08/2015 ALMA,CONTRATADO,0
126,2015,130,INFRAESTRUCTURA MUNICIPAL EN LEÓN (REMODELACIÓN DE 2 CANCHAS DE VOLIBOL DE PRACTICAS EN LA UNIDAD DE,Unitario,1,1,0,NULL,Obra,1,CAPTURADO 11/08/2015 ALMA,CONTRATADO,0
127,2015,147,PAVIMENTACION DE LA CALLE: JEREZ DE VALAQUIA TRAMO: JEREZ DE GUADALUPE - JEREZ DE GUADALQUIVIR COL.,Unitario,1,1,0,NULL,Obra,1,CAPTURADO 11/08/15 ALMA,CONTRATADO,0
128,2015,143,PAVIMENTACIÓN DE LA CALLE CAÑADA DE LOS PROFETAS TRAMO: CAÑADA DE ALFARO - CAÑADA DE LOS APOSTOLES C,Unitario,1,1,0,NULL,Obra,1,CAPTURADO 11/08/2015 ALMA,CONTRATADO,0
129,2015,133,PAVIMENTACIÓN DE LA CALLE TARSO TRAMO: HEBREOS - FILIPENSES COL. SAN PABLO,Unitario,1,1,0,NULL,Obra,1,CAPTURADO 12/08/2015 ALMA    ,CONTRATADO,0
130,2015,128,"PAVIMENTACION DE LA CALLE MADRE CARMEN, TRAMO: BLVD. ATOTONILCO A TOPAR OTE, COL. 10 DE MAYO",Unitario,1,1,0,NULL,Obra,1,CAPTURADO 13/08/2015 ALMA,CONTRATADO,0
131,2015,139,"PAVIMENTACION DE LA CALLE TABACHIN, TRAMO: MAGNOLIA A ARAUCARIA, COLONIA ARBOLEDAS DE INFONAVIT",Unitario,1,1,0,NULL,Obra,1,CAPTURADO 17/08/2015 ALMA,CONTRATADO,0
132,2015,151,PAVIMENTACIÓN DE LA CALLE: ALAMEDA TRAMO: TORITOS - RIVERA AZUL COL. VALLE HERMOSO,Unitario,1,1,0,NULL,Obra,1,CAPTURADO 17/08/2015 ALMA,CONTRATADO,0
133,2015,153,ADECUACIÓN DE ACCESO EN LA CALLE LAURELES DE LA FLORIDA FRENTE A NÚMERO 100,Unitario,1,1,0,NULL,Obra,1,CAPTURADO 17/08/2015 ALMA,CONTRATADO,0
134,2015,145,ADECUACION DE PROYECTO EJECUTIVO DEL PUENTE PEATONAL EN EL BLVD. MORELOS Y CRUCE FRENTE AL INSTITUTO,Unitario,1,1,0,NULL,Obra,1,CAPTURADO 18/08/2015 ALMA,CONTRATADO,0
135,2015,146,PAVIMENTACION DE LA CALLE DEL CLERIGO TRAMO: DE CUENCA FLORIDA - TOPAR,Unitario,1,1,0,NULL,Obra,1,CAPTURADO 18/08/2015 ALMA,CONTRATADO,0
136,2015,138,"PAVIMENTACION DE LA CALLE CAMPO ESCONDIDO TRAMO: RIO DE LOS CASTILLOS A DEL SOLAR, COL. VALLE HERMOS",Unitario,1,1,0,NULL,Obra,1,CAPTURADO 18/08/2015 ALMA,CONTRATADO,0
137,2015,114,PROYECTO EJECUTIVO DE LA CALLE: 1. MELANCOLIA TRAMO: DE PROLONGACIÓN GUADALUPE A NOSTALGIA COL. SAN,Unitario,1,1,0,NULL,Obra,1,CAPTURADO 18/08/2015 ALMA,CONTRATADO,0
138,2015,152,PAVIMENTACION DE LA CALLE AGUA AZUL TRAMO: TORITOS - RIVERA AZUL COL. VALLE HERMOSO,Unitario,1,1,0,NULL,Obra,1,CAPTURADO 18/08/2015 ALMA,CONTRATADO,0
139,2015,150,"PAVIMENTACION DE LA CALLE PERAL, TRAMO: DE GUTY CARDENAS A COCOTERO COLONIA ARBOLEDAS DE INFONAVIT",Unitario,1,1,0,NULL,Obra,1,CAPTURADO 18/08/2015 ALMA,CONTRATADO,0
140,2015,135,PROYECTO EJECUTIVO DE LA PAVIMENTACIÓN DE LAS CALLES: 1. SANTA FE TRAMO: BOSQUES CARIBEÑO - SANTA CR,Unitario,1,1,0,NULL,Obra,1,CAPTURADO 18/08/2015 ALMA  ,CONTRATADO,0
141,2015,136,PAVIMENTACIÓN DE LA CALLE ENGELS DEL BLVD. ARISTOTELES A FROMM COL. LA JOYA,Unitario,1,1,0,NULL,Obra,1,CAPTURADO 18/08/2015 ALMA,CONTRATADO,0
142,2015,96,PROYECTO EJECUTIVO PARA REPARACIÓN Y REFORZAMIENTO ESTRUCTURAL DE BODEGA EN LA DIRECCIÓN DE RECURSOS,Unitario,1,1,0,NULL,Obra,1,CAPTURADO 18/08/2015 ALMA,CONTRATADO,0
143,2015,142,"PAVIMENTACION DE LA CALLE REAL DE MINAS, TRAMO: DE LA CALLE REAL DE LA PLATA A TOPAR (FTE AL # 408)",Unitario,1,1,0,NULL,Obra,1,CAPTURADO 18/08/2015 ALMA,CONTRATADO,0
144,2015,141,PAVIMENTACION DE LA CALLE FREUD DE BLVD. ARISTOTELES A FROMM COLONIA LA JOYA,Unitario,1,1,0,NULL,Obra,1,CAPTURADO 18/08/2015 ALMA,CONTRATADO,0
145,2015,137,"PAVIMENTACIÓN PRIVADA CONCEPCIÓN, TRAMO: DE ESPAÑITA A TOPAR, COLONIA BARRIO DE GUADALUPE",Unitario,1,1,0,NULL,Obra,1,|CAPTURADO 18/08/2015 ALMA,CONTRATADO,0
146,2015,131,"PAVIMENTACIÓN DE LA CALLE FRESNO, TRAMO DE PALMERÍN A ENCINO COL. ARBOLEDAS INFONAVIT",Unitario,1,1,0,NULL,Obra,1,CAPTURADO 18/08/2015 ALMA,CONTRATADO,0
147,2015,154,PAVIMENTACION DE LA CALLE DE LA ALDEA (1/2 CUERPO) TRAMO: DEL PABELLON A AV. CRUCIFIXION COL. VILLAS,Unitario,1,1,0,NULL,Obra,1,CAPTURADO 19/08/2015 ALMA,CONTRATADO,0
148,2015,148,REMODELACIÓN DE 3 CANCHAS DE USOS MULTIPLES EN LA UNIDAD DEPORTIVA ANTONIO TOTA CARBAJAL COL. CIUDAD,Unitario,1,1,0,NULL,Obra,1,CAPTURADO 19/08/2015 ALMA,CONTRATADO,0
149,2015,140,PAVIMENTACIÓN DE LA CALLE VOLTAIRE DE BLVD. ARISTOTELES - FROMM COLONIA LA JOYA,Unitario,1,1,0,NULL,Obra,1,CAPTURADO 19/08/2015 ALMA,CONTRATADO,0
150,2015,134,PROYECTO EJECUTIVO DE LAS CALLES: 1. ARTEMISA TRAMO: EROS - PAVIMENTO EXISTENTE SUR COL. LA ERMITA 2,Unitario,1,1,0,NULL,Obra,1,CAPTURADO 19/08/2015 ALMA,CONTRATADO,0
151,2015,156,ESTUDIO DE MECANICA DE SUELOS Y GEOTECNICA PARA PROYECTON EJECUTIVO DE DISTRIBUIDOR VIAL EN EL LIBRA,Unitario,1,1,0,NULL,Obra,1,CAPTURADO 31/08/15 ALMA,CONTRATADO,0
152,2015,116,"PAVIMENTACIÓN DE LA CALLE PONTIFICIA, TRAMO: COLINDANCIA CON CALLE RIOJA HABICHUEAS, COL. SANTA CECI",Unitario,1,1,0,NULL,Obra,1,CAPTURADO 01/09/2015 ALMA,CONTRATADO,0
153,2015,157,"PAVIMENTACION DE LA CALLE SANTIDAD, TRAMO: DE RIO DE LOS CASTILLOS - CISMA COLONIA SANTA CECILIA",Unitario,1,1,0,NULL,Obra,1,CAPTURADO 02/09/2015 ALMA,CONTRATADO,0
154,2015,158,"PAVIMENTACIÓN DE LA CALLE SOJA, TRAMO: CUENCA FLORIDA - ALISO COLONIA VALLE HERMOSO 1A Y 2A SECCION",Unitario,1,1,0,NULL,Obra,1,CAPTURADO 02/09/2015 ALMA,CONTRATADO,0
155,2015,149,"PAVIMENTACIÓN DE LA CALLE POCHUTLA TRAMO: DE MARTINICA A MURCIA, COL. SAN JUAN BOSCO",Unitario,1,1,0,NULL,Obra,1,CAPTURADO 02/09/20156 ALMA,CONTRATADO,0
156,2015,159,"PAVIMENTACION DE LA CALLE EGIPTO TRAMO: AV. SION A TIBERIADES, COL. SAN FELIPE DE JESUS",Unitario,1,1,0,NULL,Obra,1,CAPTURADO 02/09/2015 ALMA,CONTRATADO,0
157,2015,160,REHABILITACION DE LOS ADORNOS ALUSIVOS A LAS FIESTAS PATRIAS Y NAVIDEÑAS,Unitario,1,1,0,NULL,Obra,1,CAPTURADO 02/09/2015 ALMA,CONTRATADO,0
158,2015,155,PROYECTO EJECUTIVO DE LAS CALLES: 1. SAMUEL TRAMO: SAN BENIGNO - SAN LAZARO COL. NUEVA SANTA ROSA DE,Unitario,1,1,0,NULL,Obra,1,CAPTURADO 02/09/2015 ALMA,CONTRATADO,0
159,2015,162,PAVIMENTACIÓN DE LA CALLE JEREZ DE BERNA TRAMO: JEREZ DE MENORCA A JEREZ DE BESAYA COL. VALLE DE JER,Unitario,1,1,0,NULL,Obra,1,CAPTURADO 02/09/2015 ALMA,CONTRATADO,0
160,2015,165,BARRERAS DE CONTENCIÓN TIPO NEW JERSEY EN DISTRIBUIDOR VIAL BENITO JUAREZ  Y MALECON DEL RIO,Unitario,1,1,0,NULL,Obra,1,CAPTURADO 03/09/2015 ALMA,CONTRATADO,0
161,2015,161,PROYECTO EJECUTIVO DE LAS CALLES: 1. JOAN MIRO TRAMO: IGNACIO PINAZO - EDUARDO ROSALES COL. MARAVILL,Unitario,1,1,0,NULL,Obra,1,CAPTURADO 03/09/2015 ALMA,CONTRATADO,0
162,2015,163,REHABILITACIÓN DE MODULO SANITARIO EN ESCUEL PRIMARIA PLUTARCO ELIAS CALLES UBICACIÓN CALLE NICOLAS,Unitario,1,1,0,NULL,Obra,1,CAPTURADO 03/09/2015 ALMA,CONTRATADO,0
163,2015,164,CONSTRUCCION DE UN AULA TIPO U2C PLANTA ALTA SEC. GRAL # 17 SOR JUANA INES DE LA CRUZ,Unitario,1,1,0,NULL,Obra,1,CAPTURADO 23/09/2015 ALMA,CONTRATADO,0
164,2015,177,PAVIMENTACION DE LA CALLE 1ER JEREZ DE AMBERES TRAMO: DELTA A JEREZ DE ANTAÑO COL. VALLE DE JEREZ II,Unitario,1,1,0,NULL,Obra,1,CAPTURADO 10/09/2015 ALMA,CONTRATADO,0
165,2015,176,PAVIMENTACIÓN DE LA CALLE AGUILA IMPERIAL TRAMO DE CALLE AGUILA BLANCA A CALLE AGUILA REAL COL. LAS,Unitario,1,1,0,NULL,Obra,1,CAPTURADO 10/09/2015 ALMA,CONTRATADO,0
166,2015,171,PAVIMENTACIÓN DE LA CALLE ANTERA TRAMO: ESTAMBRE - MADRE MARINA COL. ARBOLEDAS DE SAN HILARION,Unitario,1,1,0,NULL,Obra,1,CAPTURADO 22/09/2015 ALMA,CONTRATADO,0
167,2015,166,PAVIMENTACION DE LA CALLE MADRE KARLA TRAMO: MADRE SIERRA A TOPAR LADO ORIENTE COLONIA DIEZ DE MAYO,Unitario,1,1,0,NULL,Obra,1,/CAPTURADO 23/09/2015 ALMA,CONTRATADO,0
168,2015,189,PROYECTO EJECUTIVO DE LA CALLE: 1. FILEMON TRAMO: PRESA LA MOJINA - EFESO COL. SAN PABLO,Unitario,1,1,0,NULL,Obra,1,CAPTURADO 23/09/2015 ALMA,CONTRATADO,0
169,2015,192,"EL PROYECTO PROGRAMA DE MANEJO DE ARBOLADO Y REFORESTACIÓN, DERIVADO DE LA AUTORIZACIÓN DE IMPACTO A",Unitario,1,1,0,NULL,Obra,1,CAPTURADO 23/09/2015 ALMA,CONTRATADO,0
170,2015,144,RETIRO DE ARBOLES PARA LA CONSTRUCCIÓN PROVISIONAL DE CARRIL LATERAL DEL BLVD. MORELOS TRAMO: BLVD.,Unitario,1,1,0,NULL,Obra,1,CAPTURADO 23/09/2015 ALMA,CONTRATADO,0
171,2015,191,"ESTUDIO DE MECANICA DE SUELOS EN DIFERENTES ESCUELAS DE LA CIUDAD DE LEON, GTO. 1. ESCUELA TELESECUN",Unitario,1,1,0,NULL,Obra,1,CAPTURADO 23/09/2015 ALMA,CONTRATADO,0
172,2015,183,EQUIPAMIENTO DEL PARQUE CÁRCAMOS UBICADO EN EL BLVD. LÓPEZ MATEOS Y MORELOS COL. HACIENDA DEL CAMPES,Unitario,1,1,0,NULL,Obra,1,CAPTURADO 23/09/2015 ALMA,CONTRATOS,0
173,2015,184,REHABILITACIÓN Y ACONDICIONAMIENTO DEL AREA NATURAL PROTEGIDA CAÑADA ARROYO HONDO,Unitario,1,1,0,NULL,Obra,1,CAPTURADO 23/09/2015 ALMA,CONTRATADO,0
174,2015,169,PAVIMENTACIÓN CALLE MADRE MAURA TRAMO: MADRE MARINA A CERRO DEL SOYATE COL. LA GLORIA,Unitario,1,1,0,NULL,Obra,1,CAPTURADO 23/9/2015 ALMA,CONTRATADO,0
175,2015,174,REHABILITACIÓN DEL PARQUE PÚBLICO EL ROSARIO,Unitario,1,1,0,NULL,Obra,1,CAPTURADO 24/09/2015 ALMA,CONTRATADO,0
176,2015,167,PAVIMENTACIÓN DE LA CALLE JEREZ DE MIÑO TRAMO: BLVD. DELTA - VALLE DE SANTIAGO COL. JESUS MARIA Y VA,Unitario,1,1,0,NULL,Obra,1,CAPTURADO 24/09/2015 ALMA,CONTRATADO,0
177,2015,168,PAVIMENTACION CALLE CAÑADA DE LOS SANTOS TRAMO: DE CAÑADA DE LOS PROFETAS A CAÑADA DE CRISTO COLONIA,Unitario,1,1,0,NULL,Obra,1,CAPTURADO 24/09/2015 ALMA,CONTRATADO,0
178,2015,170,"PAVIMENTACIÓN DE LA CALLE MADRE ANGELA, TRAMO: ORIENTE - PONIENTE COL. 10 DE MAYO",Unitario,1,1,0,NULL,Obra,1,CAPTURADO 24/09/2015 ALMA,CONTRATADO,0
179,2015,173,"PAVIMENTACION CALLE SEPALO, TRAMO: ESTAMBRE - MADRE MARINA COLONIA ARBOLEDAS DE SAN HILARION.",Unitario,1,1,0,NULL,Obra,1,CAPTURADO 24/09/2015 ALMA,CONTRATADO,0
180,2015,186,REMODELACION DE 5 CANCHAS DE BASQUETBOL DE PRACTICAS EN LA UNIDAD DEPORTIVA JESÚS RODRIGUEZ GAONA CO,Unitario,1,1,0,NULL,Obra,1,CSAPTURADO 24/09/2015 ALMA,CONTRATADO,0
181,2015,178,PAVIMENTACIÓIN DE LA CALLE CAMPO ESTRELLADO TRAMO: CAMPO ESCONDIDO - CAMPO ALEGRE COL. VALLE HERMOSO,Unitario,1,1,0,NULL,Obra,1,CAPTURADO 24/09/2015 ALMA,CONTRATADO,0
182,2015,188,PROYECTO EJECUTIVO DE LA CALLE: 1. JOSE MARIA TORNEL TRAMO: JOSE MARIA BRITO - IGNACIO AGUIRRE COL.,Unitario,1,1,0,NULL,Obra,1,CAPTURADO 24/09/2015 ALMA,CONTRATADO,0
183,2015,187,PROYECTO EJECUTIVO DE LA PAVIMENTACIÓN DE LAS CALLES: 1. TARSO TRAMO: CORINTOS - FILIPENSES COL. SAN,Unitario,1,1,0,NULL,Obra,1,CAPTURADO 25/09/2015 ALMA,CONTRATADO,0
184,2015,182,ANTEPROYECTO DE REHABILITACION DE LAS OFICINAS DE TRANSITO Y  EDUCACIÓN VIAL UBICADO EN CARRETERA LE,Unitario,1,1,0,NULL,Obra,1,CAPTURADO 182/2015 ALMA,CONTRATADO,0
185,2015,172,"PAVIMENTACIÓN DE LA CALLE ESTIGMA, TRAMO: MADRE MARINA A CALLE ESTAMBRE COLONIA ARBOLEDAS DE SAN HIL",Unitario,1,1,0,NULL,Obra,1,CAPTURADO 25/09/2015 ALMA,CONTRATADO,0
186,2015,179,PAVIMENTACIÓN DE LA CALLE CAMINO VERDE TRAMO: TORITOS A RIVERA AZUL COL. VALLE HERMOSO,Unitario,1,1,0,NULL,Obra,1,CAPTURADO 25/09/2015 ALMA,CONTRATADO,0
187,2015,180,SEGUNDA ETAPA DE TRABAJOS PRELIMINARES PARA PLAZA DEL MUSICO,Unitario,1,1,0,NULL,Obra,1,CAPTURADO 25/09/2015 ALMA,CONTRATADO,0
188,2015,175,CONSTRUCCION Y EQUIPAMIENTO EN PARQUE VILLA DE LAS TORRES,Unitario,1,1,0,NULL,Obra,1,CAPTURADO 25/09/2015 ALMA,CONTRATADO,0
189,2015,181,PROYECTO EJECUTIVO DE LA PAVIMENTACIÓN DE LAS CALLES: 1. SANTA ROCIO TRAMO: SANTA ALEJANDRA - SANTA,Unitario,1,1,0,NULL,Obra,1,CAPTURADO 25/09/2015 ALMA,CONTRATADO,0
190,2015,190,REUBICACIÓN Y CANALIZACIÓN DE DUCTOS DE INSTALACIONES DE INFRAESTRUCTURA DE LINEA TELEFONICA,Unitario,1,1,0,NULL,Obra,1,CAPTURADO 13/10/2015 ALMA,CONTRATADO,0
191,2015,195,"PAVIMENTACION DE LA CALLE PRESA CORRALEJO, TRAMO: BLVD. PASEO DE LA PRESA A PRESA ALAZANAS, COL. RIV",Unitario,1,1,0,NULL,Obra,1,CAPTURADO 15/10/2015 ALMA,CONTRATADO,0
192,2015,202,PAVIMENTACIÓN DE LA CALLE PLAN DE GUADALUPE TRAMO: BLVD. MIGUEL DE CERVANTES SAAVEDRA A ANDADOR SIN,Unitario,1,1,0,NULL,Obra,1,CAPTURADO 16/10/2015 ALMA,CONTRATADO,0
193,2015,218,PAVIMENTACIÓN DEL ANDADOR NPRIMAVERA TRAMO: AV. LA PISCINA A PAVIMENTO EXISTENTE COL. LOS OLIVOS,Unitario,1,1,0,NULL,Obra,1,CAPTURADO 20/10/2015 ALMA,CONTRATADO,0
194,2015,217,CONSTRUCCIÓN DE 1 AULA AISLADA EN SISTEMA TRADICIONAL (6.0X8.0 MTS) CON CIMENTACIÓN DE CONCRETO ARMA,Unitario,1,1,0,NULL,Obra,1,CAPTURADO 20/10/2015 ALMA,CONTRATADO,0
195,2015,222,PAVIMENTACIÓN DE LA CALLE ENRIQUE LOPEZ JASSO (1/2 CUERPO) TRAMO: JOSEFINA CAMARENA - CEFERINO ORTIZ,Unitario,1,1,0,NULL,Obra,1,CAPTURADO 20/10/2015 ALMA,CONTRATADO,0
196,2015,221,"PROYECTO EJECUTIVO PARQUES URBANOS ""SIT"" EN LA COL. LEON I, UBICADO EN LA ESQUINA DE LAS CALLES ANGE",Unitario,1,1,0,NULL,Obra,1,CAPTURADO 20/10/2015 ALMA,CONTRATADO,0
197,2015,220,"PROYECTO EJECUTIVO PARQUES URBANOS ""SIT"" EN LA COLONIA VALLE DEL SOL, EN LA ESQUINA DE LAS CALLES SO",Unitario,1,1,0,NULL,Obra,1,CAPTURADO 20/10/2015 ALMA,CONTRATADO,0
198,2015,213,VEGETACIÓN DE CAMELLON EN EL BLVD. LOPEZ MATEOS TRAMO: MERIDA A MALECON DEL RIO,Unitario,1,1,0,NULL,Obra,1,CAPTURADO 20/10/2015 ALMA,CONTRATADO,0
199,2015,223,ESTABILIZACIÓN DE MURO Y REPOSICIÓN DE BARANDAL EN MALECON DEL RIO DE LOS GOMEZ,Unitario,1,1,0,NULL,Obra,1,CAPTURADO 21/10/2015 ALMA,CONTRATADO,0
200,2015,224,PROPUESTA DE TRAZO DE ENTRONQUE DE AUTOPISTA LEON - SALAMANCA CON BLVD. DELTA EN LA INTERSECCION DEL,Unitario,1,1,0,NULL,Obra,1,CAPTURADO 22/10/2015 ALMA,CONTRATADO,0
201,2015,216,"PROYECTO EJECUTIVO ""PARQUE SIT LA OLLA"" COMO PARTE DEL RESOLUTIVO DEL CORREDOR TRONCAL DE TRANSPORTE",Unitario,1,1,0,NULL,Obra,1,CAPTURADO 22/10/2015 ALMA,CONTRATADO,0
202,2015,219,"SUMINISTRO Y COLOCACION DE TECHO FIRME URBANO DE LAS COL. EL PEÑON, COL. PILETAS, COL. SANTA MARIA",Unitario,1,1,0,NULL,Obra,1,CAPTURADO 22/10/2015 ALMA,CONTRATADO,0
203,2015,204,ADECUACIÓN DEL PROYECTO EJECUTIVO DE LA INTERSECCIÓN A DESNIVEL DEL BLVD. HIDALGO Y ARROYO SARDANETA,Unitario,1,1,0,NULL,Obra,1,CAPTURADO 22/10/2015 ALMA,CONTRATADO,0
204,2015,208,PAVIMENTACION DE LA CALLE EPISTOLAS TRAMO: FILEMON - BLVD. ANTONIO MADRAZO COL. SAN PABLO,Unitario,1,1,0,NULL,Obra,1,CAPTURADO 22/10/2015 ALMA,CONTRATADO,0
205,2015,205,PAVIMENTACION DE LA CALLE JUAN SERRETA TRAMO: ROSA MARIA GUTIERREZ DEL CASTILLO COL. LAS HILAMAS,Unitario,1,1,0,NULL,Obra,1,CAPTURADO 23/10/2015 ALMA,CONTRATADO,0
206,2015,200,REHABILITACION DE PARQUE SAN FRANCISCO DEL MORAL,Unitario,1,1,0,NULL,Obra,1,CAPTURADO 23/10/2015 ALMA,CONTRATADO,0
207,2015,211,REHABILITACIÓN DE MODULOS SANITARIOS EN: ESCUELA TELESECUNARIA # 902 DOMICILIO CONOCIDO COM. SAN JUA,Unitario,1,1,0,NULL,Obra,1,CAPTURADO 23/10/2015 ALMA,CONTRATADO,0
208,2015,210,LA SUPERVISION DEL PROYECTO EJECUTIVO PLAZA DE GALLOS (1RA ETAPA REHABILITACION DEL REDOLDEL) CALLE,Unitario,1,1,0,NULL,Obra,1,CAPTURADO 23/10/2015 ALMA,CONTRATADO,0
209,2015,209,PROYECTO DE PUENTE PEATONAL Y CAMINO DE INCORPORACIÓN AL BLVD. LAS JOYAS TRAMO: INICIO DE GASA INCOR,Unitario,1,1,0,NULL,Obra,1,CAPTURADO 23/10/2015 ALMA,CONTRATADO,0
210,2015,214,CONSTRUCCION DE 1 AULA AISLADA Y 1 AULA ADOSADA EN SISTEMA TRADICIONAL (6.0X8.0 MTS) CON CIMENTACION,Unitario,1,1,0,NULL,Obra,1,CAPTURADO 23/10/2015 ALMA,CONTRATADO,0
211,2015,212,CONSTRUCCIÓN DE 1 AULA AISLADA SISTEMA TRADICIONAL (6.0X8.0 MTS) CON CIMENTACIÓN DE CONCRETO ARMADO,Unitario,1,1,0,NULL,Obra,1,CAPTURADO 23/10/2015 ALMA,CONTRATADO,0
212,2015,194,PROYECTO EJECUTIVO DE LA REHABILITACIÓN DE L HOTEL UBICADO EN LA CALLE JUAREZ # 316 PRIMERA ETAPA,Unitario,1,1,0,NULL,Obra,1,CAPTURADO 27/10/2015 ALMA,CONTRATADO,0
213,2015,203,PROYECTO EJECUTIVO DE LAS CALLES: 1. ANDADOR PERSIA TRAMO: EUFRATES - PALESTINA COL. SAN FELIPE DE J,Unitario,1,1,0,NULL,Obra,1,CAPTURADO 03/11/2015 ALMA,CONTRATADO,0
214,2015,201,ESTUDIOS DE INGENIERIA DE TRANSITO PARA EL CORREDOR DEL BLVD. JUAN ALONSO DE TORRES Y BLVD. CLOUTHIE,Unitario,1,1,0,NULL,Obra,1,CAPTURADO 10/11/2015 ALMA,CONTRATADO,0
215,2015,197,SUMINISTRO E INSTALACION DE 59 CALENTADORES SOLARES,Unitario,1,1,0,NULL,Obra,1,CAPTURADO 10/11/2015 ALMA,CONTRATADO,0
216,2015,207,EXTENSIÓN DE LINEA DE MEDIA TENSIÓN EN EL BLVD. CALIOPE PARA DAR SERVICIO ELECTRICO AL CECYTEG 17,Unitario,1,1,0,NULL,Obra,1,CAPTURADO 10/11/2015 ALMA,CONTRATADO,0
217,2015,193,SUMINISTRO Y COLOCACION DE CALENTADORES SOLARES EN LEÓN DE LOS ALDAMA,Unitario,1,1,0,NULL,Obra,1,CAPTURADO 11/11/2015 ALMA,CONTRATADO,0
218,2015,198,REHABILITACION E IMAGEN URBANA DE PARADERO SOLEDAD EN AV. MIGUEL ALEMAN TRAMO: C. ALVARO OBREGON A C,Unitario,1,1,0,NULL,Obra,1,CAPTURADO 11/11/2015 ALMA,CONTRATADO,0
219,2015,206,PAVIMENTACION DE LA CALLE MADRE BELEN TRAMO: ANDADOR MADRE PATRICIA - BLVD. TIMOTEO LOZANO COL. 10 D,Unitario,1,1,0,NULL,Obra,1,CAPTURADO 11/11/2015 ALMA,CONTRATADO,0
220,2015,215,REHABILITACIÓN DE MODULOS SANITARIOS EN: PRIMARIO JOSÉ MA. LICEAGA CALLE FELIPE MARTINEZ DE ZAVALA #,Unitario,1,1,0,NULL,Obra,1,CAPTURADO 12/11/2015 ALMA,CONTRATADO,0
221,2015,185,PAVIMENTACIÓN DE LA CALLE: TRONERAS TRAMO: CANAL DE SARDANETA A BARBACANA COL. EL CASTILLO,Unitario,1,1,0,NULL,Obra,1,CAPTURADO 13/11/2015 ALMA,CONTRATADO,0
222,2015,240,PROYECTO EJECUTIVO DE LA CALLE: 1. BALCONES DE LAS ABEJAS TRAMO: BALCONES DE LAS MARIPOSAS A TOPAR L,Unitario,1,1,0,NULL,Obra,1,CAPTURADO 19/11/2015 ALMA,CONTRATADO,0
223,2015,196,ESTUDIO DE IMPACTOS AMBIENTALES DE ACUERDO AL REGLAMENTO PARA GESTION AMBIENTAL EN EL MUNICIPIO DE L,Unitario,1,1,0,NULL,Obra,1,CAPTURADO 19/11/2015 ALMA,CONTRATADO,0
224,2015,226,PAVIMENTACIÓN DE LA CALLE MAZATLAN (AMPLIACIÓN),Unitario,1,1,0,NULL,Obra,1,CAPTURADO 19/11/2015 ALMA,CONTRATADO,0
225,2015,227,PAVIMENTACIÓN DE CONCRETO HIDRAULICO Y REHABILITACIÓN DE AGUA POTABLE Y DRENAJE SANITARIO DE LA CALL,Unitario,1,1,0,NULL,Obra,1,CAPTURADO 19/11/2015,CONTRATADO,0
226,2015,229,REHABILITACIÓN DE MÓDULOS SANITARIOS EN ESCUELA PRIMARIA IGNACIO RAMIREZ CALLE ELOISA JIMÉNEZ # 409,Unitario,1,1,0,NULL,Obra,1,CAPTURADO 20/11/2015 ALMA,CONTRATADO,0
227,2015,230,REHABILITACIÓN DE BAÑOS PRIMARIA JACOBO ROSSEAU CALLE BRAVOS DE ATLANTA # 404 COL. DEPORTIVA II; REH,Unitario,1,1,0,NULL,Obra,1,CAPTURADO 20/11/2015 ALMA,CONTRATADO,0
228,2015,231,REHABILITACION DE MÓDULO SANITARIO ESCUELA PRAXEDIS GUERRERO; REHABILITACION DE MÓDULO SANITARIO ESC,Unitario,1,1,0,NULL,Obra,1,CAPTURADO 22/11/2015 ALMA,CONTRATADO,0
229,2015,233,REHABILITACION DE MÓDULO SANITARIO EN TELESECUNDARIA # 583 CALLE FELIX ROMERO # 543 COL. PERIODISTAS,Unitario,1,1,0,NULL,Obra,1,CAPTURADO 22/11/2015 ALMA,CONTRATADO,0
230,2015,244,REHABILITACIÓN Y MEJORAMIENTO DE PARQUE MÉXICO,Unitario,1,1,0,NULL,Obra,1,CAPTURADO 22/11/2015 ALMA,CONTRATADO,0
231,2015,243,CONSTRUCCIÓN DE RECAMARA ADICIONAL PARA ZONA RURAL,Unitario,1,1,0,NULL,Obra,1,CAPTURADO 22/11/2015 ALMA,CONTRATADO,0
232,2015,236,"BACHEO SUPERFICIAL EN LA ZONA DEL POLIGONO III, DEFINIDO AL SUR DEL BLVD. ADOLFO LOPEZ MATEOS Y AL O",Unitario,1,1,0,NULL,Obra,1,CAPTURADO 22/11/2015 ALMA,CONTRATADO,0
233,2015,239,REHABILITACIÓN DE MURO DE CONTENCIÓN CON GAVIONES UBICADO EN EL RIO DE LOS GOMEZ ENTRE BLVD. TIMOTEO,Unitario,1,1,0,NULL,Obra,1,CAPTURADO 22/11/2015 ALMA,CONTRATADO,0
234,2015,245,"SUMINISTRO Y COLOCACIÓN DE CUARTO ADICIONAL URBANO DE LAS COLONIAS JARDINES DE LOMAS DE MEDINA, MEDI",Unitario,1,1,0,NULL,Obra,1,CAPTURADO 22/11/2015 ALMA,CONTRATADO,0
235,2015,199,PROYECTO EJECUTIVO DE LAS CALLES: 1. JEREZ DE LUCERNA TRAMO: JEREZ DE MENORCA - JEREZ DE BESAYA COL.,Unitario,1,1,0,NULL,Obra,1,CAPTURADO 22/11/2015 ALMA,CONTRATADO,0
236,2015,234,PAVIMENTACIÓN DE LA CALLE PRIVADA BURGOS TRAMO: MURCIA A FRENTE # 708 COL. SAN JUAN BOSCO,Unitario,1,1,0,NULL,Obra,1,CAPTURADO 22/11/2015 ALMA,CONTRATADO,0
237,2015,225,PAVIMENTACIÓN DE CONCRETO HIDRAULICO Y REHABILITACIÓN DE AGUA POTABLE Y DRENAJE SANITARIO DE LA CALL,Unitario,1,1,0,NULL,Obra,1,CAPTURADO 22/11/2015 ALMA,CONTRATADO,0
238,2015,228,REHABILITACIÓN DE MÓDULO SANITARIO EN EL JARDIN DE NIÑOS MIGUEL DE CERVANTES SAAVEDRA AV. AGRICULTOR,Unitario,1,1,0,NULL,Obra,1,CAPTURADO 22/11/2015 ALMA,CONTRATOS,0
239,2015,232,REHABILITACIÓN DE BAÑOS EN TELESECUNDARIA # 10 CALLE NICOLAS CALVO # 700 COL. PRESIDENTES DE MÉXICO;,Unitario,1,1,0,NULL,Obra,1,CAPTURADO 22/11/2015 ALMA,CONTRATADO,0
240,2015,241,CONSTRUCCIÓN DE LAS OBRAS COMPLEMENTARIAS DE PAVIMENTACIÓN Y ALUMBRADO DEL FRACCIONAMIENTO CIUDAD IN,Unitario,1,1,0,NULL,Obra,1,CAPTURADO 22/11/2015 ALMA,CONTRATADO,0
241,2015,238,"BACHEO SUPERFICIAL EN LA ZONA DEL POLIGONO II, DEFINIDO AL PONIENTE DEL BLVD. ADOLFO LOPEZ MATEOS Y",Unitario,1,1,0,NULL,Obra,1,CAPTURADO 23/11/2015 ALMA,CONTRATADO,0
242,2015,247,TRABAJOS PROVISIONALES PARA EL MANTENIMIENTO DEL INMUEBLE UBICADO EN LA CALLE JUARÉZ # 316-318 CONOC,Unitario,1,1,0,NULL,Obra,1,CAPTURADO 23/11/2015 ALMA,CONTRATADO,0
243,2015,246,REHABILITACION DE LOS PAVIMENTOS DE LA CALLE POTRILLO TRAMO: PASEO DE LA PRESA A ARROYO BLANCO,Unitario,1,1,0,NULL,Obra,1,CAPTURADO 03/12/2015 ALMA,CONTRATADO,0
244,2015,249,PAVIMENTACION DE LA CALLE LUIS SUÁREZ ZAMBRANO TRAMO: BLVD. MARIANO ESCOBEDO A FRANCISCO MATHEY COL.,Unitario,1,1,0,NULL,Obra,1,CAPTURADO 03/12/2015 ALMA,CONTRATADO,0
245,2015,89,REVISIÓN A ESTIMACIONES Y TRABAJOS EJECUTADOS EN CAMPO EN LA OBRA: POAVIMENTACIÓN DEL BLVD. CALCOPIR,Unitario,1,1,0,NULL,Obra,1,CAPTURADO 04/12/2015 ALMA,CONTRATADO,0
246,2015,251,REUBICAR POSTE DE CONCRETO EN BLVD. MORELOS ESQ. PRIVADA GARDENIA Y SUBESTACIÓN PARA PANTALLA DE TRÁ,Unitario,1,1,0,NULL,Obra,1,CAPTURADO 06/12/2015 ALMA,CONTRATADO,0
247,2015,253,REHABILITACIÓN DE MÓDULO SANITARIO ESCUELA PRIMARIA JOSE ROSAS MORENO CALLE FRAY FELIPE S/N ANTES DE,Unitario,1,1,0,NULL,Obra,1,CAPTURADO 06/12/2015 ALMA,CONTRATADO,0
248,2015,248,OBRAS EXTRAS DE CCTV EN EL EDIFICIO CENTRAL DE POLICIA PONIENTE,Unitario,1,1,0,NULL,Obra,1,CAPTUTADO 06/12/2015 ALMA,CONTRATADO,0
249,2015,237,"BACHEO SUPERFICIAL EN LA ZONA DEL POLIGONO I, DEFINIDO AL NORTE Y ORIENTE DEL BLVD. ADOLFO LOPEZ MAT",Unitario,1,1,0,NULL,Obra,1,CAPTURADO 06/12/2015 ALMA,CONTRATADO,0
250,2015,242,RETIRO DE GRAFITIS EN PUENTE DEL BLVD. MORELOS VS. MADRAZO Y EN ZONA DE LAS JOYAS,Unitario,1,1,0,NULL,Obra,1,CAPTURADO 06/12/2015 ALMA,CONTRATADO,0
251,2015,7415,AMPLIACIÓN DEL SISTEMA INTEGRADO DE TRANSPORTE DE LEON (SIT OPTIBÚS) 3A. Y 4A. ETAPA CORREDOR TRONCA,Unitario,1,1,0,NULL,Obra,1,CAPTURADO 06/12/2015 ALMA,CONTRATADO,0
252,2015,8815,PAVIMENTACIÓN DE LA CALLE BONIFACIO COLLAZO TRAMO: JULIAN CARRILLO - CRISTINA ORTEGA COL. CASA BLANC,Unitario,1,1,0,NULL,Obra,1,CAPTURADO 06/12/2015 ALMA,CONTRATADO,0
253,2015,256,REHABILITACIÓN DE MODULO SANITARIO EN TELESECUNDARIA # 38 SANTA ANA DEL CONDE,Unitario,1,1,0,NULL,Obra,1,CAPTURADO 08/12/2015 ALMA,CONTRATADO,0
254,2015,258,CONSTRUCCION DE CENTRO INTEGRAL  DE PREVENCION SOCIAL (SAN PEDRO) FRACCIONAMIENTO RESIDENCIAL SAN PE,Unitario,1,1,0,NULL,Obra,1,CAPTURADO 09/12/2015 ALMA,CONTRATADO,0
255,2015,259,"CONSTRUCCION DE CENTRO INTEGRAL DE PREVENCION SOCIAL (SANTA CECILIA) FRACCIONAMIENTO SANTA CECILIA,",Unitario,1,1,0,NULL,Obra,1,CAPTURADO 09/12/2015 ALMA,CONTRATADO,0
256,2015,250,COMEDOR COMUNITARIO DIF LAS JOYAS,Unitario,1,1,0,NULL,Obra,1,CAPTURADO 18/12/2015 ALMA,CONTRATADO,0
257,2015,252,REHABILITACIÓN DE COMEDOR COMUNITARIO DIF 10 DE MAYO,Unitario,1,1,0,NULL,Obra,1,CAPTURADO 18/12/2015 ALMA,CONTRATADO,0
258,2015,254,"PROYECTO EJECUTIVO PARQUES URBANOS ""SIT"" 1. EN CALLE MISIÓN DE LOS ARCOS Y OXIGENO COL. VALLE DE LAS",Unitario,1,1,0,NULL,Obra,1,CAPTURADO 18/12/2015 ALMA,CONTRATADO,0
259,2015,255,"PROYECTO EJECUTIVO PARQUES URBANOS 1. ""SIT"" FRACCIONAMIENTO DEL SOL, CALLE TOKYO-YOKOHAMA, EN LA COL",Unitario,1,1,0,NULL,Obra,1,CAPTURADO 18/12/2015 ALMA,CONTRATADO,0
260,2015,261,PROYECTO EJECUTIVO DE LA PAVIMENTACCIÓN DE LAS CALLES: MONTE ALEGRE TRAMO: TRES - CINCO Y CINCO - MA,Unitario,1,1,0,NULL,Obra,1,CAPTURADO 21/12/2015 ALMA,CONTRATADO,0
261,2015,262,"ESTUDIO DE MECÁNICA DE SUELOS EN DIFERENTES ESCUELAS DE LA CIUDAD DE LEÓN, GTO.",Unitario,1,1,0,NULL,Obra,1,CAPTURADO 04/01/2015 ALMA,CONTRATADO,0
262,2015,266,"REMODELACIÓN DE 4 CANCHAS DE BASQUETBOL DE PRÁCTICAS EN LA UNIDAD DEPORTIVA LUIS I RODRIGUEZ, COL. S",Unitario,1,1,0,NULL,Obra,1,CAPTURADO 04/01/2016 ALMA,CONTRATADO,0
263,2015,257,PROYECTO EJECUTIVO DE LA PAVIMENTACION DE LAS CALLES: MEDIAS BLANCAS TRAMO: NICOLAS CALVO A ATLETICO,Unitario,1,1,0,NULL,Obra,1,CAPTURADO 04/01/2016 ALMA,CONTRATADO,0
264,2015,286,REHABILITACIÓND DE CUARTEL DE POLICIA MONTADA 1ERA ETAPA BARDA PERIMETRAL IBARRILLA,Unitario,1,1,0,NULL,Obra,1,CAPTURADO 08/01/2016 ALMA,CONTRATADO,0
265,2015,264,LA SUPERVISION DEL PROYECTO EJECUTIVO PLAZA DE GALLOS (1RA ETAPA REHABILITACION DEL HOTEL) UBICACIÓN,Unitario,1,1,0,NULL,Obra,1,CAPTURADO 08/01/2016 ALMA,CONTRATADO,0
266,2015,297,REPARACIÓN Y LIMPIEZA DE KIOSKO UBICADO EN JARDIN DEL BARRIO ARRIBA,Unitario,1,1,0,NULL,Obra,1,CAPTURADO 10/01/2016 ALMA,CONTRATADO,0
267,2015,281,DIAGNÓSTICO CENSAL. CREACIÓN Y REPRESENTACIÓN DIGITAL DE LA INFRAESTRUCTURA DE ALUMBRADO PÚBLICO DEL,Unitario,1,1,0,NULL,Obra,1,CAPTURADO 10/01/2016 ALMA,CONTRATADO,0
268,2015,283,REHABILITACIÓN DE MURETES DE CONRENCIÓN EN MALECÓN DEL RÍO DE LOS GOMEZ,Unitario,1,1,0,NULL,Obra,1,CAPTURADO 10/01/2016 ALMA,CONTRATADO,0
269,2015,260,"REHABILITACIÓN DEL PATIO DE LA ESCUELA PRIMARIA URBANA NO. 62 ""GENERAL FRANCISCO VILLA"" DE LA COLONI",Unitario,1,1,0,NULL,Obra,1,CAPTURADO 10/01/2016 ALMA,CONTRATADO,0
270,2015,269,INFRAESTRUCTURA MUNICIPAL EN LEÓN (REMODELACIÓN DE DEPORTIVO VILLAS DE SAN JUAN II),Unitario,1,1,0,NULL,Obra,1,CAPTURADO 10/01/2016 ALMA,CONTRATADO,0
271,2015,267,REHABILITACIÓN DE ALUMBRADO PÚBLICO EN LA COMUNIDAD DE SAN JOSÉ DEL POTRERO,Unitario,1,1,0,NULL,Obra,1,CAPOTURADO 11/01/2016 ALMA,CONTRATADO,0
272,2015,270,INFRAESTRUCTURA MUNICIPAL EN LEÓN (REMODELACIÓN DE MINIDEPORTIVA SANTA ROSA DE LIMA); INFRAESTRUCTUR,Unitario,1,1,0,NULL,Obra,1,CAPTURADO 11/01/2016 ALMA,CONTRATADO,0
273,2015,272,PROYECTO EJECUTIVO DEL BLVD. SIGLO XXI (TAJO DE SANTA ANA) TRAMO: DE BLVD. AEROPUERTO A BLVD. VICENT,Unitario,1,1,0,NULL,Obra,1,CAPTURADO 11/01/2016 ALMA,CONTRATADO,0
274,2015,273,PROYECTO EJECUTIVO DEL BLVD. SIGLO XXI (TAJO DE SANTA ANA) TRAMO: DE BLVD. GUANAJUATO - JUAN ALONSO,Unitario,1,1,0,NULL,Obra,1,CAPTURADO 11/01/2016 ALMA,CONTRATADO,0
275,2015,277,"PAVIMENTACIÓN DE LA CALLE LOMAS DEL SOL TRAMO: LOMAS DE BUGAMBILIAS - ATITLAN, COL. LOMAS DE MEDINA",Unitario,1,1,0,NULL,Obra,1,CAPTURADO 11/01/2016 ALMA,CONTRATADO,0
276,2015,278,"PAVIMENTACION DE LA CALLE LOMAS DE LAS DALIAS, TRAMO: LOMAS DEL RIO (ANTES SAMALIA) A LOMAS DEL SOL.",Unitario,1,1,0,NULL,Obra,1,CAPTURADO 11/01/2016 ALM,CONTRATADO,0
277,2015,271,INFRAESTRUCTURA MUNICIPAL EN LEÓN (CONSTRUCCIÓN DE CANCHA DE USOS MULTIPLES EN LA COMUNIDAD DE IBARR,Unitario,1,1,0,NULL,Obra,1,CAPTURADO 12/01/2016 ALMA,CONTRATADO,0
278,2015,265,REMODELACION DE 3 CANCHAS DE VOLEIBOL EN LA UNIDAD DEPORTIVA JESÚS RODRIGUEZ GAONA COL. SANTA RITA D,Unitario,1,1,0,NULL,Obra,1,CAPTURADO 12/01/2016 ALMA,CONTRATADO,0
279,2015,293,REHABILITACIÓN DE ILUMINACIÓN ARQUITECTONICA EN EL EDIFICIO DE PALACIO MUNICIPAL,Unitario,1,1,0,NULL,Obra,1,CAPTURADO 12/01/2016 ALMA,CONTRATADO,0
280,2015,294,REHABILITACIÓN DE ILUMINACIÓN ARQUITECTONICA DE LA PARROQUIA DEL SAGRARIO,Unitario,1,1,0,NULL,Obra,1,CAPTURADO 12/01/2016 ALMA,CONTRATADO,0
281,2015,295,REHABILITACIÓN DE ALUMBRADO EN LA CALLE PEATONAL FRANCISCO I MADERO,Unitario,1,1,0,NULL,Obra,1,CAPTURADO 12/01/2016 ALMA,CONTRATADO,0
282,2015,274,COMEDOR COMUNITARIO DIF MORELOS UBICADO EN CALLE LUCIO CABAÑAS DE LA COL. MORELOS,Unitario,1,1,0,NULL,Obra,1,CAPTURADO 02/02/2016 ALMA,CONTRATADO,0
283,2015,285,"REHABILITACION DE PATIO CIVICO, DEMOLICION Y RECONSTRUCCIÓN EN LA ESCUELA TELESECUNDARIA NÚMERO 491",Unitario,1,1,0,NULL,Obra,1,CAPTURADO 02/02/2016 ALMA,CONTRATADO,0
284,2015,288,CONSTRUCCION DE 4 AULAS TIPO U2C CON MODULO DE ESCALERAS EN ESCUELA TELESECUNDARIA TÉCNICA # 58 UBIC,Unitario,1,1,0,NULL,Obra,1,CAPTURADO 02/02/2016 ALMA,CONTRATADO,0
285,2015,289,CONSTRUCCION DE 1 AULA AISLADA Y 2 ADOSADAS EN SISTEMA TRADICIONAL (6.00X8.00 MTS.) CON CIMENTACIÓN,Unitario,1,1,0,NULL,Obra,1,CAPTURADO 02/02/2016 ALMA,CONTRATADO,0
286,2015,279,"PAVIMENTACIÓN DE LA CALLE LOMAS DE LA HACIENDA, TRAMO: LOMAS DE LAS DALIAS A CALLE MESA DE LA VIRGEN",Unitario,1,1,0,NULL,Obra,1,CAPTURADO 02/02/2016 ALM,CONTRATADO,0
287,2015,287,INFRAESTRUCTURA DEL CENTRO COMUNITARIO SAN NICOLAS DE LOS GONZALEZ EN EL MUNICIPIO DE LEON (SEGUNDA,Unitario,1,1,0,NULL,Obra,1,CAPTURADO 02/02/2016 ALMA,CONTRATADO,0
288,2015,298,"REHABILITACIÓN, MANTENIMIENTO Y EQUIPAMIENTO DEL TEATRO MARÍA GREVER",Unitario,1,1,0,NULL,Obra,1,CAPTURADO 04/02/2016 ALMA,CONTRATOS,0
289,2015,280,"SUMINISTRO, COLOCACION Y MEJORAMIENTO DE INFRAESTRUCTURA DE ALUMBRADO PÚBLICO EN VARIAS COLONIAS DE",Unitario,1,1,0,NULL,Obra,1,CAPTURADO 04/02/2016 ALMA,CONTRATADO,0
290,2015,284,"REHABILITACIÓN DE LA PLAZA HOSPITAL GENERAL REGIONAL, UBICADA EN CALLE 20 DE ENERO ESQUINA 16 DE SEP",Unitario,1,1,0,NULL,Obra,1,CAPTURADO 04/02/2016 ALMA,CONTRATADO,0
291,2015,296,"PAVIMENTACIÓN DE LA CALLE PIRUL DE MEDINA, TRAMO: SALTILLO - SOLIDARIDAD COLONIA MEDINA",Unitario,1,1,0,NULL,Obra,1,CAPTURADO 05/02/2016 ALMA,CONTRATADO,0
292,2015,292,PROYECTO EJECUTIVO MICROESTACION TALABARTEROS TERCER ETAPA DEL SIT CORREDOR SAN GERONIMO ECHEVESTE,Unitario,1,1,0,NULL,Obra,1,CAPTURADO 05/02/2016 ALMA,CONTRATADO,0
293,2015,291,"PROYECTO EJECUTIVO PARA LA AREA NATURAL PROTEGIDA ""ARROYO HONDO"" ENTREN CAÑADA DE VENADEROS Y ARROYO",Unitario,1,1,0,NULL,Obra,1,CAPTURADO 08/02/2016 ALMA,CONTRATADO,0
294,2015,290,REHABILITACION DE MODULOS SANITARIOS EN EL JARDIN DE NIÑOS ANTON SEMIANOVICH MAKARENKO COL AMPLIACIO,Unitario,1,1,0,NULL,Obra,1,CAPTURADO 06/02/2016 ALMA,CONTRATADO,0
295,2015,282,"SUMINISTRO Y APLICACIÓN DE PINTURA EN PUENTES VEHICULARES BLVD. M. ESCOBEDO Y AV. MIGUEL ALEMAN, BLV",Unitario,1,1,0,NULL,Obra,1,CAPTURADO 08/02/2016 ALMA,CONTRATADO,0
296,2015,276,"PAVIMENTACION DE LA CALLE LOMAS DEL SOL TRAMO: LOMAS DE BUGAMBILIAS - LOMAS DE AGUA BRAVA, COL. LOMA",Unitario,1,1,0,NULL,Obra,1,CAPTURADO 08/02/2016 ALMA,CONTRATADO,0
297,2015,275,AMPLIACIÓN DEL SISTEMA INTEGRADO DE TRANSPORTE DE LEÓN (SIT OPTIBÚS) 3A. 4A. ETAPA. CORREDOR TRONCAL,Unitario,1,1,0,NULL,Obra,1,CAPTURADO 08/02/2016 ALMA,CONTRATADO,0
298,2015,268,INFRAESTRUCTURA MUNICIPAL EN LEÓN (REMODELACION DE MINIDEPORTIVA VALLE DE SEÑORA II); INFRAESTRUCTUR,Unitario,1,1,0,NULL,Obra,1,CAPTURADO 08/02/2016 ALMA,CONTRATADO,0
299,2015,263,PROYECTO: RECTIFICACIÓN DEL ARROYO ALFARO TRAMO: BLVD. LOPEZ MATEOS A BLVD. MARIANO ESCOBEDO COLONIA,Unitario,1,1,0,NULL,Obra,1,CAPTURADO 08/02/2016 ALMA,CONTRATADO,0
300,2015,26150,AMPLIACIÓN DEL SISTEMA INTEGRADO DE TRANSPORTE DE LEÓN (SIT OPTIBÚS) 3A. Y 4A. ETAPA. CORREDOR TRONC,Unitario,1,1,0,NULL,Obra,1,CAPTURADO 29/02/2016 ALMA,CONTRATADO,0
301,2015,28150,AMPLIACION DEL SISTEMA INTEGRADO DE TRANSPORTE DE LEÓN (SIT OPTIBÚS) 3A. Y 4A. ETAPA. CORREDOR TRONC,Unitario,1,1,0,NULL,Obra,1,CAPTURADO 29/02/2016 ALMA,CONTRATADO,0
302,2015,72150,AMPLIACIÓN DEL SISTEMA INTEGRADO DE TRANSPORTE DE LEÓN (SIT OPTIBÚS) 3A. Y 4A. ETAPA. CORREDOR TRONC,Unitario,1,1,0,NULL,Obra,1,CAPTURADO 01/03/2016 ALMA,CONTRATADO,0
303,2015,73150,AMPLIACIÓN DEL SISTEMA INTEGRADO DE TRANSPORTE DE LEÓN (SIT OPTIBÚS) 3A. Y 4A. ETAPA. CORREDOR TRONC,Unitario,1,1,0,NULL,Obra,1,CAPTURADO 13/05/2015 ALMA,CONTRATADO,0
304,2015,74150,AMPLIACIÓN DEL SISTEMA INTEGRADO DE TRANSPORTE DE LEÓN (SIT OPTIBÚS) 3A. Y 4A. ETAPA. CORREDOR TRONC,Unitario,1,1,0,NULL,Obra,1,CAPTURADO 01/03/2016 ALMA,CONTRATADO,0
305,2015,90150,AMPLIACIÓN DEL SISTEMA INTEGRADO DE TRANSPORTE DE LEÓN (SIT OPTIBÚS) 3A. Y 4A. ETAPA. CORREDOR TRONC,Unitario,1,1,0,NULL,Obra,1,CAPTURADO 01/03/2016 ALMA,CONTRATADO,0
306,2015,73161,AMPLIACIÓN DEL SISTEMA INTEGRADO DE TRANSPORTE DE LEON (SIT OPTIBUS) 3A Y 4A ETAPA (3RA ETAPA VIALID,Unitario,1,1,0,NULL,Obra,1,CAPTURADO 21/04/2016 ALMA,CONTRATADO,0
307,2015,71160,AMPLIACION DEL SISTEMA INTEGRADO DE TRANSPORTE DE LEÓN (SIT OPTIBÚS) 3A. Y 4A. ETAPA. CORREDOR TRONC,Unitario,1,1,0,NULL,Obra,1,CAPTURADO 21/04/2016 ALMA,CONTRATADO,0
308,2015,16916,PAVIMENTACIÓN CALLE MADRE MAURA TRAMO: MADRE MARINA A CERRO DEL SOYATE COL. LA GLORIA,Unitario,1,1,0,NULL,Obra,1,CAPTURADO 27/4/2016 ALMA,CONTRATADO,0
309,2015,90160,AMPLIACIÓN DEL SISTEMA INTEGRADO DE TRANSPORTE DE LEÓN (SIT OPTIBÚS) 3A. Y 4A. ETAPA. CORREDOR TRONC,Unitario,1,1,0,NULL,Obra,1,CQAPTURADO 05/05/2016 ALMA,CONTRATADO,0
310,2015,11216,PLAZA COMUNITARIA VILLA DE LAS FLORES,Unitario,1,1,0,NULL,Obra,1,12/07/2016  ADRIAN,CONTRATOS,0
311,2015,16090,AMPLIACION DEL SISTEMA INTEGRADO DE TRANSPORTE DE LEON (SIT OPTIBUS) 3A Y 4A ETAPA CORREDOR TRONCAL,Unitario,1,1,0,NULL,Obra,1,25/07/16  ADRIAN,CONTRATADO,0
312,2015,16074,AMPLIACION DEL SISTEMA INTEGRADO DE TRANSPORTE DE LEON (SIT OPTIBUS) 3A Y 4A ETAPA CORREDOR TRONCAL,Unitario,1,1,0,NULL,Obra,1,25/07/2016  ADRIAN,CONTRATADO,0
313,2015,16163,AMPLIACION DEL SISTEMA INTEGRADO DE TRANSPORTE DE LEON (SIT OPTIBUS) 3RA. ETAPA TERMINAL MARAVILLAS,Unitario,1,1,0,NULL,Obra,1,25/07/2016  ADRIAN,CONTRATADO,0
314,2015,0028-ESCALATORIA 3,AMPLIACIÓN DEL SISTEMA INTEGRADO DE TRANSPORTE DE LEÓN (SIT OPTIBUS) 3A Y 4A ETAPA CORREDOR TRONCAL ECHEVESTE-SAN JERONIMO 4A. ETAPA (VIALIDAD AV. TALABARTEROS DE AURORA TRAMO: DE BLVD HIDALGO A ESTACION DE TRANSFERENCIA,Unitario,1,1,0,NULL,Obra,1,,CONTRATADO,0
315,2015,0028 ESC 4,AMPLIACIÓN DEL SISTEMA INTEGRADO DE TRANSPORTE DE LEÓN (SIT OPTIBÚS) 3a Y 4a ETAPA CORREDOR TRONCAL ECHEVESTE-SAN JERONIMO 4a ETAPA (VIALIDAD AV. TALABARTEROS DE AURORA TRAMO: DE BLVD. HIDALGO A ESTACIÓN DE TRANSFERENCIA) ,Unitario,1,1,0,NULL,Obra,1,03/FEB/2017 XOCH,CONTRATADO,0
316,2015,0028 ESC 5,AMPLIACIÓN DEL SISTEMA INTEGRADO DE TRANSPORTE DE LEÓN (SIT OPTIBÚS) 3a Y 4a ETAPA CORREDOR TRONCAL ECHEVESTE-SAN JERONIMO 4a ETAPA (VIALIDAD AV. TALABARTEROS DE AURORA TRAMO: DE BLVD. HIDALGO A ESTACIÓN DE TRANSFERENCIA) ,Unitario,1,1,0,NULL,Obra,1,08/FEB/2017 XOCH,CONTRATADO,0
317,2015,0028 ESC 6,AMPLIACIÓN DEL SISTEMA INTEGRADO DE TRANSPORTE DE LEÓN (SIT OPTIBÚS) 3a Y 4a ETAPA CORREDOR TRONCAL ECHEVESTE-SAN JERONIMO 4a ETAPA (VIALIDAD AV. TALABARTEROS DE AURORA TRAMO: DE BLVD. HIDALGO A ESTACIÓN DE TRANSFERENCIA) ,Unitario,1,1,0,NULL,Obra,1,10/FEB/2017 XOCH,CONTRATADO,0
318,2015,0073-ESC,AMPLIACIÓN DEL SISTEMA INTEGRADO DE TRANSPORTE DE LEON (SIT OPTIBUS) 3RA Y 4TA ETAPA CORREDOR TRONCAL VILLA-ESCOBEDO-ALDAMA 3RA ETAPA (3RA ETAPA VIALIDAD BLVD. FCO VILLA TRAMO DE AV. SATURNO A CALLE NENUFAR.,Unitario,1,1,0,NULL,Obra,1,13/02/2017 ALMA,CONTRATADO,0
319,2015,0078 ESC 1,"AMPLIACIÓN DEL SISTEMA INTEGRADO DE TRANSPORTE DE LEÓN (SIT OPTIBÚS) 3A. Y 4A. ETAPA. CORREDOR TRONCAL VILLA - ESCOBEDO - ALDAMA 3A. ETAPA (6TA ETAPA PARADEROS TRAMO BLVD. JUAN ALONSO DE TORRES A BLVD. ADOLFO LOPEZ MATEOS; PARADERO ALFARO TIPO I, Y PARADERO VICENTE VALTIERRA TIPO I, PARADERO FRAY DANIEL MIRELES TIPO I)",Unitario,1,1,0,NULL,Obra,1,13/FEB/2017 XOCH,CONTRATADO,0
320,2015,0078 ESC 2,"AMPLIACIÓN DEL SISTEMA INTEGRADO DE TRANSPORTE DE LEÓN (SIT OPTIBÚS) 3A. Y 4A. ETAPA. CORREDOR TRONCAL VILLA - ESCOBEDO - ALDAMA 3A. ETAPA (6TA ETAPA PARADEROS TRAMO BLVD. JUAN ALONSO DE TORRES A BLVD. ADOLFO LOPEZ MATEOS; PARADERO ALFARO TIPO I, Y PARADERO VICENTE VALTIERRA TIPO I, PARADERO FRAY DANIEL MIRELES TIPO I)",Unitario,1,1,0,NULL,Obra,1,14/FEB/2017 XOCH,CONTRATADO,0
321,2015,0090-ESCALATORIAS,AMPLIACIÓN DEL SISTEMA INTEGRADO DE TRANSPORTE DE LEON (SIT OPTIBÚS) 3a Y 4a ETAPA CORREDOR TRONCAL ECHEVESTE SAN JERÓNIMO 4a. ETAPA (VIALIDAD CALLE DEL AVÍO TRAMO: DE BLVD. HIDALGO A ESTACIÓN DE TRANSFERENCIA),Unitario,1,1,0,NULL,Obra,1,23/02/2017 ALMA,CONTRATADO,0
322,2015,0072-ESCALATORIA,AMPLIACIÓN DEL SISTEMA INTEGRADO DE TRANSPORTE DE LEON (SIT OPTIBUS) 3A Y 4A. ETAPA CORREDOR TRONCAL VILLA-ESCOBEDO-ALDAMA 3A ETAPA (2DA ETAPA VIALIDAD BLVD. FCO. VILLA TRAMO: DE CALLE ANTONIO LANZAGORTA A AV. SATURNO),Unitario,1,1,0,NULL,Obra,1,23/02/2017 ALMA,CONTRATADO,0
323,2015,0112 ESCALATORIA,PLAZA COMUNITARIA VILLA DE LAS FLORES,Unitario,1,1,0,NULL,Obra,1,27/02/2017 ALMA 11/abr/2017 xoch se modif por cambio de montos por ofic modif de costos ,CONTRATADO,0
324,2015,0112 ESCAL,PLAZA COMUNITARIA VILLA DE LAS FLORES ESCAL 1 C,Unitario,1,1,0,NULL,Obra,1,08/ABR/2017 XOCH,CONTRATADO,0
325,2015,0078 ESC 3,"AMPLIACIÓN DEL SISTEMA INTEGRADO DE TRANSPORTE DE LEÓN (SIT OPTIBÚS) 3A. Y 4A. ETAPA. CORREDOR TRONCAL VILLA - ESCOBEDO - ALDAMA 3A. ETAPA (6TA ETAPA PARADEROS TRAMO BLVD. JUAN ALONSO DE TORRES A BLVD. ADOLFO LOPEZ MATEOS; PARADERO ALFARO TIPO I, Y PARADERO VICENTE VALTIERRA TIPO I, PARADERO FRAY DANIEL MIRELES TIPO I) ",Unitario,1,1,0,NULL,Obra,1,CAPTURADO 20/04/2017 ALMA,CONTRATOS,0
326,2015,0287 ESCAL,ESCALATORIA DE INFRAESTRUCTURA DEL CENTRO COMUNITARIO SAN NICOLAS DE LOS GONZALEZ EN EL MUNICIPIO DE LEON (SEGUNDA PARTE),Unitario,1,1,0,NULL,Obra,1,01/MAYO/2017 XOCH,CONTRATADO,0
327,2015,0277 ESCAL,ESCALATORIAS DE PAVIMENTACION DE LA CALLE LOMAS DEL SOL DE ATITLAN A LOMAS DE BUGAMBILIAS COL. LOMAS DE MEDINA,Unitario,1,1,0,NULL,Obra,1,01/MAY/2017 XOCH,CONTRATADO,0
328,2015,0079 *,AMPLIACIÓN DEL SISTEMA INTEGRADO DE TRANSPORTE DE LEÓN (SIT OPTIBÚS) 3ª. Y 4ª.  ETAPA. CORREDOR ECHEVESTE SAN JERONIMO 4Aa. ETAPA (TERCER ETAPA MICROESTACION HIDALGO – TALABARTEROS).  GASTOS NO RECUPERABLES,Alzado,1,1,0,NULL,Obra,1,XOCH 19/JUL/2017   (1A CORR 13/JUN/17),CONTRATADO,0
329,2015,0064 ESC,AMPLIACIÓN DEL SISTEMA INTEGRADO DE TRANSPORTE DE LEÓN (SIT OPTIBÚS) 3a Y 4a ETAPA CORREDOR TRONCAL ECHEVESTE SAN JERÓNIMO 4a ETAPA.,Unitario,1,1,0,NULL,Obra,1,20/09/2017 ALMA,CONTRATADO,0
330,2015,0073 A.I.,"AMPLIACIÓN DEL SISTEMA INTEGRADO DE TRANSPORTE DE LEÓN (SIT OPTIBÚS) 3ª. Y 4ª.  ETAPA. CORREDOR TRONCAL VILLA – ESCOBEDO – ALDAMA  3ª. ETAPA   (3RA ETAPA VIALIDAD BLVD. FCO, VILLA TRAMO DE AV. SATURNO A CALLE NENÚFAR)",Unitario,1,1,0,NULL,Obra,1,22/SEPT/2017 XOCH,CONTRATADO,0
331,2015,0026 A.I.,AMPLIACIÓN DEL SISTEMA INTEGRADO DE TRANSPORTE DE LEÓN (SIT OPTIBÚS) 3ª. Y 4ª.  ETAPA. CORREDOR TRONCAL ECHEVESTE – SAN JERONIMO 4ª.  ETAPA (VIALIDAD BLVD. HIDALGO CUERPO ORIENTE TRAMO: DEL BLVD. CAMPESTRE A  CALLE DEL SOL),Unitario,1,1,0,NULL,Obra,1,22/SEPT/2017 XOCH,CONTRATADO,0
332,2015,0072 A.I.,"AMPLIACIÓN DEL SISTEMA INTEGRADO DE TRANSPORTE DE LEÓN (SIT OPTIBÚS) 3ª. Y 4ª.  ETAPA. CORREDOR TRONCAL VILLA – ESCOBEDO – ALDAMA  3ª. ETAPA  ( 2DA ETAPA VIALIDAD BLVD. FCO, VILLA TRAMO DE CALLE ANTONIO LANZAGORTA A AV. SATURNO)",Unitario,1,1,0,NULL,Obra,1,XOCH 04/OCT/2017,CONTRATADO,0
333,2015,0034 A.I.,AMPLIACIÓN DEL SISTEMA INTEGRADO DE TRANSPORTE DE LEÓN (SIT OPTIBÚS) 3ª. Y 4ª.  ETAPA. TERMINAL MARAVILLAS (EDIFICIO ADMINISTRATIVO Y OBRAS COMPLEMENTARIAS 2DA. ETAPA),Unitario,1,1,0,NULL,Obra,1,XOCH 09/OCT/2017,CONTRATADO,0
334,2015,0074 A.I.,"AMPLIACIÓN DEL SISTEMA INTEGRADO DE TRANSPORTE DE LEÓN (SIT OPTIBÚS) 3ª. Y 4ª.  ETAPA. CORREDOR TRONCAL VILLA – ESCOBEDO – ALDAMA  3ª. ETAPA   (4TA ETAPA VIALIDAD BLVD. FCO, VILLA TRAMO DE CALLE NENÚFAR A BLVD. ADOLFO LOPEZ MATEOS )",Unitario,1,1,0,NULL,Obra,1,XOCH 19/11/2017,CONTRATADO,0
335,2015,0275 A.I.,"AMPLIACIÓN DEL SISTEMA INTEGRADO DE TRANSPORTE DE LEÓN (SIT OPTIBÚS) 3A. 4A.  ETAPA. CORREDOR TRONCAL ECHEVESTE SAN JERONIMO  4TA ETAPA (CUARTA ETAPA, SEMAFORIZACION INTERSECCIONES)",Unitario,1,1,0,NULL,Obra,1,XOCH  05/DIC/2017,CONTRATADO,0
336,2015,0071 A.I.,AMPLIACION DEL SISTEMA INTEGRADO DE TRANSPORTE DE LEÓN (SIT OPTIBÚS) 3A. Y 4A. ETAPA. CORREDOR TRONCAL VILLA - ESCOBEDO - ALDAMA 3A. ETAPA (1RA. VIALIDAD BLVD. JUAN ALONSO DE TORRES TRAMO DE ESTACION DE TRANSFERENCIA A BLVD. FRANCISCO VILLA Y VIALIDAD BLVD. FCO. VILLA TRAMO DE BLVD. JUAN ALONSO DE TORRES A CALLE ANTONIO LANZAGORTA),Unitario,1,1,0,NULL,Obra,1,XOCH 14/DIC/2017,CONTRATADO,0
337,2015,0064-A.I.,AMPLIACIÓN DEL SISTEMA INTEGRADO DE TRANSPORTE DE LEÓN (SIT OPTIBÚS) 3a Y 4a ETAPA CORREDOR TRONCAL ECHEVESTE SAN JERÓNIMO 4a ETAPA. A.I.,Unitario,1,1,0,NULL,Obra,1,04/12/2018 ALMA,CONTRATADO,0
338,2015,0064-ESC1,AMPLIACIÓN DEL SISTEMA INTEGRADO DE TRANSPORTE DE LEÓN (SIT OPTIBÚS) 3a Y 4a ETAPA CORREDOR TRONCAL ECHEVESTE SAN JERÓNIMO 4a ETAPA.,Unitario,1,1,0,NULL,Obra,1,05/12/2018 ALMA,CONTRATADO,0
339,2015,0036-ESC,AMPLIACIÓN DEL SISTEMA INTEGRADO DE TRANSPORTE DE LEÓN (SIT OPTIBÚS) 3A. Y 4A. ETAPA TERMINAL ECHEVESTE (EDIFICIO ADMINISTRATIVO Y OBRAS COMPLEMENTARIAS 2DA. ETAPA).,Unitario,1,1,0,NULL,Obra,1,10/12/2018 ALMA,CONTRATADO,0
