Id_Obra,Clave_Obra,Nombre,Tipo_Precio,Id_Sub_Programa,Id_Localidad,Tipo_Obra_Proyecto,Id_Sub_Tipo_Obra,Id_Oficio_Asignacion_Obra
1,12,"MANTENIMIENTO DE  CAMELLONES, BANQUETAS Y AREAS VERDES  EN VIALIDADES DE ACCESO A LA CIUDAD DE LEON, GTO.  ",Alzado,1,1,Obra,1,11
2,24,"MANTENIMEINTO  A ESPACIOS PUBLICOS  Y AREAS VERDES DE LAS VIALIDADES  DE LA CIUDAD DE  LEÓN, GTO.  ",Unitario,1,1,Obra,1,15
3,23,"MANTENIMIENTO DE  CAMELLONES, BANQUETAS Y AREAS VERDES  EN VIALIDADES DE ACCESO A LA CIUDAD DE LEON, GTO.  ",Alzado,1,1,Obra,1,10
4,14,MANTENIMIENTO AL ACCESO A SANTA MARIA DE CEMENTOS MEDIANTE  ESTABILIZACION  DE TALUD DEL RIO  ,Unitario,1,1,Obra,1,13
5,11,MANTENIMIENTO Y APLICACIÓN  DE RIEGO EN AREAS VERDES  ,Unitario,1,1,Obra,1,40
6,1,"MEJORAMIENTO DE LA IMAGEN URBANA EN BLVD. A LOPEZ MATEOS  (3 ra ETAPA ),  LEON GUANAJUATO  ",Unitario,1,1,Obra,1,41
7,19,"REHABILITACION CAMINO ALFARO – NUEVO VALLE 1RA. ETAPA, LEON GTO. ",Unitario,1,1,Obra,1,56
8,45,"PROYECTO EJECUTIVO DE PLAZA DE GALLOS DEL HOTEL, SEGUNDA ETAPA CALLE JUAREZ  ZONA CENTRO, LEÓN GUANAJUATO. ",Unitario,1,1,Obra,1,2
9,21,CONSTRUCCION DE CICLOVIA BLVD. PASEO DE JEREZ TRAMO DE BLVD. TIMOTEO LOZANO A BLVD. LOPEZ MATEOS ,Unitario,1,1,Obra,1,37
10,13,"REHABILITACIÓN DE SEÑALAMIENTO HORIZONTAL EN VIALIDADES PRINCIPALES DE LA CIUDAD DE LEÓN, GTO. ",Unitario,1,1,Obra,1,42
11,0266-1,PROYECTO  EJECUTIVO DE LA CALLE BETANIA TRAMO:  FRAY  DANIEL MIRELES A VALERIANA COLONIA :  LAS ROSAS  ,Unitario,1,1,Obra,1,62
12,17,PROYECTO EJECUTIVO  DE RENOVACIÓN DE PARADEROS DE BLVD. ADOLFO LOPEZ MATEOS ,Unitario,1,1,Proyecto,1,61
13,20,"MEJORAMIENTO DEL SITIO DEL PARQUE LINEAL ARROYO EL MUERTO TRAMO: DE BLVD. LAS TORRES A CONGRESO DE CHILPANCINGO Y BLVD. GUANAJUATO A BLVD. VICENTE VALTIERRA, PRIMERA ETAPA.",Unitario,1,1,Obra,1,67
15,8,"PROYECTO CALLE: TORRE DE MARFIL TRAMO  LAS TORRES A LATINOAMERICANA, COL. LAS TORRES  PROYECTO CALLE: SAN JOSÉ DE LAS LAJAS, TRAMO SAN JOSÉ DE ITURBIDE A SAN JOSÉ DE COSTA RICA, COL. REFUGIO DE SAN JOSE",Unitario,1,1,Proyecto,1,73
16,0029-1,PROYECTO EJECUTIVO DE REHABILITACION DEL AREA DEPORTIVA ENTRE EL AND. GRUPO INSURGENTES Y AV. GUTY CARDENAS EN LA COLONIA MIGUEL HIDALGO. ,Unitario,1,1,Proyecto,1,21
17,0029-2,"PROYECTO EJECUTIVO DE REHABILITACION DE ESPACIO PUBLICO EN LA COLONIA ""FRACCIONES SANTA CECILIA II"", ENTRE CALLE DOGMA CATOLICO Y CALLE MARCO AURELIO; LEON, GUANAJUATO. ",Unitario,1,1,Proyecto,1,22
18,0029-3,"PROYECTO EJECUTIVO DE REHABILITACION DE ESPACIO PÚBLICO EN LA COLONIA ""FRACCIONAMIENTO VALLE DEL REAL"", ENTRE CALLE VALLE DEL DESVAN Y CALLE REAL DE VICTORIA; LEON, GUANAJUATO. ",Unitario,1,1,Proyecto,1,23
19,0266-2,PROYECTO EJECUTIVO DE LA CALLE  FRAY  DANIEL MIRELES  BLVD. FRANCISCO  VILLA A AV. SION  ,Unitario,1,1,Proyecto,1,63
20,0266-3,"PROYECTO EJECUTIVO DE LA CALLE VALERIANA,  TRAMO BETANIA A AV. SION ",Unitario,1,1,Proyecto,1,64
21,22,CONSTRUCCIÓN DE CICLOVIA DEL BLVD. AGUSTÍN TÉLLEZ CRUCES TRAMO DE BLVD. JOSE MARIA MORELOS A BLVD. ANTONIO MADRAZO ,Unitario,1,1,Obra,1,57
22,44,DICTAMENES ESTRUCTURALES  DE INMUEBLES  DEL DIF MUNICIPAL EN VARIOS PUNTOS  DE LA CIUDAD  ,Unitario,1,1,Proyecto,1,12
23,0032-1,"PROYECTO CALLE DE LA CORONACION  (NEPAL) BANGLADESH-GENESIS LOMAS DE GUADALUPE  PROYECTO CALLE TENCA PRESA DEL TIGRE -PRESA DE LA MOJINA EL VALLADITO  PROYECTO  CALLE PAULINO  DURÁN, TRAMO : BLVD.  JUAN ALONSO DE  TORRES- RODRIGUO MORENO ZERMEÑO COL . LEON I  ",Unitario,1,1,Proyecto,1,45
24,55,"REHABILITACIÓN DE LOS CAMINOS RURALES: OJO DE AGUA DE LOS REYES  TRAMO:  COL. LA PERA A COM. MESA DE LOS REYES. IBARRILLA , TAMO: COM. IBARRILLA A COM. AGUA ZARCA . ALFARO,  TRAMO : COL. BOSQUES DEL PEDREGAL A COM. LLANO GRANDE ACCESO  AL AUTODROMO. UBICACIÓN LEÓN, GTO. ",Unitario,1,1,Obra,1,16
25,35,"REHABILITACIÓN DE LOS CAMINOS  RURALES: ZAUCO. TRAMO E.C. LEÓN- SAN FELIPE A COM. EL ZAUCO. SAN JUAN DE OTATES. TRAMO: COM. LA ESTACIA. DUARTE, TRAMO: COM. DUARTE A E.C. COMANJILLA, TRAMO COMANJILLA - LAS COLORADAS. DERRAMADERO. TRAMO: VAQUERIAS - E.C. CARRETERA  SILAO-SAN FELIPE UBICACIÓN : LEON, GTO.  ",Unitario,1,1,Obra,1,17
26,43,PAVIMETACIÓN DE LA CALLE IRLANDA ,Unitario,1,1,Obra,1,213
27,40,PAVIMENTACION DE LA CALLE JACARANDA DEL VALLE TRAMO: OLIVO DEL VALLE A AVELLANO DEL VALLE COL. VALLE DE LEON ,Unitario,1,1,Obra,1,47
28,34,"DISEÑO, GERENCIAMIENTO Y ASESORIA PARA EL PROYECTO DE LA 3A ETAPA DE LA REHABILITACIÓN INTEGRAL SISTEMA DE ALUMBRADO PÚBLICO, LEÓN GTO. ",Unitario,1,1,Proyecto,1,30
29,36,PROYECTO EJECUTIVO DE ÁREA DE QUIRÓFANO PARA CIRUGÍA OFTÁLMICA AMBULATORIA UBICADO EN LA CALLE SOL PONIENTE Y CALLE AMANECER COL. VALLE DEL SOL ,Unitario,1,1,Obra,1,32
30,26,"PROYECTO EJECUTIVO PARA LA CONSTRUCCION Y EQUIPAMIENTO  DE UNA SALA  DE  TITULACION  EN EL INSTITUTO  TECNOLOGICO DE LEÓN, EN LEON GUANAJUATO  ",Unitario,1,1,Obra,1,18
31,48,ADECUACION  DE PROYECTO  EJECUTIVO DE CENTRO  IMPULSO  SOCIAL  QUINTA DE LOS CASTILLOS  EN LEON GTO. COL. VALLE DE LOS CASTILLOS  ,Unitario,1,1,Proyecto,1,19
32,30,DICTAMENES ELECTRICOS DE INMUEBLES DEL DIF MUNICIPAL EN VARIOS PUNTOS DE LA CIUDAD.,Unitario,1,1,Proyecto,1,5
33,0028-1,"PROYECTO EJECUTIVO DE REHABILITACION DE ESPACIO PUBLICO EN LA COLONIA ""FRACCIONES DE SANTA JULIA"", ENTRE CALLE DEL TORBELLINO Y CALLE ANDADOR DEL TAJO; LEON, GUANAJUATO. ",Unitario,1,1,Proyecto,1,50
34,0028-2,"PROYECTO EJECUTIVO DE REHABILITACION DE ESPACIO PÚBLICO EN LA COLONIA ""FRACCIONES DE SANTA JULIA"", ENTRE CALLE DE LA CAMPIÑA Y AV. OLIMPICA; LEON, GUANAJUATO. ",Unitario,1,1,Proyecto,1,51
35,0028-3,"PROYECTO EJECUTIVO DE REHABILITACION DE ESPACIO PUBLICO EN LA COLONIA ""FRACCIONAMIENTO JARDINES DE SANTA JULIA Y FRACCIONAMIENTO VILLAS MARIANA"", ENTRE BLVD. RIO MAYO Y BLVD. PASEO DE JEREZ; LEON, GUANAJUATO. ",Unitario,1,1,Proyecto,1,52
36,0028-4,"PROYECTO EJECUTIVO DE REHABILITACION DE ESPACIO PÚBLICO EN LA COLONIA ""PASEOS DEL MOLINO"", ENTRE LA CALLE MOLINO DE LEON Y CIRCUITO MOLINO DE LA MANCHA; LEON, GUANAJUATO. ",Unitario,1,1,Proyecto,1,53
37,0027-2,"PROYECTO EJECUTIVO DE REHABILITACION DE ESPACIO PÚBLICO EN LA COLONIA ""PASEOS DE LA CIMA"", EN CALLE PASEOS DEL ORIEN; LEON, GUANAJUATO. ",Unitario,1,1,Obra,1,24
38,0027-3,"PROYECTO EJECUTIVO DE REHABILITACION DE ESPACIO PÚBLICO EN LA COLONIA ""SAUCILLOS DE LA JOYA"", ENTRE CALLE PASCAL, KANT Y CALLE PLATON; LEON, GUANAJUATO. ",Unitario,1,1,Proyecto,1,25
39,0027-4,"PROYECTO EJECUTIVO DE REHABILITACION DE ESPACIO PUBLICO EN LA COLONIA ""FRACCION FRACCIONES DE SAN JUAN BAUTISTA"", ENTRE CALLE HACIENDA TABOADA Y EPSILON; LEON, GUANAJUATO. ",Unitario,1,1,Proyecto,1,26
40,54,"PROYECTO  INFRAESTRUCTURA  SOCIAL  EN LA  COMUNIDAD  RURAL DE ""PLAYAS DE SOTELO"" EN LEÓN, GUANAJUATO. ",Unitario,1,1,Proyecto,1,54
41,70,"PROYECTO EJECUTIVO DE LA PAVIMENTACIÓN DE LA CALLE  DEL SACRISTAN, TRAMO  DE ARGELIA  A VICENTE  VALTIERRA ",Unitario,1,1,Proyecto,1,48
42,0025-1,"PROYECTO CALLE SAN JOSE DE LAS LAJAS, TRAMO: SAN JOSE DE ITURBIDE A SAN JOSE DEL CABO ",Unitario,1,1,Proyecto,1,27
43,0025-2,"PROYECTO CALLE: SAN JOSÉ DE BUENAVENTURA, TRAMO: SAN JOSÉ DEL REFUGIO A SAN JOSÉ DEL CABO ",Unitario,1,1,Proyecto,1,28
44,0025-3,"PROYECTO CALLE : DEL RESPLANDOR, TRAMO: BLVD. DELTA A POTRERO DE CORPUS ",Unitario,1,1,Proyecto,1,29
45,39,"PAQUETE NUMERO 6"" REALIZACIÓN DE  ESTUDIOS  DE MANIFESTACIÓN DE IMPACTO AMBIENTAL  EN DIFERENTES PARTES DE LA CIUDAD DE LEON, GTO.  ",Unitario,1,1,Proyecto,1,33
46,38,ADECUACIÓN DE PROYECTO EJECUTIVO DE PLAZA COMUNITARIA EN LA CALLE COSTA AZUL EN LA COLONIA  PASEOS DEL MANUEL  ,Unitario,1,1,Proyecto,1,55
47,37,"ADECUACIÓN DE PROYECTOS  ESTRUCTURALES  DE CIMENTACION PARA VARIAS ESCUELAS DE LA CIUDAD DE LEON,  ",Unitario,1,1,Proyecto,1,31
48,73,PROYECTO CALLE : ADECUACION DE LA CALLE NOSTALGIA TRAMO: MELANCOLIA  A  BLVD. LA LUZ  COL. SAN PEDRO DE LOS HERNANDEZ ,Unitario,1,1,Proyecto,1,69
49,46,"PAVIMENTACION DE LA CALLE PARQUE DE SAN JUAN, TRAMO : MURALLA DE SAN JUAN A  PROVINCIA  DE SAN JUAN EN LA COLONIA  VILLAS DE SAN JUAN ",Unitario,1,1,Obra,1,70
50,50,"CONSTRUCCIÓN DE TECHADO EN AREA DEPORTIVA EN TELESECUDARIA  NO. 1107 CCT:11ETV1107Z, UBICADA EN  CALLE EL RESPLANDRO SN COMUNIDAD EL  RESPLANDOR ",Unitario,1,1,Obra,1,71
51,69,"CONSTRUCCIÓN DE SANITARIO ATIPICO EN LA TELESECUNDARIA  NUM. 759, CCT:11ETV0755X UBICADA EN LA LABORCITA CARRETERA LEON-DUARTE ",Unitario,1,1,Obra,1,72
52,15,DESAZOLVE DE CANALES EN LAS COMUNIDADES DE SAN JOSE DEL RESPLANDOR Y PLAYAS DEL SOTELO,Unitario,1,1,Obra,1,74
53,0009-1,PROYECTO CALLE BALCÓN DE LAS TERMITAS,Unitario,1,1,Proyecto,1,75
54,0009-2,PROYECTO CALLE: TALÍA,Unitario,1,1,Proyecto,1,76
55,0009-3,PROYECTO CALLE: BALCÓN DE LOS JARIBUS,Unitario,1,1,Proyecto,1,77
56,0005-2,PROYECTO CALLE: MADRE LUISA,Unitario,1,1,Proyecto,1,85
57,0005-1,PROYECTO CALLE: MINERAL DEL LLANO,Unitario,1,1,Proyecto,1,86
58,0027-1,"PROYECTO EJECUTIVO DE REHABILITACION DE ESPACIO PÚBLICO EN LA COLONIA ""FRACC. FRACCIONES DE SAN JUAN BAUTISTA"", EN LA CALLE HACIENDA JARAL DE BERRIOS; LEON, GUANAJUATO.",Unitario,1,1,Proyecto,1,124
59,88,"REHABILITACIÓN DE MINIDEPORTIVA GRANADA, UBICADA EN LA CALLE LAGO CAMECUARO ESQUINA CALLE CUITZEO, EN LA COLONIA GRANADA. ",Unitario,1,1,Obra,1,49
60,87,"REHABILITACIÓN DE MINIDEPORTIVA IV CENTENARIO, UBICADA EN LA CALLE FRANCISCO ZUÑIGA, EN EL FRACCIONAMIENTO HIDALGO. ",Unitario,1,1,Obra,1,35
61,85,"REHABILITACIÓN DE MINIDEPORTIVA SAN FRANCISCO DE ASIS, UBICADA EN LA CALLE 16 DE JULIO ESQUINA 4 DE OCTUBRE, EN LA COLONIA SAN FRANCISCO DE ASIS. ",Unitario,1,1,Obra,1,36
62,84,"REHABILITACIÓN DE MINIDEPORTIVA SAN MIGUEL, UBICADA EN LA CALLE  TIERRA BLANCA ESQUINA CERRADA COATZACOALCOS, EN LA COLONIA JARDINES DE SAN MIGUEL. ",Unitario,1,1,Obra,1,34
64,0072-1,"PROYECTO  CALLE : AÑORANZA TAMO: SENDERO MAYA A PAVIMENTO EXISTENTE, COLONIA  ARBOLEDAS DE SAN PEDRO , TRAMO : SENDERO  MAYA A PAVIMENTO EXISTENTE ",Unitario,1,1,Proyecto,1,96
65,61,"CONSTRUCCIÓN DE TECHADO EN AREA DEPORTIVA EN LA PRIM. MARCOS  PLASCENCIA CCT:11DPR3522D, UBICADA EN LEON I RODRIGO  ZERMEÑO NUM. 206",Unitario,1,1,Obra,1,80
66,59,"MANTENIMIENTO A VIALIDADES, ESPACIOS PUBLICOS Y MOBILIARIO URBANO EN LA CIUDAD DE LEON, GTO. ",Unitario,1,1,Obra,1,98
67,56,"REPARACIÓN DE LA BARDA PERIMETRAL EN LA ESCUELA PRIMARIA 466, UBICADA EN LA JOYA. ",Unitario,1,1,Obra,1,99
68,3,"ADECUACION DEL CENTRO  DE CONTROL Y BIENESTAR ANIMAR UBICADO EN  CALLE RIO VERDE #243, FRACC. LA LUZ 1ER ETAPA. ",Unitario,1,1,Obra,1,125
69,0008-2,PROYECTO CALLE: SAN JOSÉ DE LAS LAJAS TRAMO :SAN JOSÉ DE ITURBIDE A SAN JOSÉ DE COSTA RICA,Unitario,1,1,Proyecto,1,117
70,0008-1,"PROYECTO CALLE: TORRE DE MARFIL, TRAMO :LAS TORRES A LATINOAMERICANA",Unitario,1,1,Proyecto,1,118
71,58,MANTENIMIENTO  DE ESPACIOS  NATURALES  Y AREAS   VERDES EN GLORIETAS Y PARQUES  URBANOS DE  LA CIUDAD  DE LEON GUANAJUATO ,Unitario,1,1,Obra,1,115
72,92,PROYECTO :ADECUACIÓN  DE PROYECTO EJECUTIVO  DE CICLOVIA  DEL BLVD. PASEO DE JEREZ  TRAMO : DEL BLVD. TIMOTEO LOZANO A BLVD. ADOLFO LOPEZ MATEOS. UBICACIÓN : LEON GUANAJUATO ,Unitario,1,1,Proyecto,1,94
73,16,"ACTUALIZACIÓN Y MODIFICACIÓN DEL PROYECTO EJECUTIVO DEL PARQUE JUÁREZ UBICADO EN BLVD. TIMOTEO LOZANO, INDEPENDENCIA Y HONDA DE SAN MIGUEL EN LA COLONIA SAN MIGUEL",Unitario,1,1,Proyecto,1,114
74,0004-1,PROYECTO CALLE: JOSÉ MARÍA CASULLO,Unitario,1,1,Proyecto,1,84
75,0004-2,PEROYECTO CALLE: MADRE AMALIA,Unitario,1,1,Proyecto,1,83
76,0006-1,"PROYECTO CALLE: FRANCISCO LOPEZ VELASCO,  TRAMO: JOSE MARIA BRITO - JOSE MA. ROA BARCENAS",Unitario,1,1,Proyecto,1,122
77,0010-1,"PROYECTO CALLE: YACIMIENTO DE COBRE, TRAMO :BLVD. YACIMIENTO - YACIMIENTO VOLCÁNICO",Unitario,1,1,Proyecto,1,89
78,0010-4,"PROYECTO CALLE: YACIMIENTO METALURGICOPROYECTO, TRAMO :BLVD. YACIMIENTO - YACIMIENTO VOLCÁNICO",Unitario,1,1,Proyecto,1,121
79,0010-5,"PROYECTO CALLE: YACIMIENTO MINERAL,TRAMO:BLVD. YACIMIENTO - YACIMIENTO MINERAL",Unitario,1,1,Proyecto,1,93
80,0010-3,"PROYECTO CALLE: YACIMIENTO ACUIFERO, TRAMO:BLVD. YACIMIENTO - YACIMIENTO VOLCÁNICO",Unitario,1,1,Proyecto,1,91
81,0010-2,"PROYECTO CALLE: YACIMIENTO DE CARBÓN, TRAMO:BLVD. YACIMIENTO - YACIMIENTO VOLCÁNICO",Unitario,1,1,Proyecto,1,90
82,0006-2,PROYECTO CALLE: FRANCISCO M. SANCHEZ DE TAGLE: JOSE MARIA BRITO - JOSE MA. ROA BARCENAS,Unitario,1,1,Proyecto,1,123
83,96,PROYECTO EJECUTIVO DEL  COMEDOR  Y CENTRO  GERONTOLOGICO  EN LA COLONIA PILETAS IV.,Unitario,1,1,Proyecto,1,116
84,60,PAVIMENTACION DE LAS BANQUETAS DE LA CALLE AMAZONITAS  TRAMO:  GRANJAS DE SAN JUAN - FARO DE SAN JUAN COL. VILLAS DE SAN JUAN ,Unitario,1,1,Obra,1,81
85,18,"REHABILITACION AV. LA MERCED (SEGUNDA ETAPA), EN EL TRAMO DE BLVD. TORRES LANDA-CALLE FLAMENCO, LEON GTO",Unitario,1,1,Obra,1,132
86,0025-4,"PROYECTO CALLE: TORRES FLANQUEANTE, TRAMO: TRONERAS A ATALAYA",Unitario,1,1,Proyecto,1,134
87,0031-1,PROYECTO EJECUTIVO DE REHABILITACION DEL AREA DEPORTIVA UBICADA EN LA CALLE GARCETA DE LA COLONIA SAN IGNACIO. ,Unitario,1,1,Proyecto,1,138
88,0031-2,"PROYECTO EJECUTIVO DE REHABILITACION DEL AREA DEPORTIVA UBICADA EN LA CALLE ALBERTO F. DANEL DE LA COLONIA ""FRACCIONAMIENTO SANTA MARIA DE CEMENTOS"". ",Unitario,1,1,Proyecto,1,139
89,51,"MEJORAMIENTO DE LA IMAGEN URBANA Y MANTENIMIENTO DE CAMELLONES EN LAS SIGUIENTES VIALIDADES: BLVS. JUAN A DE TORRES, BLVD. MIGUEL C SAAVEDRA, BLVD. CAMPESTRE, BLVD. LOPEZ SANABRIA, PASEO DE LOS INSURGENTES, BLVD.SAN JUAN BOSCO Y BLVD. HILARIO MEDINA, LEON GTO. ",Unitario,1,1,Obra,1,152
90,68,"CONSTRUCCIÓN  TECHADO EN AREA DEPORTIVA EN  TELESECUNDATIA 585, CCT:11ETV0582W, UBICADA EN  COM. ALBARRADONES  CARRETERA LEON-COMANJILLA S/N",Unitario,1,1,Obra,1,131
91,52,"MEJORAMIENTO DE LA IMAGEN URBANA Y MANTENIMIENTO DE CAMELLONES EN LAS SIGUIENTES VIALIDADES: BLVD. JOSE MARIA MORELOS, BLVD. PASEO DE JEREZ, BLVD. VICENTE VALTIERRA, BLVD. LA LUZ, BLVD. MIGUEL HIDALGO, BLVD. A. MADRAZO Y BLVD. H. BUSTOS, LEON GTO",Unitario,1,1,Obra,1,136
92,47,"MEJORAMIENTO DE LA IMAGEN URBANA Y MANTENIMIENTO DE CAMELLONES EN LAS SIGUIENTES VIALIDADES: BLVD. ADOLFO LOPEZ MATEOS, BLVD. MARIANO ESCOBEDO, BLVD. AEROPUERTO, BLVD. DELTA, BLVD. DELTA, BLVD. SAN PEDRO, MALECON DEL RIO Y BLVD. VASCO DE QUIROGA, LEON GUANAJUATO ",Unitario,1,1,Obra,1,137
93,91,"REHABILITACIÓN DE MINIDEPORTIVA SANTA MARIA DEL GRANJENO, UBICADA EN LA CALLE OCEANO ARTICO ESQUINA MAR ROJO, EN LA COLONIA SANTA MARIA DEL GRANJENO.",Unitario,1,1,Obra,1,128
94,41,PAVIMENTACION DE LA CALLE SANTA CROCCE TRAMO: PAVIMENTO EXISTENTE-BLVD. TIMOTEO LOZANO EN LA COLONIA SANTA CROCCE ,Unitario,1,1,Obra,1,155
95,42,"REHABILITACION DE AV. NICARAGUA, LEON GTO ",Unitario,1,1,Obra,1,142
96,89,"REHABILITACIÓN DE MINIDEPORTIVA MORELOS, UBICADO EN LAS CALLES 14 DE MAYO ESQUINA CALLE INDUSTRIA MORELOS, EN LA COLONIA MORELOS.",Unitario,1,1,Obra,1,133
97,86,"REHABILITACIÓN DE MINIDEPORTIVA NUEVA CANDELARIA, UBICADA EN LA CALLE SANCHEZ ESQUINA MAZATLAN, EN LA COLONIA NUEVA CANDELARIA.",Unitario,1,1,Obra,1,127
98,76,"PLAN DE MODERNIZACIÓN  DE INFRAESTRUCTURA 2018, MERCADO ECHEVESTE DEL MUNICIPIO DE LEON GUANAJUATO ",Unitario,1,1,Obra,1,147
99,53,"PLAN DE MODERNIZACIÓN  DE INFRAESTRUCTURA 2018, MERCADO LA ESPERANZA DEL MUNICIPIO DE LEON GUANAJUATO ",Unitario,1,1,Obra,1,148
100,57,MANTENIMIENTO  AL  EQUIPO UBARNO (FUENTES) DE LA CIUDAD  DE LEON GUANAJUATO  ,Unitario,1,1,Obra,1,149
101,81,"PAVIMENTACIÓN DEL BARRIO DE SAN JUAN DE DIOS, 2DA. ETAPA, (CALLE IGNACIO ALTAMIRANO TRAMO ROSAS MORENO A 5 DE FEBRERO, CALLE  DIAZ MIRÓN DE IGNACIO  ALTAMIRANO A VICENTE GUERRERO Y VICENTE GUERRERO A ROSAS MORENO A DIAZ MIRÓN  ",Unitario,1,1,Obra,1,150
102,74,"REHABILITACIÓN  Y REUBICACIÓN  DE RETORNOS EN BLVD. AEROPUERTO (2DA ETAPA), LEON  GUANAJUATO ",Unitario,1,1,Obra,1,135
103,118,"SUMINISTRO  Y COLOCACION DE CALENTADORES SOLARES EN LAS COMUNIDADES:  LA SANDIA, NUEVO LINDERO, SAN JUDAS, PUERTA  DEL CERRO, LA RESERVA,  LA MORA, EL NACIMIENTO, LOS RAMIREZ, PROVIDENCIA, LOS TEPETATES, EL RESPLANDOR, LA ARCINA, EL TERRERO, PLAYAS DE SOTELO, GRANJAS ECONOMICAS, LOS LOPEZ, SANTA ROSA PLAN DE AYALA,   ENTRE OTRAS.  ",Unitario,1,1,Obra,1,200
104,117,"CALENTADORES SOLARES EN LAS COLONIAS : AGUA  AZUL, ARBOLEDAS DE SAN  JOSE, ARBOLEDAS DE SEÑORA, AZTECA, DEPORTIVA  I Y II, INDUSTRIAL, MOREÑA, LA RAZA, LOMAS DE JEREZ, LOS FRESNOS, LOS MURALES, MEZQUITAL DE VILLAS DE SAN CARMEN, PRADO  HERMOSO, RIVERA DEL CARMEN, SANTA ROSA DE LIMA, UNIDAD DEPORTIVA II, VALLE DE SEÑORA, VILLAS DE NUESTRA SEÑORA DE LA LUZ, VILLAS DE SAN JUAN, ENTRE OTRAS ",Unitario,1,1,Obra,1,199
105,126," CALENTADORES SOLARES EN LOS POLOS DE DESARROLLO DUARTE, SAN JUAN DE OTATES EN LAS  COMUNIDADES: LOZA DE LOS PADRES, DUARTE, SAN JUAN DE OTATES, SAN CARLOS LA  RONCHA, LA LABORCITA.  ",Unitario,1,1,Obra,1,207
106,95,"PROYECTO DE ADECUACIÓN EN EL MERCADO ESPIRITU SANTO ESQUINA BVLD. SAN JUAN BOSCO, ENTRE LAS CALLES  SALAMANCA Y SAN JUAN DE  LOS LAGOS, COL.  ESPAÑA EN LEÓN GUANAJUATO.  ",Unitario,1,1,Proyecto,1,173
107,0094-1,REHABILITACION DE CAMINO SACA COSECHA  BARRETOS-CAMINO LA ARCINA  UBICACIÓN: COMUNIDAD  DE BARRETOS ,Unitario,1,1,Obra,1,129
108,0094-2,REHABILITACIÓN DE CAMINO SACA COSECHA  BARRETOS-EL RAYO   UBICACIÓN: COMUNIDAD  DE BARRETOS ,Unitario,1,1,Obra,1,130
109,0078-1,REHABILITACIÓN DE CAMINO SACA COSECHA NUEVO LINDERO -LA ARCINA UBICACIÓN : COMUNIDAD NUEVO  LINDERO-LA ARCINA ,Unitario,1,1,Obra,1,102
110,0078-2,REHABILITACIÓN DE CAMINO SACA COSECHA NUEVO LINDERO- RANCHO NUEVO DE LA LUZ UBICACIÓN : COMUNIDAD NUEVO LINDERO ,Unitario,1,1,Obra,1,106
111,0093-1,REHABILITACIÓN DE CAMINOS SACA COSECHA BARRETOS UBICACIÓN: COMUNIDAD BARRETOS ,Unitario,1,1,Obra,1,103
112,0093-2,REHABILITACIÓN DE CAMINOS SACA COSECHA EL RAYO-CAMINO ESTANCIA DE LA SANDIA UBICACIÓN : COMUNIDA EL RAYO,Unitario,1,1,Obra,1,104
113,0093-3,REHABILITACIÓN DE CAMINO SACA COSECHA RAMILLETE - SAN JOSE DE LOS SAPOS UBICACIÓN: COMUNIDAD RAMILLETE- SAN JOSE DE LOS SAPOS ,Unitario,1,1,Obra,1,105
114,0080-1,REHABILITACIÓN  DE CAMINO SACA COSECHA  LA SANDIA  -EL MAGUEY   UBICACIÓN: COMUNIDAD LA SANDIA -EL MAGUEY  ,Unitario,1,1,Obra,1,144
115,0080-2,REHABILITACIÓN DE CAMINO SACA COSECHA NUEVO LINDERO -CARR. BARRETOS -SAN JUDAS UBICACIÓN: COMUNIDAD NUEVO LINDERO  ,Unitario,1,1,Obra,1,146
116,0080-3,REHABILITACIÓN  DE CAMINO SACA COSECHA  LA CINTA -CAMINO ESTANCIA DE LA SANDIA  UBICACIÓN  LA CINTA  ,Unitario,1,1,Obra,1,145
117,0079-1,REHABILITACIÓN DE CAMINO SACA COSECHA  LOS RAMIREZ-  CARRETERAS SAN JUDAS  RANCHO NUEVO LA LUZ UBICACIÓN COMUNIDAD LOS RAMIREZ ,Unitario,1,1,Obra,1,110
118,0079-2,REHABILITACIÓN DE CAMINO SACA COSECHA MALAGANA-SAN ISIDRO DE LAS COLONIAS  UBICACIÓN COMUNIDAD MALAGANA -SAN ISIDRO DE LAS COLONIAS. ,Unitario,1,1,Obra,1,111
119,0077-1,REHABILITACION DE CAMINO SACA COSECHA RANCHO  NUEVO DE LA LUZ- LOS  VALLEJO ,Unitario,1,1,Obra,1,112
120,0077-2,"REHABILITACION DE CAMINO SACA COSECHA RANCHO  NUEVO DE LA LUZ- PLAN LIBERTADOR, COMUNIDAD RANCHO NUEVO DE LA LUZ ",Unitario,1,1,Obra,1,113
121,0112-1,"REHABILITACIÓN DE CAMINO ARBOLEDAS DE LOS  LOPEZ TRAMO:  CAMINO A CAPELLANIA DE LOERA-ESCUELAS ARBOLEDAS DE LOS LOPEZ, UBICACIÓN: COMUNIDAD ARBOLEDAS DE LOS LOPEZ  ",Unitario,1,1,Obra,1,189
122,0112-2,REHABILITACIÓN DE CAMINO DE ACCESO A SAN JOSE DEL CLAVEL- CAPELLANIA DE LOERA TRAMO : COMUNIDAD DE SAN JOSE DEL CLAVEL - CAPELLANIA DE LOERA . UBICACIÓN : COMUNIDAD  SAN JOSE DEL CLAVEL- CAPELLANIA DE LOERA.  ,Unitario,1,1,Obra,1,190
123,62,"CONSTRUCCIÓN DE BARDA PERIMETRAL EN EL  DIF, UBICADO EN LA CALLE  GRANJA NORMA,  DE LA COLONIA GRANJA IVEG.   ",Unitario,1,1,Obra,1,165
124,0032- 1,"PROYECTO CALLE DE LA CORONACION  (NEPAL), TRAMO :BANGLADESH-GENESIS  ",Unitario,1,1,Proyecto,1,210
125,0032-2,"PROYECTO CALLE TENCA, TRAMO :PRESA DEL TIGRE -PRESA DE LA MOJINA   ",Unitario,1,1,Proyecto,1,211
126,0032-3,"PROYECTO  CALLE PAULINO  DURÁN, TRAMO : BLVD.  JUAN ALONSO DE  TORRES- RODRIGUO MORENO ZERMEÑO  ",Unitario,1,1,Proyecto,1,212
127,65,"CONSTRUCCION DE ESPACIOS URBANOS EN EL MALECON DEL RIO DE LOS GOMEZ, TRAMO: CALLE OLIMPO A BLVD. TORRES LANDA ",Unitario,1,1,Obra,1,168
128,66,"PAVIMENTACION DE BLVD. JOSE MARIA MORELOS TRAMO: DISTRIBUIDOR BENITO JUAREZ-PASEO DE LOS INSURGENTES, (PRIMERA ETAPA)  ",Unitario,1,1,Obra,1,169
129,135,"REHABILITACION DEL MERCADO CENTRO COMERCIAL ALLENDE, UBICACIÓN: ENTRE CALLES AV. 27 DE SEPTIEMBRE, AQUILES SERDAN E IGNACIO LOPEZ RAYON ",Unitario,1,1,Obra,1,221
130,105,"CONSTRUCCION Y REHABILITACIÓN DE BANQUETAS EN BLVD.  LA LUZ (1RA ETAPA ), LEON  GTO.  ",Unitario,1,1,Obra,1,183
131,0072-2,"PROYECTO: PROYECTO EJECUTIVO DE RODOLFO PADILLA , TRAMO : BLVD. VASCO DE QUIROGA A BLVD. FRANCISCO VILLA  UBICACIÓN : LEON GUANAJUATO  ",Unitario,1,1,Obra,1,214
132,98,"CONSTRUCCION DE UN ESTACIONAMIENTO EN LAS INSTALACIONES DE LA FERIA ESTATAL DE LEON, EL CENTRO DE CIENCIAS EXPLORA Y POLIFORUM ",Unitario,1,1,Obra,1,175
133,49,"MEJORAMIENTO DE IMAGEN URBANA Y MANTENIMIENTO DE CAMELLONES EN LAS SIGUIENTES VIALIDADES: BLVD. J.J. TORRES LANDA, BLVD. FRANCISCO VILLA, BLVD. G. BOCANEGRA, BLVD. TIMOTEO LOZANO, BLVD.HERMANOS ALDAMA Y BLVD. JUAREZ, LEON, GUANAJUATO ",Unitario,1,1,Obra,1,164
134,83,"REHABILITACIÓN DE MINIDEPORTIVA LOS OLIVOS, UBICADA EN LA CALLE ELISA ESQUINA PUERTO DE CORUÑA, EN LA COLONIA LOS OLIVOS. ",Unitario,1,1,Obra,1,143
135,90,"REHABILITACION DE MINIDEPORTIVA SATELITE, UBICADA EN BLVD. MARIANO ESCOBEDO Y HAWAII, EN LA COLONIA SATELITE ",Unitario,1,1,Obra,1,172
136,0110-1,PROYECTO  CALLE :RÍO  SOTO LA MARINA  TRAMO: RIO TECOLUTLA   A  TOPAR  COL. SAN MIGUEL  INFONAVIT ,Unitario,1,1,Proyecto,1,68
137,0110-2,"PROYECTO  CALLE : CORTIJO DE ANZAR (COMUNIDAD DE LA MALAGANA, SAN ANTONIO DEL MONTE ) TRAMO : CARRETERA MANUEL DOBLADO A LEÓN A CALLE  CORTIJO DEL HUACO, UBICACIÓN : COL MALAGANA ( SAN ANTONIO DEL MONTE ) ",Unitario,1,1,Proyecto,1,215
138,121," CALENTADORES SOLARES EN LOS POLOS DE DESARROLLO LA SANDIA, LOS RAMIREZ, SANTA ANA DEL CONDE, EN LAS COMUNIDADES : SAN JUDAS, EL CONSUELO, SAN JOSE DEL RESPLANDOR, NUEVO LINDERO, BARRETOS, MIGUEL HIDALGO, SANDIA, LA CINTA, SAN AGUSTIN DEL MIRASOL, SAN FRANCISCO DE DURAN,  PROVIDENCIA, SAN JOSE DE BARRON, GUADALUPE VICTORIA, SAN RAFAEL DE LOS RAMIREZ,  PLAYAS DE SOTELO, BENITO JUAREZ, MIGUEL   HIDALGO, ARCINA, TERRERO, SANTA ANA DEL CONDE.  ",Unitario,1,1,Obra,1,203
139,104,"MANTENIMIENTO Y APLICACIÓN DE RIEGO A CAMELLONES Y AREAS VERDES PUBLICAS, LEON, GTO.  ",Unitario,1,1,Obra,1,181
140,101,MANTENIMIENTO A VIALIDADES NO PAVIMENTADAS EN LA ZONA SUR DE LA CIUDAD DE LEON GTO ,Unitario,1,1,Obra,1,178
141,102,"MANTENIMIENTO A VIALIDADES NO PAVIMENTADAS EN LA  ZONA NOR-ORIENTE DE LA CIUDAD DE LEON, GTO.  ",Unitario,1,1,Obra,1,179
142,103,"MANTENIMIENTO A VIALIDADES NO PAVIMENTADAS EN LA ZONA NOR- PONIENTE DE LA CIUDAD DE LEON, GTO. ",Unitario,1,1,Obra,1,180
143,113,"REHABILITACIÓN DE CAMINO DE ACCESO A MESA DE IBARRILLA, TRAMO IBARRILLA - MESA DE IBARRILLA, UBICACIÓN : COMUNIDAD DE IBARRILLA  ",Unitario,1,1,Obra,1,191
144,116,REHABILITACIÓN DE CAMINO DE ACCESO A OJO DE AGUA DE REYES UBICACIÓN: COMUNIDAD OJO DE AGUA DE REYES  ,Unitario,1,1,Obra,1,198
145,0115-1,"REHABILITACIÓN DE CAMINO  RANCHO NUEVO LA VENTA TRAMO : CALLE PRINCIPAL   RANCHO NUEVO LA VENTA, UBICACIÓN: COMUNIDAD  RANCHO NUEVO LA VENTA.  ",Unitario,1,1,Obra,1,195
146,0115-2,"REHABILITACIÓN DE CAMINO DE ACCESO A REFUGIO ROSAS  TRAMO: BALCONES DE LA JOYA- REFUGIO DE ROSAS, UBICACIÓN : COMUNIDAD  REFUGIO DE  ROSAS.  ",Unitario,1,1,Obra,1,196
147,0115-3,"REHABILITACIÓN DE CAMINO DE ACCESO A ESTACIA DE VAQUEROS, TRAMO : CARR. MANUEL DOBLADO- COMUNIDAD ESTANCIA DE  VAQUEROS. UBICACIÓN  ESTANCIA DE  VAQUEROS ",Unitario,1,1,Obra,1,197
148,99,"CONSTRUCCION DE 6 AULAS TIPO U""C CON MODULO DE ESCALERA, EN LA TELESECUNDARIA NUM.1129 CCT11ETV1129L, UBICADA EN RANCHO SAN JOSE DE LOS SAPOS AVENIDA BARAJAS S/N ",Unitario,1,1,Obra,1,176
149,97,"PLAN DE MODERNIZACION DE INFRAESTRUCTURA 2018, MERCADO LA PULGA (3RA ETAPA) DEL MUNICIPIO DE LEON GUANAJUATO ",Unitario,1,1,Obra,1,174
150,100,ADECUACION Y ESTRUCTURACION DEL CUARTEL DE POLICIA MONTADA ,Unitario,1,1,Obra,1,177
151,64,"CONSTRUCCION DE ESPACIOS URBANOS EN EL MALECON DEL RIO DE LOS GOMEZ, TRAMO: CALLE 5 DE MAYO A OLIMPO ",Unitario,1,1,Obra,1,167
152,63,"CONSTRUCCIÓN DE ESPACIOS PUBLICOS URBANOS EN EL MALECÓN DEL RÍO DE LOS GÓMEZ , TRAMO :  CALLE BLVD. JUAN ALONSO DE TORRES A CALLE 5 DE MAYO  ",Unitario,1,1,Obra,1,166
153,137,"CONSTRUCCION Y REHABILITACIÓN DE BANQUETAS EN BLVD. DELTA (1RA ETAPA ), LEON  GTO.  ",Unitario,1,1,Obra,1,224
154,82,"REHABILITACIÓN DE MINIDEPORTIVA UNIDAD OBRERA, UBICADA EN LA CALLE FIDEL VELAZQUEZ ESQUINA CALLE BLAS CHUMACERO, EN LA COLONIA OBRERA (INFONAVIT). ",Unitario,1,1,Obra,1,171
155,129,REHABILITACIÓN DE LA CALLE ESPAÑITA ( 1RA ETAPA) ,Unitario,1,1,Obra,1,216
156,107,"DEMOLICIÓN DE EDIFICACIONES EN LA ZONA DEL DISTRIBUIDOR VIAL BENITO JUAREZ, LEON, GTO.  ",Unitario,1,1,Obra,1,185
157,106,"REHABILITACIÓN DE SEÑALAMIENTO VIAL EN BULEVARES Y VIALIDADES  DE LA CIUDAD, LEON GTO.  ",Unitario,1,1,Obra,1,184
158,111,"CONSTRUCCIÓN DE BARDA PERIMETRAL EN LA PRIMARIA MARIA GREEVER , CCT 11T11DPR39410 DE LA COL. SINARQUISTAS  ",Unitario,1,1,Obra,1,188
159,120," CUARTOS ADICIONALES EN LOS POLOS DE DESARROLLO LOS SAUCES, EN LAS COMUNIDADES: LOS LOPEZ, CAPELLANIA DE LOERA, LOS SAUCES, SAN JOSE DE LOS ROMEROS, EL COPETE.  ",Unitario,1,1,Obra,1,202
160,122,"CUARTOS ADICIONALES EN LOS POLOS DE DESARROLLO RANCHO NUEVO LA VENTA, EN LAS COMUNIDADES  REFUGIO DE ROSAS, CORRAL DE PIEDRA, LAGUNILLAS.  ",Unitario,1,1,Obra,1,182
161,119,"CUARTOS ADICIONALES EN LOS POLOS DE DESARROLLO HUIZACHES, EN LAS COMUNIDADES: HUIZACHE (FUNDCIONES) HUIZACHE (RANCHO VIEJO ) HUIZACHE (ARENOSA), HUIZACHE.  ",Unitario,1,1,Obra,1,201
162,67,ESPACIO SAN FRANCISCO CONSTRUCCION DE PLAZA AMPLIACION SAN FRANCISCO (1RA. ETAPA) ,Unitario,1,1,Obra,1,170
163,131,"PLAN DE INFRAESTRUCTURA 2018, MERCADO CARRO VERDE DE LEON, GUANAJUATO ",Unitario,1,1,Obra,1,218
164,130,"MEJORAMIENTO DE VIVIENDA RURAL CUARTO DORMITORIO  EN LAS COMUNIDADES DE SAN JUAN DE OTATES, LA LABORCITA, COLORADAS, PATIÑA, SAN ANTONIO DE PADUA, HACIENDA ARRIBA, SAN JOSE DE OTATES SUR, CANELAS Y VAQUERÍAS.  ",Unitario,1,1,Obra,1,217
165,132,"ADECUACIÓN DEL PROYECTO DEL MERCADO SAN JUAN BOSCO  PARA LA 1 ER  ETAPA DE OBRA CALLE: SANTANDER, ESQUINA  CON CALLE  VIZCAYA Y CATALUÑA, EN LA COLONIA SAN JUAN BOSCO  ",Unitario,1,1,Obra,1,230
166,109,"PROYECTO  EJECUTIVO DEL MERCADO DESCARGUE ESTRELLA AV. MIGUEL ALEMAN CALLES:LEONA  VICARIO  Y AMORES, ZONA CENTRO  ",Unitario,1,1,Obra,1,187
167,108,"PROYECTO DE REHABILITACIÓN DEL MERCADO ALDAMA CALLE MIGUEL ALEMAN, CON BELISARIO DOMINGUEZ, CALLE IGNACIO COMONFORT Y J. ORTIZ DE DOMINGUEZ .  ZONA CENTRO  ",Unitario,1,1,Proyecto,1,186
168,128,"CONSTRUCCIÓN DE OSARIOS EN EL PANTEÓN MUNICIPAL SAN NICOLAS    LEÓN, GTO. ",Unitario,1,1,Obra,1,208
169,127,"CONSTRUCCIÓN DE GAVETAS  EN EL PANTEÓN MUNICIPAL LA SANDIA  Y CONSTRUCCIÓN  DE OSARIOS EN EL PANTEÓN MUNICIPAL NORTE LEON, GUANAJUATO. ",Unitario,1,1,Obra,1,209
170,123,"REHABILITACIN DEL ESPACIO PÚBLICO EN LA COLONIA   LUZ DE LA PRESA, CALLE CASTILLO DE SAN FERNANDO CON  CALLE CASTILLO DE SAN JORGE  ",Unitario,1,1,Obra,1,260
171,125,REHABILITACIÓN DEL ESPACIO PUBLICO EN LA COLONIA LA BRISA CALLE CHUPICUARO CON CALLE ARIO.  ,Unitario,1,1,Obra,1,313
172,124,REHABILITACIÓN DEL ESPACIO PÚBLICO EN LA COLONIA PUEBLO NUEVO CALLE FRAY DANIEL MIRELES  ,Unitario,1,1,Obra,1,258
173,0025-4,"PROYECTO CALLE: TORRES FLANQUEANTE, TRAMO: TRONERAS A ATALAYA ",Unitario,1,1,Proyecto,1,234
174,0007-1,"PROYECTO CALLE: PINO DE MEDINA, TRAMO: ZARZAL DE MEDINA - HUESO COL. MEDINA  ",Unitario,1,1,Proyecto,1,157
175,0007-2,"PROYECTO CALLE : MISAEL NUÑEZ, TRAMO : 26 DE AGOSTO - 14 DE MAYO  ",Unitario,1,1,Proyecto,1,158
176,151,REHABILITACIÓN DEL ESPACIO PUBLICO EN LA COLONIA  PRADO HERMOSO CALLE AV. ENRIQUE ARANDA ESQUINA CALLE ANTONIO HERNANDEZ  ,Unitario,1,1,Obra,1,243
177,159,"PAVIMENTACIÓN DE LA CALLE YACIMIENTO ACUÍFERO, TRAMO: BLVD.  YACIMIENTO-YACIMIENTO VOLCANICO, UBICACIÓN : COLONIA: EL YACIMIENTO, LEÓN GTO.  ",Unitario,1,1,Obra,1,233
178,156,CONSTRUCCIÓN DE BANQUETAS EN VARIOS PUNTOS DE LA CIUDAD PAQUETE #2 ,Unitario,1,1,Obra,1,242
179,157,CONSTRUCCIÓN DE BANQUETAS EN VARIOS PUNTOS DE LA CIUDAD PAQUETE #1 ,Unitario,1,1,Obra,1,245
180,171,REHABILITACIÓN DEL ESPACIO PÚBLICO EN LA COLONIA POPULAR LA LUZ  CALLE HEROES DE LA INDEPENDENCIA CON ARROYO ALFARO  ,Unitario,1,1,Obra,1,222
181,144,"ESTUDIO DE GESTIÓN  SOCIAL EN EL ESPACIO PÚBLICO EN EL FRACCIONAMIENTO VALLE DEL CAMPESTRE ( PANORAMA) AV. PANORAMA ESQ. BLVD. CAMPESTRE,  LEON, GUANAJUATO  ",Unitario,1,1,Proyecto,1,229
182,162,"BAÑOS RURALES EN LOS POLOS DE DESARROLLO RANCHO NUEVO LA VENTA SANTA ROSA PLAN DE  AYALA EN LAS COMUNIDADES : RESERVA, RANCHO NUEVO LA VENTA, LAGUNILLAS, PUERTA DEL CERRO, EL NACIMIENTO,  SANTA ROSA PLAN DE AYALA, SAN JOSE DE LOS SAPOS, POMPA. ",Unitario,1,1,Obra,1,241
183,143,"BAÑOS RURALES EN LOS POLOS DE DESARROLLO ALFARO: NUEVO VALLE DE MORENOS, LOS SAUCES, SAN  JUAN DE OTATES EN LAS COMUNIDADES: OJO DE AGUA DE LOS REYES, NARANJOS,  VAQUERIAS, NUEVO VALLE, ZARAGOZA,LOS LOPEZ, CAPELLANIA DE LOERA, LOS SAUCES, LA  LABORCITA.  ",Unitario,1,1,Obra,1,236
184,145,"ACCIONES DE REMEDIACIÓN POR RESOLUTIVO DE IMPACTO AMBIENTAL  PARA LAS OBRAS DEL PARQUE HIDALGO PONIENTE, LEON. GTO.",Unitario,1,1,Obra,1,240
185,158,ADECUACIÓN DEL PROYECTO EJECUTIVO DEL BLVD. MORELOS  DEL DISTIBUIDOR VIAL BENITO JUAREZ A BLVD. PASEO  DE LOS INSULRGENTES EN LA CIUDAD  DE LEÓN GUANAJUATO     ,Unitario,1,1,Proyecto,1,43
186,0164-1,"REHABILITACIÓN DEL ESPACIO PÚBLICO EN LA COLONIA  LOS COLORINES, CALLE  CIRCUITO HACIENDA SAN MIGUEL-TIRINTO  ",Unitario,1,1,Obra,1,237
187,0164-2,REHABILITACIÓN DEL ESPACIO PÚBLICO EN LA COLONIA REVOLUCIÓN CALLE VASCO DE QUIROGA ESQUINA CON PLAN DE AYALA Y CAUDILLO DEL SUR  ,Unitario,1,1,Obra,1,238
188,165,"REHABILITACION DEL ESPACIO PUBLICO EN LA COLONIA  JARDINES DE LA PRESA, CALLE JARDIN SILVESTRE -JARDIN RUSTICO  ",Unitario,1,1,Obra,1,259
190,172,"PLAN DE INFRAESTRUCTURA 2018, MERCADO ALDAMA DE LEON, GUANAJUATO ",Unitario,1,1,Obra,1,248
191,139,"PLAN DE INFRAESTRUCTURA 2018, MERCADO SAN JUAN BOSCO DEL MUNICIPIO DE LEON, GUANAJUATO ",Unitario,1,1,Obra,1,254
192,155,PROYECTO DE REHABILITACIÓN DE  ESPACIO PUBLICO EN LA COLONIA JARDINES DE LA PRADERA  ,Unitario,1,1,Proyecto,1,267
193,154,PROYECTO DE REHABILITACIÓN DEL ESPACIO PUBLICO EN LA COLONIA BOSQUES DEL SUR  ,Unitario,1,1,Proyecto,1,268
194,185,"MANTENIMIENTO RUTINARIO A DIVERSAS FUENTES DE LA CIUDAD DE LEÓN, GTO.  ",Unitario,1,1,Obra,1,304
195,188,"RESTAURACIÓN DEL INMUEBLE  TEMPLO DEL IMACULADO  CORAZON DE MARIA EN CALLE 20 DE ENERO EN EL CENTRO DE LA CIUDAD DE LEON, GTO.  ",Unitario,1,1,Obra,1,301
196,187,"RESTAURACIÓN DEL INMUEBLE  TEMPLO DE LAS TRES AVES MARIAS, UBICADO EN LA DIRECCIÓN  CALLE 5 DE MAYO NUM .343;  ZONA CENTRO EN LEÓN GTO.  ",Unitario,1,1,Obra,1,299
197,181,"PAVIMENTACION DE LA CALLE YACIMIENTO  COBRE , TRAMO  : BLVD. YACIMIENTO-YACIMIENTO  VOLCANICO, COLONIA: EL YACIMIENTO, LEÓN  GTO.  ",Unitario,1,1,Obra,1,300
198,194,"PAVIMENTACION DE LA CALLE YACIMIENTO CARBON, TRAMO : BLVD. YACIMIENTO-YACIMIENTO  VOLCANICO, COLONIA: EL YACIMIENTO, LEÓN  GTO.  ",Unitario,1,1,Obra,1,298
199,160,TRABAJOS COMPLEMENTARIOS DE REHABILITACIÓN  DEL PARQUE  PANORAMA EN LA COL.  VALLE DEL CAMPESTRE (PANORAMA) ,Unitario,1,1,Obra,1,295
200,198,ELABORACIÓN DE FICHAS  Y AVALUOS DE AFECTACIONES DE LA MODERNIZACIÓN DE LA CARRETERA ESTATAL  LOS RAMIREZ- SANTA ANA DEL CONDE TRAMO : A4(0+000-4+140) MUNICIPIO DE LEÓN  ,Unitario,1,1,Proyecto,1,293
201,175,PASO PEATONAL   SOBRE ARROYO DE LAS JOYAS EN BULEVAR  BALCONES DE LAS JOYAS ,Unitario,1,1,Obra,1,291
202,191,"CONSTRUCCION  DE PASO CON TUBERIA  EN CALLE  PARA ACCESO, EN LA COMUNIDAD DE LA MANZANILLA  ",Unitario,1,1,Obra,1,282
203,192,"CONSTRUCCION  DE PASO CON TUBERIA  EN CALLE  PARA ACCESO, EN LA COMUNIDAD DE  MESA DE  MEDINA  ",Unitario,1,1,Obra,1,283
204,193,"CONSTRUCCION  DE PASO CON TUBERIA  EN CALLE  PARA ACCESO, EN LA COMUNIDAD  DE LA CINTA  ",Unitario,1,1,Obra,1,284
205,189,"CONSTRUCCION  DE PASO CON TUBERIA  EN CALLE  PARA ACCESO, EN LA COMUNIDAD  DE  SAN JOSE DEL RESPLANDOR  ",Unitario,1,1,Obra,1,285
206,190,"CONSTRUCCION  DE PASO CON TUBERIA  EN CALLE  PARA ACCESO, EN LA COMUNIDAD  DE   CANELAS  ",Unitario,1,1,Obra,1,286
207,196,MANTENIMIENTO AL PARQUE SAN PIO X ( 1 ERA A ETAPA ) ,Unitario,1,1,Obra,1,281
208,201,"CALENTADORES SOLARES EN LAS COLONIAS: AMPLIACIÓN SAN FRANCISCO, AMPLIACIÓN SAN FRANCISCO II, BISAS DE SAN FRANCISCO I, LUCERO DE SAN NICOLAS, PIEDRA AZUL I Y II ENTRE OTRAS.  ",Unitario,1,1,Obra,1,280
209,202,"CALENTADORES SOLARES EN LAS COLONIAS: ANTENAS DE ARRIBA, ARBOLEDAS DE LA SELVA, LA SELVA, LAURELES DE LA SELVA, LOMAS DE LA SELVA, MESITAS DEL CONSUELO , VALLE DEL CONSUELO II, UNION COMUNITARIA LOS LAURELES , VALLE DEL  CONSUELO II,ENTRE OTRAS.  ",Unitario,1,1,Obra,1,246
210,136,"MANTENIMIENTO AL RETORNO  EN PUENTE LA HERRADURA (ACCESO AL  FRACC. ALAMO ) Y AL BLVD. AEROPUERTO. LEON, GTO.  ",Unitario,1,1,Obra,1,223
211,0184-1,"PAVIMENTACIÓN DE LA CALLE CERRO DEL LABRADOR, TRAMO : DEL AGRICULTOR- LABRANZA, UBICACIÓN  COLONIA SAN ISIDRO LABRADOR  ",Unitario,1,1,Obra,1,231
212,0184-2,"PAVIMENTACIÓN DE LA CALLE NEPAL (ANTES ""DE LA CORONACIÓN, )""TRAMO : BANGLADESH GÉNESIS, UBICACIÓN   COL. LOMAS DE GUADALUPE  ",Unitario,1,1,Obra,1,232
213,153,"MEJORMIENTO DE VIVIENDA RURAL DE CALENTADOR SOLAR EN LAS  COMUNIDADES DE : SANTA ROSA PLAN DE AYALA, SAN JOSE DE LOS SAPOS, RAMILLETE,  POMPA, ESTANCIA DE LOS SAPOS,  PUERTA DE SAN GERMAN, MALAGANA, SAN PEDRO DEL MONTE, NARANJOS, ALFARO, OJO DE AGUA DE LOS REYES, CORRAL DE PIEDRA, LAGUNILLAS, RANCHO NUEVO LA VENTA, LA GLORIA, LA MORA, EL NACIMIENTO, PUERTA DEL CERRO, LA RESEVA, PATIÑA, HACIENDA ARRIBA, NUEVO  VALLE,  GRANJAS ECONOMICAS, CAPELLANIA,  LOS LOPEZ, ALBARRADONES, EL COPETE, LOS SAUCES, ZARAGOZA, SAN JOSE DE LOS ROMEROS, JACALES.  ",Unitario,1,1,Obra,1,250
214,174,"PAVIMENTACIÓN DE LA CALLE ARMADILLO TRAMO : DE FOCA A LEOPARDO , UBICACIÓN COL. LOMAS  DE ECHEVESTE  ",Unitario,1,1,Obra,1,256
215,173,PROYECTO EJECUTIVO DE REHABILITACIÓN DEL PARQUE LINEAL SARDANETA. ACCESO NORTE DEL ZOOLÓGICO AL PARQUE METROPOLITANO ,Unitario,1,1,Proyecto,1,266
216,197,"PROYECTO EJECUTIVO CENTRO COMERCIAL ALLENDE EN LEÓN, GUANAJUATO CALLE IGNACIO LOPEZ RAYÓN ESQUINA CON AV. 27 DE  SEPTIEMBRE  COL. OBREGÓN.  ",Unitario,1,1,Proyecto,1,271
217,203,"CALENTADORES SOLARES EN LAS COLONIAS : ARBOLEDAS DE SAN HILARION, LIBERTAD ENTRE OTRAS  ",Unitario,1,1,Obra,1,273
218,152,REHABILITACION DE ESPACIO PUBLICO EN LA COLONIA ECHEVESTE 2000 CALLE ESTRAGON ESQUINA CALLE NABO ,Unitario,1,1,Obra,1,249
219,169,"REHABILITACIÓN  DEL ESPACIO PUBLICO EN LA COLONIA BALCONES DE LA PRESA II, CALLE  PRESA DEL BAJIO  ",Unitario,1,1,Obra,1,276
220,150,"REHABILITACIÓN DEL ESPACIO PUBLICO EN LA COLONIA  JARDINES DE ORIENTE, CALLE NAZARET-MIGUEL ANGEL.  ",Unitario,1,1,Obra,1,251
221,167,REHABILITACÓN DEL ESPACIO PUBLICO EN LA COLONIA LAS TROJES CALLE DR. JUAN BAUTISTA OROZCO CON CALLE LIC. JOSÉ HERNÁNDEZ  DELGA Y AV. GUANAJUATO ,Unitario,1,1,Obra,1,252
222,166,"REHABILITACIÓN DEL ESPACIO PÚBLICO EN LA COLONIA MISIÓN DE LA PRESA, CALLE BOSQUES DE LOS MANGLARES ESQUINA BOSQUES DE LOS NARANAJOS  ",Unitario,1,1,Obra,1,278
223,138,"PLAN DE INFRAESTRUCTURA 2018, MERCADO ESPIRITU SANTO DE LEON, GUANAJUATO ",Unitario,1,1,Obra,1,255
224,140,RAHABILITACIÓN DE LA CALLE LA LUZ (1RA ETAPA) ,Unitario,1,1,Obra,1,253
225,149,LABORATORIO VERIFICADOR 2018 PAQUETE 6 ,Unitario,1,1,Obra,1,308
226,177,"REHABILITACIÓN DEL ESPACIO PUBLICO EN LA COLONIA  COLINAS DE PLATA, BLVD. COLINAS DE  PLAGTA- PERDIGÓN  ",Unitario,1,1,Obra,1,279
227,146,REHABILITACIÓN   DE ESPACIOS PÚBLICOS  DE LA CIUDAD DE LEÓN GTO.  ,Unitario,1,1,Obra,1,290
228,158,ADECUACIÓN DEL PROYECTO EJECUTIVO DEL BLVD. MORELOS  DEL DISTIBUIDOR VIAL BENITO JUAREZ A BLVD. PASEO  DE LOS INSULRGENTES EN LA CIUDAD  DE LEÓN GUANAJUATO     ,Unitario,1,1,Proyecto,1,310
229,0071-1,PROYECTO  EJECUTIVO DE REUBICACION DE LA LINEA DE AGUAS  NEGRAS UBICADA EN EL  ECOPARQUE  CURTIDORES ,Unitario,1,1,Proyecto,1,95
230,0071-2,"PROYECTO EJECUTIVO DE PARQUE  LINEAL ARROYO ALFARO, TRAMO: BLVD.  VICENTE VALTIERRA A BLVD. LA LUZ MUNICIPIO DE LEON GTO.  ",Unitario,1,1,Proyecto,1,269
231,183,"MANTENIMIENTO Y REHABILITACIÓN DE ESPACIOS VERDES  EN DIVERSAS DE VIALIDADES, LEON, GTO.  ",Unitario,1,1,Obra,1,305
232,163,"REHABILITACIÓN DE  LA AV. GASODUCTO (2DA ETAPA) EN FRACC. CIUDAD INDUSTRIAL, LEON GTO.  ",Unitario,1,1,Obra,1,292
233,141,"MEJORAMIENTO DE VIVIENDA RURAL CUARTO DORMITORIO EN LAS COMUNIDADES DE: LA SANDIA, RANCHO NUEVO LA LUZ, LA CINTA, SANTA ROSA PLAN DE AYALA, SAN JOSE DE LOS SAPOS, POMPA, LOS TEPETATES, LOS ARCOS, MIGUEL HIDALGO, SANTA ANA DEL CONDE Y BENITO JUAREZ ",Unitario,1,1,Obra,1,311
234,186,"RESTAURACIÓN DE LA FACHADA DE CATEDRAL EN  LEON, GUANAJUATO.  ",Unitario,1,1,Obra,1,312
235,0133-1,"REHABILITACIÓN DE CAMINO DE ACCESO A LAS COLORADAS  TRAMO: CAMINO DUARTE-COMANJILLA-ACCESO LAS COLORADAS, UBICACIOÓN : COMUNIDAD DE LAS COLORADAS  ",Unitario,1,1,Obra,1,264
236,0133-2,REHABILITACION DE CAMINO  NUEVO  VALLE DE MORENO- ACCESO CANELAS  UBICACIÓN : COMUNIDAD CANELAS  ,Unitario,1,1,Obra,1,263
237,221,INSPECCION  ESTRUCTURAL DE PUENTES EN LAS PRINCIPALES VIALIDADES DE LA CIUDAD  ,Unitario,1,1,Proyecto,1,307
238,188,"RESTAURACIÓN DEL INMUEBLE  TEMPLO DEL IMACULADO  CORAZON DE MARIA EN CALLE 20 DE ENERO EN EL CENTRO DE LA CIUDAD DE LEON, GTO.  ",Unitario,1,1,Obra,1,309
239,179,"PAVIMENTACIÓN DE LA CALLE 1 ER  FAJARDO TRAMO : FAJARDO A PALO ALTO, UBICACIÓN : EL PALOTE  ",Unitario,1,1,Obra,1,297
240,180,PAVIMENTACIÓN DE LA CALLE 2DO ANDADOR FAJARDO TRAMO: FAJARDO A PALO ALTO. UBICACIÓN : COL. EL PALOTE. ,Unitario,1,1,Obra,1,296
241,176,"REHABILITACIÓN DEL ESPACIO PÚBLICO EN EL FRACCIONAMIENTO  EL FARO, SEGUNDA  ETAPA, CALLES: FARO DE PUERTO VALLARTA Y FERROCARRILES NACIONALES, LEÓN GUANAJUATO. ",Unitario,1,1,Obra,1,294
242,148,"MANTENIMIENTO   Y REHABILITACIÓN AL EQUIPAMIENTO EN AREAS DE DONACION DE LA CIUDAD  DE LEON, GTO.  ",Unitario,1,1,Obra,1,289
243,147,MANTENIMIENTO  AL EQUIPAMIENTO URBANOS EN AREAS PÚBLICAS  DE LA CIUDAD DE LEÓN GTO.  ,Unitario,1,1,Obra,1,288
244,168,"REHABILITACIÓN DEL  ESPACIO PUBLICO EN LA COLONIA VALLE DE LOS CASTILLOS, CALLE   EL ESCORIAL CASI ESQUINA  PASEO DE LA PRESA  ",Unitario,1,1,Obra,1,277
245,170,"REHABILITACIÓN  DEL ESPACIO PUBLICO EN LA COLONIA MISION DE SAN JOSÉ, CALLE MISION JESUITA  MISION EVANGELICA  ",Unitario,1,1,Obra,1,275
246,178,"PROYECTO CALLE 1, CALLE 2, CALLE 3 Y CALLE 4, UBICACIÓN:  CENTRAL DE ABASTOS, CENTRAL DE ABASTOS, ESTACIONAMIENTO  CENTRAL DE ABASTOS, Y ESTACIONAMIENTO CENTRAL DE ABASTO. ",Unitario,1,1,Proyecto,1,274
247,195,"MANTENIMIENTO AL PUENTE  VEHICULAR EN BLVD. AEROPUERTO INTERSECCION  CON RIO TAJO SANTA ANA LEON, GTO.  ",Unitario,1,1,Obra,1,272
248,226,"REHABILITACIÓN DE INFRAESTRUCTURA HIDRAULICA,  Y DE AULAS  PARA LA ESCUELA NORMAL  OFICIAL DE LEÓN, GUANAJUATO,  ",Unitario,1,1,Obra,1,270
249,142,"REHABILITACIÓN DE CAMINO DE ACCESO  DERRAMADERO TRAMO : VAQUERIAS  A DERRAMADERO , COMUNIDAD  EL DERRAMADERO  ",Unitario,1,1,Obra,1,235
250,0134-1,"REHABILITACIÓN DE CAMINO DE ACCESO  A RANCHO EL TREBOL, TRAMO : COMUNIDAD RANCHO EL TREBOL- CALLE PRINCIPAL, UBICACIÓN : COMUNIDAD RANCHO EL TREBOL  ",Alzado,1,1,Obra,1,227
251,0134-2,"REHABILITACIÓN DE CAMINO DE ACCESO A LOS TEPETATES TRAMO: PROVIDENCIA -LOS TEPETATES, UBICACIÓN  COMUNIDAD LOS TEPETATES  ",Unitario,1,1,Obra,1,226
252,0134-3,REHABILITACIÓN  DE CAMINO DE ACCESO A   LA COMUNIDAD LA SANDIA - ESTANCIA DE LA SANDIA  ,Unitario,1,1,Obra,1,261
253,0114-1,"REHABILITACION DE CAMINO DE ACCESO A LA CINTA, TRAMO: CAMINO A BARRETOS-LA SANDIA-ACCESO LA CINTA;  ",Unitario,1,1,Obra,1,193
254,0114-2,"REHABILITACION DE CAMINO DE ACCESO A LA ESTANCIA DE LA SANDIA, TRAMO: CARR. LEON-CUERAMARO-LA ESTANCIA DE LA SANDIA, UBICACIÓN: COMUNIDAD ESTANCIA LA SANDIA ",Unitario,1,1,Obra,1,192
255,0114-3,"REHABILITACION DE CAMINO DE ACCESO  EL CONSUELO, TRAMO : CARR. LEÓN CUERAMARO - ACCESO EL CONSUELO  UBICACIÓN  : EL CONSUELO  ",Unitario,1,1,Obra,1,262
256,161,"BAÑOS RURALES EN LOS POLOS DE DESARROLLO LA SANDIA, LOS RAMIREZ, SANTA ANA DEL CONDE EN LAS COMUNIDADES:  BARRETOS, EL CONSUELO, SAN JUDAS, PLAYAS DE SOTELO, SANTA ANA DEL CONDE, RESPLANDOR, RAMIREZ ",Unitario,1,1,Obra,1,340
257,216,CONSTRUCCIÓN DE BANQUETAS EN VARIOS PUNTOS DE LA CIUDAD PAQUETE # 7 ,Unitario,1,1,Obra,1,326
258,199,"PANTEON MUNICIPAL DUARTE, COMUNIDAD DUARTE, LEON GTO ",Unitario,1,1,Obra,1,320
259,228,REHABILITACION DEL AREA DEPORTIVA ENTRE EL AND. GRUPO  INSURGENTES Y AV. GUTY  CARDENAS EN LA COLONIA  UNIDAD HABITACIONAL MIGUEL HIDALGO. REHABILITACIÓN DEL AREA DEPORTIVA  UBICADA EN LA  CALLE  ALBERTO F. DANEL DE LA COLONIA  SANTA MARIA DE CEMENTOS.   ,Unitario,1,1,Obra,1,337
260,210,"PAVIMENTACION DE LA CALLE ACTEON, TRAMO: SALOMON A ORO COL. VALLE DE SEÑORA ",Unitario,1,1,Obra,1,317
261,219,CONSTRUCCIÓN DE BANQUETAS EN VARIOS PUNTOS DE LA CIUDAD PAQUETE # 10 ,Unitario,1,1,Obra,1,329
262,0228-1,REHABILITACION DEL AREA DEPORTIVA ENTRE EL AND. GRUPO INSURGENTES Y AV. GUTY CARDENAS EN LA COLONIA UNIDAD HABITACIONAL MIGUEL HIDALGO ,Unitario,1,1,Obra,1,342
263,0228-2, REHABILITACION DEL AREA DEPORTIVA UBICADA EN LA CALLE ALBERTO F. DANIEL DE LA COLONIA SANTA MARIA DE CEMENTOS,Unitario,1,1,Obra,1,343
264,0245-1,PROYECTO  CALLE : VALLE DE LA SANTISIMA  TRINIDAD. TRAMO: VIA DE LOS GIRASOLES  A VALLE DE LA PURISIMA CONCEPCIÓN  UBICACIÓN: COLONIA VALLE DE LA LUZ II ,Unitario,1,1,Proyecto,1,336
265,0246-1,PROYECTO  CALLE : GAMALIEZ   TRAMO: UNIVERSIDAD  CRISTIANA  A TOPAR LADO PTE. COLONIA : SAN PABLO  ,Unitario,1,1,Proyecto,1,334
266,0246-2,PROYECTO CALLE : VIAJES APOSTOLICOS. TRAMO : UNIVERSIDAD  CRISTINA A TOPAR LADO OTE. UBICACIÓN: COLONIA SAN PABLO.  ,Unitario,1,1,Proyecto,1,335
267,238,"PROYECTO  CALLE : DE LA EXPROPIACION (ANTES H. AYUNTAMIENTO). TRAMO : BLVD. TIMOTEO LOZANO-MARTIRES DEL RIO BLANCO, COL. LIBERTAD  ",Unitario,1,1,Proyecto,1,333
268,207,"PAVIMENTACIÓN DE LA CALLE DORADILLA TRAMO: PASEO DE LA PRESA-RIO DE LOS CASTILLOS, COLONIA: VALLE HERMOSO II ",Unitario,1,1,Obra,1,314
269,211,"PAVIMENTACION DE LA CALLE UVERO, TRAMO: DE LA CEPA-DEL MOSTO, COL. ARBOLEDAS DE SAN JOSE ",Unitario,1,1,Obra,1,315
270,209,"PAVIMENTACION DE LA CALLE SAN JOSE DE LAS LAJAS, TRAMO: SAN JOSE ITURBIDE A SAN JOSE DE COSTA RICA, COLO. REFUGIO DE SAN JOSE ",Unitario,1,1,Obra,1,316
271,208,PAVIMENTACION DE LA CALLE TENCA TRAMO: PRESA DEL TIGRE A PRESA DE LA MOJINA COL. EL VALLADITO ,Unitario,1,1,Obra,1,318
272,182,CONSTRUCCION DE ESTACION DE BOMBEROS METROPOLITANA NO. 9 UBICADA EN LA CALLE SANTA CROCCE DEL FRACCIONAMIENTO SANTA CROCCE (2DA. ETAPA) ,Unitario,1,1,Obra,1,319
273,233,AJUSTES DE ACCESO EN ESTACIÓN  DEL SIT MARAVILLAS  ,Unitario,1,1,Obra,1,287
274,215,CONSTRUCCIÓN DE BANQUETAS EN VARIOS PUNTOS DE LA CIUDAD PAQUETE #3 ,Unitario,1,1,Obra,1,322
275,213,CONSTRUCCIÓN DE BANQUETAS EN VARIOS PUNTOS DE LA CIUDAD PAQUETE # 4 ,Unitario,1,1,Obra,1,323
276,212,CONSTRUCCIÓN DE BANQUETAS EN VARIOS PUNTOS DE LA CIUDAD PAQUETE # 5 ,Unitario,1,1,Obra,1,324
277,214,CONSTRUCCIÓN DE BANQUETAS EN VARIOS PUNTOS DE LA CIUDAD PAQUETE # 6  ,Unitario,1,1,Obra,1,325
278,217,CONSTRUCCIÓN DE BANQUETAS EN VARIOS PUNTOS DE LA CIUDAD PAQUETE # 8 ,Unitario,1,1,Obra,1,327
279,218,CONSTRUCCIÓN DE BANQUETAS EN VARIOS PUNTOS DE LA CIUDAD PAQUETE # 9 ,Unitario,1,1,Obra,1,328
280,220,CONSTRUCCIÓN DE BANQUETAS EN VARIOS PUNTOS DE LA CIUDAD PAQUETE # 11 ,Unitario,1,1,Obra,1,330
281,242,"ACTUALIZACION Y MODIFICACION  DEL PROYECTO  EJECUTIVO DEL PARQUE JUAREZ, UBICADO EN EL BLVD. TIMOTEO LOZANO, INDEPENDENCIA  Y HONDA  DE SAN MIGUEL  EN LA COL. SAN MIGUEL.  ",Unitario,1,1,Proyecto,1,332
282,232,"DIAGNOSTICO DEL MERCADO  LA LUZ, ENTRE CALLES LA LUZ Y ESPAÑITA  COLONIA EL COECILLO, LEON, GUANAJUATO.  ",Unitario,1,1,Proyecto,1,331
283,75,"PLAN INTEGRAL DE MOVILIDAD URBANA SUSTENTABLE DE LEON, GUANAJUATO (PIMUS LEON) ",Unitario,1,1,Proyecto,1,344
284,264,"PROYECTO  EJECUTIVO DE LA PAVIMENTACION DE LA CALLE SENDERO OLMECA. TRAMO : DE SENDERO MEXICA A AÑORANZA, COLONIA ARBOLEDAS DE SAN PEDRO  ",Unitario,1,1,Obra,1,10367
285,0245-2,"PROYECTO CALLE: JEREZ DE JALON, TRAMO: BLVD. DELTA A JEREZ DE LANZAROTE COL. VALLE DE JEREZ. ",Unitario,1,1,Proyecto,1,10359
286,0245-3,PROYECTO EJECUTIVO DE LA CALLE VALLE DE SANTA ISABEL TRAMO: VIA DE LOS GIRASOLES A VALLE DE LA PURISIMA CONCEPCION COLONIA VALLE DE LA LUZ II,Unitario,1,1,Proyecto,1,10360
287,229,LABORATORIO VERIFICADOR 2018 PAQUETE 7 ,Unitario,1,1,Obra,1,10358
288,235,"REMODELACIÓN   DE LA UNIDAD DEPORTIVA ENRIQUE FERNANDEZ MARTINEZ (MODULO DE BAÑOS, VESTIDORES, ALUMBRADO EXTERIOR Y OBRAS  COMPLEMENTARIAS) 1 RA. ETAPA,  CON ALCANCES DE EJECUCIÓN DE DRENAJE  BLUVIAL   EN ESTACIONAMIENTO.  ",Unitario,1,1,Obra,1,10370
289,0276-1,CONSTRUCCIÓN DE LOSAS DE CONCRETO  EN LOS ESPACIOS DE LAS COLONIAS : VALLE DE LOS PINOS ,Unitario,1,1,Obra,1,10381
290,0276-2,CONSTRUCCIÓN DE LOSAS DE CONCRETO  EN LOS ESPACIOS DE LAS COLONIAS: REAL DE JEREZ,Unitario,1,1,Obra,1,10374
291,0276-3," CONSTRUCCIÓN DE LOSAS DE CONCRETO  EN LOS ESPACIOS DE LAS COLONIAS : PARQUES DEL SUR II,  ",Unitario,1,1,Obra,1,10375
292,0276-4,CONSTRUCCIÓN DE LOSAS DE CONCRETO  EN LOS ESPACIOS DE LAS COLONIAS : PARQUES DE LA PRADERA,Unitario,1,1,Obra,1,10377
293,0276-5,CONSTRUCCIÓN DE LOSAS DE CONCRETO  EN LOS ESPACIOS DE LAS COLONIAS  : LA MOREÑA,Unitario,1,1,Obra,1,10378
294,0276-6,CONSTRUCCIÓN DE LOSAS DE CONCRETO  EN LOS ESPACIOS DE LAS COLONIAS : HACIENDAS DE SAN JOSÉ,Unitario,1,1,Obra,1,10379
295,0276-7,CONSTRUCCIÓN DE LOSAS DE CONCRETO  EN LOS ESPACIOS DE LAS COLONIAS : MEZQUITAL DE JEREZ,Unitario,1,1,Obra,1,10382
296,0276-8,CONSTRUCCIÓN DE LOSAS DE CONCRETO  EN LOS ESPACIOS DE LAS COLONIAS: VALLE DE SAN NICOLAS ,Unitario,1,1,Obra,1,10383
297,0276-9,CONSTRUCCIÓN DE LOSAS DE CONCRETO  EN LOS ESPACIOS DE LAS COLONIAS: VALLE DEL REAL III,Unitario,1,1,Obra,1,10387
298,0276-10,CONSTRUCCIÓN DE LOSAS DE CONCRETO  EN LOS ESPACIOS DE LAS COLONIAS: REFUGIO DE SAN JOSÉ ,Unitario,1,1,Obra,1,10386
299,0281-1,"REHABILITACIÓN DE ESPACIO PÚBLICO EN LA COLONIA ""PASEOS DE LA CIMA"" EN CALLE PASEOS  DEL ORIEN LEÓN, GUANAJUATO. ",Unitario,1,1,Obra,1,10389
300,0281-2,"REHABILITACIÓN   DE ESPACIO PUBLICO EN LA COLONIA SAUCILLOS DE LA JOYA ENTRE CALLE PASCAL-KANT Y CALLE PLATÓN LEÓN, GUANAJUATO",Unitario,1,1,Obra,1,10390
301,0275-1,CONSTRUCCIÓN DE LOSAS  DE CONCRETO  EN LOS ESPACIOS DE LAS COLONIAS : BALCONES DE LA PRESA I ,Unitario,1,1,Obra,1,10392
302,0275-2,CONSTRUCCIÓN DE LOSAS  DE CONCRETO  EN LOS ESPACIOS DE LAS COLONIAS : PISCINA SUR ,Unitario,1,1,Obra,1,10393
303,0275-3,CONSTRUCCIÓN DE LOSAS  DE CONCRETO  EN LOS ESPACIOS DE LAS COLONIAS: VILLA OLIMPICA ,Unitario,1,1,Obra,1,10394
304,0275-4,CONSTRUCCIÓN DE LOSAS  DE CONCRETO  EN LOS ESPACIOS DE LAS COLONIAS: VILLAS DE SANTA JULIA ORIENTE,Unitario,1,1,Obra,1,10395
305,0275-5,CONSTRUCCIÓN DE LOSAS  DE CONCRETO  EN LOS ESPACIOS DE LAS COLONIAS : JARDINES DEL BOSQUE ,Unitario,1,1,Obra,1,10396
306,0275-6,CONSTRUCCIÓN DE LOSAS  DE CONCRETO  EN LOS ESPACIOS DE LAS COLONIAS : VILLAS DE LA  PRESA ,Unitario,1,1,Obra,1,10397
307,0275-7,CONSTRUCCIÓN DE LOSAS  DE CONCRETO  EN LOS ESPACIOS DE LAS COLONIAS : VALLE DE SEÑORA,Unitario,1,1,Obra,1,10398
308,0275-8,CONSTRUCCIÓN DE LOSAS  DE CONCRETO  EN LOS ESPACIOS DE LAS COLONIAS : BRISAS DEL CAMPESTRE ,Unitario,1,1,Obra,1,10399
309,0275-9,CONSTRUCCIÓN DE LOSAS  DE CONCRETO  EN LOS ESPACIOS DE LAS COLONIAS : LOS LAURELES ,Unitario,1,1,Obra,1,10400
310,0275-10,CONSTRUCCIÓN DE LOSAS  DE CONCRETO  EN LOS ESPACIOS DE LAS COLONIAS : PASEOS DE LA CIMA ,Unitario,1,1,Obra,1,10401
311,0275-11,CONSTRUCCIÓN DE LOSAS  DE CONCRETO  EN LOS ESPACIOS DE LAS COLONIAS : JOYAS DE  CASTILLA ,Unitario,1,1,Obra,1,10402
312,0275-12,CONSTRUCCIÓN DE LOSAS  DE CONCRETO  EN LOS ESPACIOS DE LAS COLONIAS : SOLIDARIDAD LEONESA (PEDREGAL),Unitario,1,1,Obra,1,10403
313,0275-13,CONSTRUCCIÓN DE LOSAS  DE CONCRETO  EN LOS ESPACIOS DE LAS COLONIAS : SAN MIGUEL  RENTERIA ,Unitario,1,1,Obra,1,10404
314,0275-14,CONSTRUCCIÓN DE LOSAS  DE CONCRETO  EN LOS ESPACIOS DE LAS COLONIAS : PRESITAS DEL CONSUELO ,Unitario,1,1,Obra,1,10405
315,0275-15,CONSTRUCCIÓN DE LOSAS  DE CONCRETO  EN LOS ESPACIOS DE LAS COLONIAS : LOMAS DE MEDINA ,Unitario,1,1,Obra,1,10406
316,0275-16,CONSTRUCCIÓN DE LOSAS  DE CONCRETO  EN LOS ESPACIOS DE LAS COLONIAS : UNIDAD OBRERA ,Unitario,1,1,Obra,1,10407
317,0275-17,CONSTRUCCIÓN DE LOSAS  DE CONCRETO  EN LOS ESPACIOS DE LAS COLONIAS : ALAMEDA  LA PRESA,Unitario,1,1,Obra,1,10408
318,249,REHABILIATACIÓN  AL RETORNO  ACCESO A PARQUE  INDUSTRIAL  COLINAS  DE LEÓN  GTO.  ,Unitario,1,1,Obra,1,10438
319,227,"REHABILITACION DEL AREA DEPORTIVA UBICADA EN LA CALLE GARCETA, DE LA COLONIA SAN IGNACIO ",Unitario,1,1,Obra,1,10426
320,204,"CALENTADORES SOLARES EN LAS COLONIAS :RIVERA DE LOS CASTILLOS, SAN ISIDRO AZTECA, SAN ISIDRO LABRADOR, SAN JAVIER SAN NICOLAS DEL  PALOTE, VALLE HERMOSO, ENTRE OTRAS.  ",Unitario,1,1,Obra,1,10391
321,278,CONSTRUCCIÓN Y EQUIPAMIENTO DE UNA SALA DE TITULACIÓN EN EL INSTITUTO TECNOLÓGICO DE LEÓN GUANAJUATO ,Unitario,1,1,Obra,1,10371
322,291,"CALENTADORES SOLARES EN LAS COLONIAS : VALLE  AZUL, VALLE DE LAS AVES, VALLE DE LAS FLORES, AMPLIACIÓN SAN FRANCISCO, BRISAS  DE SAN FRANCISCO, EL ROTARIO, VALLE DE LA LUZ, DIEZ DE MAYO, BALCONES DE JEREZ, LA GLORIA, VALLE DE SAN JOSE ENTRE OTRAS.  ",Unitario,1,1,Obra,1,10355
323,268,"CALENTADORES SOLARES EN LAS COLONIAS: EL  RECUERDO, LA PISCNA, LUCITA BETANIA, PORTONES DE SAN JACINTO, VALLE DE LOS MILAGROS, ENTRE  OTRAS.  ",Unitario,1,1,Obra,1,10354
324,240,"CALENTADORES SOLARES EN LAS COLONIAS: PILETAS III Y IV, ENTRE OTRAS ",Unitario,1,1,Obra,1,10353
325,239,"CALENTADORES SOLARES EN LAS COLONIAS: CERRITO DE LA JOYA I Y II, LA PERLITA, LOMAS DE LA PAZ, LOMAS DE LA PAZ II, LOMAS DE LA PAZ III, LOMAS DE MONSERRAT, LOMAS DEL SOL, MAPAZ, MINERAL III, MISION Y TORRES, PARAISO II, PEDREGAL DEL SOL, PEDREGAL DEL SOL II, REAL 2000, RIVERA DE LA JOYA, RUBI, VILLAREAL, ENTRE OTRAS ",Unitario,1,1,Obra,1,10352
326,267,"CALENTADORES SOLARES EN LAS COLONIAS: CAMPESTRE DE JEREZ, ESPERANZA DE JEREZ, JESUS MARIA, LAS TORRES, MARIA DE LA LUZ, POPULAR GUADALAJARA, POPULAR POLANCO, SAN JUAN BAUTISTA, UNION OBRERA, VALLE DE JEREZ, VALLE DE JEREZ II SECCION, VILLAS SANTA TERESITA, ENTRE OTRAS ",Unitario,1,1,Obra,1,10351
327,269,"CALENTADORES SOLARES EN LAS COLONIAS. AMPLIACION LEON I, AMPLIACION MEDINA, ANGELES Y MEDINA, BENITO JUAREZ, ENTRE OTRAS. ",Unitario,1,1,Obra,1,10350
328,277,"CALENTADORES SOLARES EN LAS COLONIAS AGUA AZUL,  ARBOLEDASDE SAN JOSE, ARBOLEDAS DE   SEÑORA, AZTECA, BOSQUES DE LA PRADERA, CERRITO DE JEREZ, COLINAS DE SANTA JULIA, DELTA 2000, EL GRANJENO,  GRANJAS  MARIA DOLORES, HACIENDA LOS OTATES, JARDINES DE JEREZ, JARDINES DE LA  PRADERA,  JARDINES DE SAN JUAN, JESUS  DE NAZARETH,  LA GARITA, LA MOREÑA, LA NORIA, LAS VILLAS,  LOMAS DE JEREZ, LOS HEROES DE LEON,  MARIA DOLORES, MARSOL I , ORIENTAL, PARQUES DEL SUR, PASEOS DEL MOLINO, REAL  DE JEREZ, ROTARIO, SAN FRANCISCO, SAN JOSE EL ALTO, SANTA MARIA DEL GRANJENO, TORRE MOLINO, VALLE DE LA LUZ, VALLE  DELTA, VALLE  REAL,  VILLAS DE LEON,  VILLAS DE NUESTRA SEÑORA DE LA LUZ, VILLAS DE SAN JUAN, VILLAS DE SANTA JULIA ENTRE OTRAS.  ",Unitario,1,1,Obra,1,10349
329,231,"CALENTADORES SOLARES EN LAS COLONIAS: BALCONES DE LA JOYA, CAMINOS A SAN JUAN, EL RENACIMIENTO (MI ESPERANZA), ESTANCIA DE LA JOYA, LA JOYA (EJIDO), MINERAL DE LA JOYA, MONTAÑA DEL SOL, PASEOS DE LA JOYA, SAUCILLO DE LA JOYA, VALLE DE SAN PEDRO DE LA JOYA I SECCION, VALLE DE SAN PEDRO DE LA JOYA II SECCION, ENTRE OTRAS ",Unitario,1,1,Obra,1,10348
330,230,"CALENTADORES SOLARES EN LAS COLONIAS: LOMAS DE MEDINA, MARAVILLAS 1a SECCION, MARAVILLAS 2a SECCION, MEDINA, PRESIDENTES DE MEXICO, REVOLUCION, SAN FELIPE DE JESUS, ENTRE OTRAS. ",Unitario,1,1,Obra,1,10347
331,287,"PAVIMENTACION DE LA CALLE CHINCHON, TRAMO: CAD 0+120.00 A CALLE MURCIA, COL. PILETAS IV ",Unitario,1,1,Obra,1,10430
332,225,"CALENTADORES SOLARES EN LAS COLONIAS: ARBOLEDAS DEL CAMPO, DESARROLLO EL POTRERO, EL CARMEN CTM, EL ROSARIO, MARSOL 1 NUEVO AMANECER, VALLE DE LA LUZ, ENTRE OTRAS ",Unitario,1,1,Obra,1,10346
333,224,CALENTADORES SOLARES EN LAS COLONIAS: PILETAS I Y II ENTRE OTRAS ,Unitario,1,1,Obra,1,10345
334,223,"CALENTADORES SOLARES EN LAS COLONIAS: LAS AMALIAS, MORELOS (EL GUAJE) SAN JOSE DE CEMENTOS, SANTA MARIA DE CEMENTOS, VENCEDOR ",Unitario,1,1,Obra,1,10344
335,222,"CALENTADORES SOLARES EN LAS COLONIAS: CENTRO FAMILIAR LA PIEDAD, CENTRO FAMILIAR LA SOLEDAD, COLINA DE LA HACIENDA, CONVIVE, EL YACIMIENTO, FRUTAL DE LA HACIENDA I, FRUTAL DE LA HACIENDA II, HORIZONTE AZUL, NUEVA ERMITA, PARAISO, RIZOS DEL SAUCILLO I Y II, SINARQUISTAS, ENTRE OTRAS. ",Unitario,1,1,Obra,1,10343
336,0263-1,"PROYECTO EJECUTIVO DE LA CALLE CARDENALES DE SAN LUIS TRAMO: VAQUEROS DE DALLAS A CARGADORES DE SAN DIEGO, COL. DEPORTIVA II;",Unitario,1,1,Proyecto,1,10361
337,236,"MEJORAMIENTO DE VIVIENDA RURAL, CONSTRUCCION DE TECHO DIGNO EN LAS COMUNIDADES DE MESA DE MEDINA, NARANJOS, SAN JOSE DEL MALPASO, LAGUNILLAS, REFUGIO DE ROSAS, PATIÑA, SAN ANTONIO DE PADUA, LEON, GUANAJUATO. ",Unitario,1,1,Obra,1,10356
338,237,"MEJORAMIENTO DE VIVIENDA RURAL, CONSTRUCCION DE TECHO DIGNO EN LAS COMUNIDADES DE SAN PEDRO DEL MONTE, SANTA ROSA PLAN DE AYALA, SAN JOSE DE LOS SAPOS, LA SANDIA, MIGUEL HIDALGO I, SAN JUAN DE OTATES, LOS SAUCES ",Unitario,1,1,Obra,1,10369
339,234,"PAVIMENTACION DE LA CALLE CERRO DE SANGANGUEY TRAMO DE CERRO DE LA BUFA A JEREZ DE CARTAGENA, COLONIA CERRITO DE JEREZ, LEON GTO ",Unitario,1,1,Proyecto,1,10357
340,205,"CALENTADORES SOLARES EN LAS COLONIAS : 11 DE JUNIO, BRISAS DEL VERGEL, HACIENDAS DE GUADALUPE , SAN PABLO, SANTA  MAGDALENA, UNIDAD Y ESFUER POPULAR, UNION COMUNITARIA DE LEÓN, VALLE DE SAN BERNARDO, ENTRE OTRAS  ",Unitario,1,1,Obra,1,10440
341,200,"CALENTADORES SOLARES EN LAS COLONIAS : ADQUIRIENTES DE IBARRILLA, ARBOLEDAS DE LOS CASTILLOS, CAÑON DE LA INDIA, CASTILLOS VIEJOS, EL PEDREGAL, LA INDIA, LOMAS DE GUADALUPE, LOMAS DE LOS CASTILLOS, LOS CASTILLOS, NUEVO LEÓN, PASO DEL RIO DE LOS CASTILLOS, RIVERA DE LA PRESA ENTRE OTRAS.  ",Unitario,1,1,Obra,1,10439
342,289,"CALENTADOR SOLAR DE ACERO INOXIDABLE DE 12 TUBOS Y TANQUE DE 150 LTS. EN LAS COLONIAS. PERIODISTAS MEXICANOS, SAN MARCOS, CAMPO VERDE, MONTE CRISTO, BETANIA ",Unitario,1,1,Obra,1,10433
343,288,"CALENTADOR SOLAR DE ACERO INOXIDABLE DE 12 TUBOS Y TANQUE DE 150 LTS. EN LAS COLONIAS: ERMITA, LEON I, SAN JUAN BOSCO (VISTA HERMOSA) ",Unitario,1,1,Obra,1,10434
344,282,INFRAESTRUCTURA SOCIAL EN PLAZA COMUNITARIA DELTA 2000 EN EL MUNICIPIO DE LEÓN GUANAJUATO ,Unitario,1,1,Obra,1,10437
345,109,"DIAGNOSTICO DEL MERCADO DESCARGUE  ESTRELLA AV. MIGUEL ALEMAN CALLES LEONA VICARIO  Y AMORES,  COLONIA ",Unitario,1,1,Proyecto,1,338
346, 0263-1,"PROYECTO EJECUTIVO DE LA CALLE CARDENALES DE SAN LUIS TRAMO: VAQUEROS DE DALLAS A CARGADORES DE SAN DIEGO, COL. DEPORTIVA II;",Unitario,1,1,Proyecto,1,10441
347,0263-2,PROYECTO EJECUTIVO DE LA CALLE PEÑAROL TRAMO: BOTAFOGO A REAL MADRID COLONIA: DEPORTIVA II; ,Unitario,1,1,Proyecto,1,10442
348,0263-3,PROYECTO EJECUTIVO DE LA CALLE SERAFINES DE LOS ANGELES TRAMO: BLVD. VASCO DE QUIROGA A ORIOLES COLONIA: DEPORTIVA II,Unitario,1,1,Obra,1,10443
349,0263-4,"PROYECTO EJECUTIVO DE LA CALLE PEÑAS ALTAS, TRAMO: LA RESERVA A TERNA COLONIA: EJIDO DE LA JOYA, LEON GUANAJUATO",Unitario,1,1,Proyecto,1,10444
350,197,"PROYECTO EJECUTIVO COMERCIAL  ALLENDE EN LEÓN, GUANAJUATO CALLE IGNACIO LOPEZ RAYOÓN ESQUINA CON AV. 27 DE SEPTIEMPBRE  COL. OBREGÓN ",Unitario,1,1,Proyecto,1,339
351,0259-1,PROYECTO  CALLE : HOLANDA TRAMO: Lago de Chapala a Holanda UBICACIÓN: COL. LOS PARAISOS ,Unitario,1,1,Proyecto,1,20466
352,0259-2,"PROYECTO CALLE: CALZADA DE LOS PARAISOS, TRAMO LAGO DE  CHAPALA  A CALZADA DE LOS PARAISOS  UBICACIÓN: COL. LOS PARAISOS  ",Alzado,1,1,Proyecto,1,20442
353,0260-1,"PROYECTO EJECUTIVO  DE LA PAVIMENTACIÓN  DE LA CALLE   ESTILO,  TRAMO  DE ESTIGMA  A BLVD. RIO MAYO  COLONIA  ARBOLEDAS DE SAN HILARIÓN.  ",Unitario,1,1,Proyecto,1,10365
354,0260-2,"PROYECTO EJECUTIVO DE LA PAVIMENTACION DE LA CALLE ALBUMEN. TRAMO : DE ESTIGMA A BLVD. RIO MAYO, COLONIA ARBOLEDAS DE SAN HILARION.  ",Unitario,1,1,Proyecto,1,10366
358,206,"CALENTADORES SOLARES EN LAS COLONIAS :AMPLIACIÓN MESITAS DEL CONSUELO, EL CONSUELO 8VA FRACCIÓN, EL VALLADITO, LAS PRESITAS,  PALENQUE DE IBARRILLA, ENTRE OTRAS  ",Unitario,1,1,Obra,1,20446
359,0253-1," CONSTRUCCION DE SANITARIO ALTERNO AISLADO EN EL JARDIN DE NIÑOS PABLO MONTESINOS, CCT11DJN4110T, EN LA COMUNIDAD DE SAN JOSE DE DURAN; ",Unitario,1,1,Obra,1,20453
360,0253-2,"CONSTRUCCION DE AULA TRADICIONAL ADOSADA 6.0 X 8.0 MTS. EN EL JARDIN DE NIÑOS IGNACIO GARCIA TELLEZ, CCT11DJN4510P, EN LA COLONIA LOMAS DEL MIRADOR ",Unitario,1,1,Obra,1,20454
361,0253-3,"CONSTRUCCION DE  AULA  ADOSADA  2.0 E.E. RU-1C (DIRECCION ) EN PLANTA  BAJA,  EN LA PRIMARIA  SOSTENES  LIRA, CCT11DPR3736E,EN LA COLONIA PERIODISTAS DE MEXICO.  ",Unitario,1,1,Obra,1,20489
362,313,"CUARTO DORMITORIO DE 4 X 3 MTS. MURO DE TABIQUE  A BASE DE VIGUETA Y BOVEDILLA EN LAS COLONIA: MINERAL DE LA JOYA, NUEVA ERMITA, PERIODISTAS MEXICANOS, VALLE DE LOS MILAGROS, ENTRE OTRAS.  ",Unitario,1,1,Obra,1,20470
363,0272-1,PROYECTO CALLE: ITZA  TRAMO: TOPAR LADO SUR-TEOTENANGO (antes Monte Albá) + 95.10 M COLONIA EL POCHOTE.,Unitario,1,1,Proyecto,1,20480
364,0272-2,PROYECTO CALLE: TEOTENANGO (antes Monte Albán) TRAMO: CUICUILCO-TOPAR COLONIA POPULAR MAYA. ,Unitario,1,1,Proyecto,1,20481
365,319,"CUARTO DORMITORIO DE 4 X 3 MTS. MURO DE TABIQUE  A BASE DE VIGUETA Y BOVEDILLA EN LAS COLONIA: ROTARIO, HACIENDAS DE IBARRILLA , JESUS DE NAZARETH, LA ESMERALDA, ENTRE OTRAS.  ",Unitario,1,1,Obra,1,20474
366,318,"CUARTO DORMITORIO DE 4 X 3 MTS. MURO DE TABIQUE  A BASE DE VIGUETA Y BOVEDILLA EN LAS COLONIA: LOMAS DE GUDALUPE, LOMAS DE LOS CASTILLOS, LOS CASTILLOS, MONTAÑAS DEL SOL, NUEVO LEON, PASO DEL RIO, CASTILLOS, PILETAS II, PRADERAS  DEL SOL, ENTRE OTRAS.  ",Unitario,1,1,Obra,1,20475
367,320,"CUARTO DORMITORIO DE 4 X 3 MTS. MURO DE TABIQUE  A BASE DE VIGUETA Y BOVEDILLA EN LAS COLONIA: REAL DE LA JOYA, RIBERA DE LOS CASTILLO, RIBERA DEL RIO, SAN JUAN BAUTISTA, SAN JUAN BOSCO, SAN PEDRO DE LOS HERNANDEZ, UYEPAC, ENTRE OTRAS.  ",Unitario,1,1,Obra,1,20476
368,311,"CUARTO DORMITORIO DE 4 X 3 MTS. MURO DE TABIQUE  A BASE DE VIGUETA Y BOVEDILLA EN LAS COLONIA: VALLE DE LA LUZ, VALLE DE SAN BERNARDO, VALLE DE HERMOSO, MEDINA, REVOLUCIÓN, MARAVILLAS, MORELOS, BRISAS DEL VERGEL, ENTRE OTRAS.  ",Unitario,1,1,Obra,1,20477
369,306,"CUARTO DORMITORIO DE 4 X 3 MTS. MURO DE TABIQUE  A BASE DE VIGUETA Y BOVEDILLA EN LAS COLONIA: ARTICULO CUARTO CONSTITUCIONAL, CENTRO FAMILIAR LA SOLEDAD DE LA JOYA, COLINAS DE LA HACIENDA, HORIZONTE AZUL,  PORTONES DE SAN JACINTO, SANTA MARIA DE CEMENTOS, ENTRE  OTRAS.  ",Unitario,1,1,Obra,1,20478
370,340,"PROYECTO  EJECUTIVO DE RESTAURACIÓN DEL ARCHIVO  HISTÓRICO   MUNICIPAL  CALLE JUSTO SIERRA-ANTIGUA  EX-CARCEL  DE MUJERES  ZONA CENTRO,  LEON, GTO.  ",Unitario,1,1,Proyecto,1,20443
371,325,"PROYECTO EJECUTIVO DE CALLE LATERAL SUR EN DISTRIBUIDOR VIAL  BENITO JUAREZ  EN LA  INTERSECCIÓN DEL BLVD. CLOUTHIER Y BLVD.MORELOS EN LA CIUDAD DE  LEÓN, GTO.  ",Unitario,1,1,Proyecto,1,20444
372,323,PROYECTO DE CUBIERTA PARA EL ESTACIONAMIENTO EN LAS INSTALACIONES DE LA ASOCIACIÓN  MEXICANA DE MUJERES   EMPRESARIAS CAPITULO LEÓN;  LEÓN  GTO.  ,Unitario,1,1,Proyecto,1,20445
373,308,"TECHO DIGNO URBANO, EN LAS COLONIAS: CAÑON DE LA INDIA,  EL CASTILLO, PILETAS, PILETAS II SECCIÓN , PILETAS III, PILETAS IV SECCIÓN, SAN ISIDRO LABRADOR, SAN JUAN BOSCO (VISTA  HERMOSA ) CAÑADA DE ALFARO, EL CARMEN  CTM, ENTRE OTRAS  ",Unitario,1,1,Obra,1,20463
374,309,"TECHO DIGNO URBANO, EN LAS COLONIAS: EL PEÑON, EL VALLDITO I Y II, LA ESCONDIDA  DE LA SELVA, LAS PRESITAS, LOMAS DE MEDINA,  MARAVILLAS I, MESITAS  DEL CONSUELO. PRESITAS DEL CONSUELO, ENTRO OTRAS",Unitario,1,1,Obra,1,20464
375,310,"TECHO DIGNO URBANO, EN LAS COLONIAS: PIEDRA AZUL I Y II, SAN CARLOS LA RONCHA, SAN JOSE DEL CLAVEL,VALLE DE LA LUZ, VALLE DE LAS AVES, CIUDAD SATELITE, MEDINA, ENTRE OTRAS ",Unitario,1,1,Obra,1,20467
376,305,"CUARTO DORMITORIO DE 4 X 3 MTS. MURO DE TABIQUE  A BASE DE VIGUETA Y BOVEDILLA EN LAS COLONIAS ARBOLEDAS DE LOS CASTILLOS, CASTILLOS VIEJOS, PILETAS II, PILETAS III,RIVERA DE LA  PRESA, SAN ISIDRO LABRADOR, EL CUARENTEÑO , SAN ISDRO  AZTECA, DESARROLLO EL POTRERO, ENGTRE OTRAS.  ",Unitario,1,1,Obra,1,20468
377,307,"CUARTO DORMITORIO DE 4 X 3 MTS. MURO DE TABIQUE  A BASE DE VIGUETA Y BOVEDILLA EN LAS COLONIA:LOMAS DE  MEDINA, PRESIDENTES DE MEXICO, VALLE DE SAN BERNARDO, VALLE DEL  CONSUELO, VALLE  DEL CONSUELO II, EL VALLADITO I Y II, LAS PRESITAS, LEON I AMPLIACIÓN, ENTRE OTRAS ",Unitario,1,1,Obra,1,20469
378,315,"CUARTO DORMITORIO DE 4 X 3 MTS. MURO DE TABIQUE  A BASE DE VIGUETA Y BOVEDILLA EN LAS COLONIA: LOURDES,REFUGIO DE SAN JOSE,  SAN CARLOS  LA RONCHA, SAN FRANCISCO DE ASIS,  VALLE AZUL,  VALLE DE LAS AVES, ENTRE OTRAS.  ",Unitario,1,1,Obra,1,20472
379,314,"CUARTO DORMITORIO DE 4 X 3 MTS. MURO DE TABIQUE  A BASE DE VIGUETA Y BOVEDILLA EN LAS COLONIA: VALLE DE LAS FLORES, VALLE DE SAN JOSE, VALLE DEL MAGUEY, POPULAR  GUADALAJARA, AQUIRIENTES DE IBARRILLA, ARBOLEDAS DE  LOS CASTILLOS ENTRE OTRAS.  ",Unitario,1,1,Obra,1,20473
380,312,"CUARTO DORMITORIO DE 4 X 3 MTS. MURO DE TABIQUE  A BASE DE VIGUETA Y BOVEDILLA EN LAS COLONIA: ANAYA, LOS ANGELES, BRISAS DE SAN FRANCISCO, CAÑON DE LA INDIA , COLINAS DE LA FRAGUA, EL PEÑON, EL CASTILLO, ENTRE OTRAS.  ",Unitario,1,1,Obra,1,20479
381,0285-1,"PROYECTO: CALLE CENIT, TRAMO: DEL RENACIMIENTO A BLVD. SAN NICOLAS COL. MEZQUITAL DEL CARMEN",Alzado,1,1,Proyecto,1,20461
382,0285-2,"PROYECTO: PUENTE PEATONAL SANTA LOURDES Y ARROYO ALFARO TRAMO: INTERSECCION ARROYO ALFARO-SANTA LOURDES, COL. SAN PEDRO PLUS",Unitario,1,1,Proyecto,1,20462
383,248,DESMONTAJE DE VIGAS TIPO BALLENA DEL PUENTE EN EL PARQUE LOS CARCAMOS ,Unitario,1,1,Obra,1,20447
384,271,"REHABILITACION DE SANITARIOS EN LA TELESECUNDARIA NUM. 902 CCT11ETV0902Q, DE LA COMUNIDAD DE SAN JUAN DE ABAJO ",Unitario,1,1,Obra,1,20458
385,255,"CONSTRUCCION DE BARDA PERIMETRAL EN LA PRIMARIA ENSEÑA PATRIA CCT11DPR2091Y, DE LA COLONIA SANTA RITA DE LOS NARANJOS ",Unitario,1,1,Obra,1,20450
386,256,"REHABILITACION DE MODULO SANITARIO EN PRIMARIA LIC. ADOLFO LOPEZ MATEOS, CCT11DPR2653P, DOMICILIO PROLONGACION LA MERCED NO. 1606, COLONIA SANTA RITA; REHABILITACION DE MODULO SANITARIO EN LA TELESECUNDARIA  NO. # 765 CCT11ETV0766C, DOMICILIO AV. DEL AGRICULTOR S/N COL. SAN ISIDRO LABRADOR Y REHABILITACION DE MODULO SANITARIO EN LA PRIMARIA SOR JUANA INES DE LA CRUZ, CCT11ETV0766C, DOMICILIO AV. AGRICULTOR S/N, COMUNIDAD SAN JOSE DE DURAN ",Unitario,1,1,Obra,1,20451
387,254,"CONSTRUCCIÓN DE TECHADO  21.4 X 34.5 EN EL ÁREA  DEPORTIVA EN LA PRIMARIA  VICENTE GUERRERO, CCT 11DPR3522D EN LA COMUNIDAD  DE EJIDO POMPA  ",Unitario,1,1,Obra,1,20449
388,0274-1,"REHABILITACION DE SANITARIOS EN LA PRIMARIA NICOLAS RANGEL, CCT11EPR0213D, COLONIA CENTRO.",Unitario,1,1,Obra,1,20459
389,0274-2,REHABILITACION DE SANITARIOS EN EL PREESCOLAR FRANCISCO LEAL CCT11DJN0269Q EN LA COLONIA ORIENTAL,Unitario,1,1,Obra,1,20460
390,243,REHABILITACION DEL BLVD. MARIANO ESCOBEDO; TRAMO: DEL PUENTE DE INTERSECCION A AV. MIGUEL ALEMAN Y REHABILITACION DE MARIANO ESCOBEDO; TRAMO: AV. TEPEYAC A BLVD. AMERICAS ,Unitario,1,1,Obra,1,20448
391,280,PAVIMENTACIÓN DE LA CALLE AV. RODOLFO PADILLA (MEDIO CUERPO) TRAMO: AV. BLVD. VICENTE VALTIERRA A ARROYO  ALFARO COL. SAN PEDRO PLUS  ,Unitario,1,1,Obra,1,20457
392,0304-1,"REHABILITACIÓN  DEL ESPACIO PUBLICO  EN LA COLONIA “FRACCIONAMIENTO VALLE DEL REAL”, ENTRE  CALLE VALLE  DEL DESVAN  Y CALLE REAL DE VICTORIA, LEON  GUANAJUATO.",Unitario,1,1,Obra,1,10445
393,0304-2,"REHABILITACIÓN  DEL ESPACIO PÚBLICO  EN LA COLONIA “FRACCIONES DE SAN JUAN BAUTISTA”, ENTRE CALLE HACIENDA  TABOADA Y EPSILÓN, LEON GUANAJUATO.",Unitario,1,1,Obra,1,10446
394,0304-3,"REHABILITACIÓN  DEL ESPACIO PUBLICO  EN LA COLONIA “FRACCIONES SANTA JULIA “  ENTRE CALLE  DEL TORBELLINO Y CALLE  ANDADOR DEL TAJO, LEON  GUANAJUATO",Unitario,1,1,Obra,1,10447
395,273,"PROYECTO DE LA PAVIMENTACION DE LA CALLE MURCIA, TRAMO DE CARBON A IZTACCIHUATL (TOPAR ARROYO) COL. PILETAS IV LEON GUANAJUATO ",Unitario,1,1,Proyecto,1,20482
396,261,"PROYECTO CALLE: AURORA BOREAL, TRAMO: POTRERO DE CORPUS A DELTA, UBICACIÓN: COLONIA NUEVO AMANECER, LEON GUANAJUATO ",Unitario,1,1,Proyecto,1,20456
397,0262-1,"PROYECTO CALLE: MORERA, TRAMO: CUENCA FLORIDA A ALISO, UBICACIÓN: COLONIA VALLE HERMOSO I Y II SECCION",Unitario,1,1,Proyecto,1,20483
398,0262-2,"PROYECTO CALLE: VILLA RICA, TRAMO: RIVERA AZUL A TORITOS UBICACIÓN VALLE HERMOSO LEON GUANAJUATO",Unitario,1,1,Proyecto,1,20484
399,316,"CUARTO DORMITORIO DE 4 X 3 MTS. MURO DE TABIQUE  A BASE DE VIGUETA Y BOVEDILLA EN LAS COLONIA: AMPLIACIÓN SAN FRANCISCO,  ARBOLEDAS DE SAN HILARIÓN, ARBOLEDAS DEL REFUGIO, DIEZ DE MAYO, EL ROTARIO, LIBERTAD, POPULAR, POLANCO, ENTRE OTRAS.  ",Unitario,1,1,Obra,1,20471
400,317,"TECHO DIGNO URBANO, EN LAS COLONIAS: CENTRO FAMILIAR SOLEDAD, COLINAS DE LA HACIENDA, EL PARAISO, EL PARAISO II SECCIÓN, EL RENACIMIENTO (MI ESPERANZA) PERIODISTAS MEXICANOS (J. LOPEZ) PORTONES DE SAN  JACINTO , LIBERTAD, ENTRE OTRAS.  ",Unitario,1,1,Obra,1,20465
401,290,"CALENTADOR SOLAR DE ACERO INOXIDABLE DE 12 TUBOS Y TANQUE DE 150 LTS. EN LAS COLONIAS: 10 DE MAYO, SAN JUAN DE ABAJO, LOMAS DE JEREZ, EL CASTILLO, REFUGIO DE SAN JOSE, VALLE DE SAN JOSE, BALCONES DE JEREZ, ARBOLEDAS DEL REFUGIO, LA GLORIA ",Unitario,1,1,Obra,1,10435
402,322,"RE FORESTACIÓN, EN VARIOS  ESPACIOS   PÚBLICOS COMO PARTE DE LA COMPENSACIÓN DEL SIT.  ",Unitario,1,1,Obra,1,10431
403,257,"CONSTRUCCION DE BARDA EN LA PRIMARIA 15 DE SEPTIEMBRE, CCT11EPR0894Z, EN LA COLONIA MARAVILLAS Y CONSTRUCCION DE BARDA PERIMETRAL EN EL JARDIN DE NIÑOS GUSTAVO DIAZ OEDAZ, CCT DJN1098U, DE LA COLONIA LA LIBERTAD ",Unitario,1,1,Obra,1,20494
404,241,"CONSTRUCCION DE UN MODULO 2.0 E.E. RU-2C, PLANTA BAJA 1 DIRECCION Y 3 AULAS, 1 MODULO SANITARIO Y EL CUBO DE ESCALERA; PLANTA ALTA: 3 AULAS, 1 SALON DE USOS MULTIPLES Y EL CUBO DE ESCALERA, EN LA PRIMARIA PLAN DE AYALA CCT11DPR1899B EN LA COMUNIDAD SAN CARLOS LA RONCHA ",Unitario,1,1,Obra,1,20493
405,284,"PAVIMENTACIÓN DE LA CALLE AUTLAN TRAMO: DE PAV. EXISTENTE OTE. A PAV. EXISTENTE PTE. COLONIA SAN AGUSTÍN, LEÓN GTO  ",Unitario,1,1,Obra,1,20488
406,286,"PROYECTO ESTRUCTURAL DEL MERCADO LA LUZ ENTRE CALLES LA LUZ Y ESPAÑITA, COLONIA  EL COECILLO, LEÓN GUANAJUATO. ",Unitario,1,1,Proyecto,1,20501
407,296,"PAVIMENTACION DE LA CALLE CAÑAMO, TRAMO: DE CALLE CUENCA FLORIDA CUENCA ALISO, COLONIA VALLE HERMOSO ",Unitario,1,1,Obra,1,20491
408,295,"PAVIMENTACION DE LA CALLE HAWAI TRAMO: DE LAS ISLAS A ARTURO SOTO RANGEL, COLONIA CIUDAD SATELITE  ",Unitario,1,1,Obra,1,20496
409,297,CONSTRUCCION DE COMEDOR COMUNITARIO EN LA COLONIA PILETAS IV ,Unitario,1,1,Obra,1,20500
410,251,"PAVIMENTACION DE LA CALLE  RÍO AGUA NAVAL, TRAMO: RÍO TECOLUTLA A BLVD. TORRES LANDA, COL. FRACC. SAN MIGUEL INFONAVIT ",Unitario,1,1,Obra,1,20497
411,252,"PAVIMENTACION DE LA CALLE RIO AGUA NAVAL, TRAMO: RIO TECOLUTLA A RIO GUANAJUATO, COL. FRACC. SAN MIGUEL INFONAVIT ",Unitario,1,1,Obra,1,20498
412,247,HABILITADO DE AREA DE TRABAJO PARA LIMPIEZA DE LEON DE BRONCE EN MONUMENTO DE ARCO DE LA CALZADA ,Unitario,1,1,Obra,1,20487
413,258,PROYECTO EJECUTIVO DE REHABILITACION DE ESTACIONAMIENTO Y PLAZA FUNDADORES LEON GUANAJUATO ,Unitario,1,1,Obra,1,20499
414,283,PAVIMENTACION DE LA CALLE 2DA JEREZ DE MORSA (AHORA JEREZ DE MOSA 2DA) TRAMO: DE BLVD. DELTA A TOPAR CON LADO NORTE EN LA COLONIA VALLE DE JEREZ ,Unitario,1,1,Obra,1,20486
415,299," SEGUMIENTO AL PROYECTO E INICIO DE OBRA DEL DISTRIBUIDOR VIAL BENITO JUAREZ LOCALIZADO EN LA INTERSECCION DEL BLVD. MORELOS CON EL BLVD. J.M. CLOUTHIER EN LA CIUDAD DE LEON, GTO ",Unitario,1,1,Proyecto,1,20490
416,301,TRABAJOS COMPLEMENTARIOS AL PROYECTO EJECUTIVO DE PUENTE VEHICULAR BARRANCA DE VENADEROS ,Unitario,1,1,Proyecto,1,20513
417,265,REHABILITACION DEL BLVD. RESTAURADORES FRACC. CIUDAD INDUSTRIAL (2DA. ETAPA) LEON GTO ,Unitario,1,1,Obra,1,20485
418,0328-1,CONSTRUCCION DE  LOSAS    DE  CONCRETO   EN  LOS ESPACIOS  DE LAS  COLONIAS: PROVIDENCIA,Unitario,1,1,Obra,1,20518
419,0328-2,CONSTRUCCION DE  LOSAS    DE  CONCRETO   EN  LOS ESPACIOS  DE LAS  COLONIAS: ESPERANZA DE JEREZ,Unitario,1,1,Obra,1,20519
420,0328-3,CONSTRUCCION DE  LOSAS    DE  CONCRETO   EN  LOS ESPACIOS  DE LAS  COLONIAS: BOSQUES,Unitario,1,1,Obra,1,20520
421,0328-4,CONSTRUCCION DE  LOSAS    DE  CONCRETO   EN  LOS ESPACIOS  DE LAS  COLONIAS:VALLE DE  SAN  JOSÉ,Unitario,1,1,Obra,1,20521
422,0328-5,CONSTRUCCION DE  LOSAS    DE  CONCRETO   EN  LOS ESPACIOS  DE LAS  COLONIAS: ERMITA,Unitario,1,1,Obra,1,20522
423,0328-6,CONSTRUCCION DE  LOSAS    DE  CONCRETO   EN  LOS ESPACIOS  DE LAS  COLONIAS: SAUCILLO DE   LA  JOYA,Unitario,1,1,Obra,1,20523
424,0328-7,CONSTRUCCION DE  LOSAS    DE  CONCRETO   EN  LOS ESPACIOS  DE LAS  COLONIAS: BRISAS   DEL PEDREGAL,Unitario,1,1,Obra,1,20524
425,0257-1,"CONSTRUCCIÓN  DE BARDA EN LA PRIMARIA  15 DE SEPTIEMBRE, CCT11EPR0894Z, EN LA COLONIA  MARAVILLAS.  ",Unitario,1,1,Obra,1,20502
426,0257-2,"CONSTRUCCION DE BARDA PERIMETRAL EN EL JARDIN DE NIÑOS GUSTAVO DIAZ ORDAZ, CCT DJN1098U, DE LA COLONIA  LA LIBERTAD  ",Unitario,1,1,Obra,1,20503
427,364,"CONSTRUCCIÓN  DEL  TECHADO DEL  ÁREA    DE   PRODUCCIÓN     DEL VIVERO MUNICIPAL, LEÓN GUANAJUATO. ",Unitario,1,1,Obra,1,20517
428,327,"MEJORAMIENTO DEL SITIO PARQUE LINEAL ARROYO ALFARO, TRAMO DE BOULEVAR VICENTE VALTIERRA A BOULEVAR LA LUZ, LEON, GTO ",Unitario,1,1,Obra,1,20511
429,335,"REHABILITACION DE LA CALLE AUREOLA Y VIA CAMPOS OTOÑALES, LEON, GTO. ",Unitario,1,1,Obra,1,20539
430,329,"CONSERVACION RUTINARIA DE AREAS VERDES EN CAMELLONES DE LA CIUDAD DE LEON, GTO. ",Unitario,1,1,Obra,1,20538
431,334,MANTENIMIENTO A LAS ÁREAS   VERDES  DE LOS CAMELLONES DEL MUNICIPIO DE LEÓN  GTO. ,Unitario,1,1,Obra,1,20537
432,332,"MANTENIMIENTO DE AREAS VERDES EN CAMELLONES DE DIVERSOS BOULEVARES Y ESPACIOS PUBLICOS DEL MUNICIPIO DE LEON, GTO.  ",Unitario,1,1,Obra,1,20535
433,331,"MANTENIMIENTO RUTINARIO A LAS AREAS VERDES EN VIALIDADES PRINCIPALES EN LA CIUDAD DE LEON, GTO. ",Unitario,1,1,Obra,1,20534
434,330,"MANTENIMIENTO  PERIODICO DE  ÁREASVERDES EN CAMELLONES,  BANQUETAS, Y ESPACIOS PÚBLICOSDE LEÓN,GTO. ",Unitario,1,1,Obra,1,20533
435,294,"CALENTADORES SOLARES EN LAS COLONIAS: CAÑADA DE ALFARO, EL PEÑON, ERMITA DE IBARRILLA, HACIENDA DE IBARRILLA I, HACIENDA DE IBARRILLA II, HUERTAS DE MEDINA I, HUERTAS DE MEDINA II, JARDINES DE LOMAS DE MEDINA, LANOPALERA, LINARES, ENTRE OTRAS ",Unitario,1,1,Obra,1,20492
436,293,CONFINAMIENTO DEL CARRIL EXCLUSIVO DE BLVD. AEROPUERTO Y CONVIVE ,Unitario,1,1,Obra,1,20515
437,302,"PAVIMENTACION DE LA CALLE RIO SOTO LA MARINA, TRAMO: DE RIO TECOLUTLA CAD. 0+000.00 A TOPAR LADO SUR CAD 0+092.00, COL. FRACC. SAN MIGUEL INFONAVIT ",Unitario,1,1,Obra,1,20510
438,279,"CONSTRUCCION DE IMPULSO SOCIAL LOS CASTILLOS, MUNICIPIO DE LEON GTO. PRIMERA ETAPA ",Unitario,1,1,Obra,1,20509
439,0300-1,PROYECTO CALLE : PRESA  DE SAN JOSE.  TRAMO : PASEO  DE LA PRESA- RIO DE LOS CASTILLOS. UBICACIÓN : RIVERA DE LA PRESA.  ,Unitario,1,1,Proyecto,1,20507
440,298,PAVIMENTACION DE LA CALLE TALIA TRAMO: PERSEFONE METIS+ 21MTS COL. ERMITA ,Unitario,1,1,Obra,1,20506
441,324,PROYECTO EJECUTIVO DE RENOVACION DE PARADEROS DE AV. MIGUEL ALEMAN TRAMO: DE BLVD. MARIANO ESCOBEDO A MONUMENTO A LA MADRE SIT OPTIBUS ,Unitario,1,1,Proyecto,1,20505
442,333,"MANTENIMIENTO Y RIEGO  DEAREASVERDES EN  DIVERSAS VIALIDADES  Y ESPACIOS DEL MUNICIPIO DE  LEON, GTO. ",Unitario,1,1,Obra,1,20536
443,0300-2,PROYECTO CALLE : CASTILLO DE TURENA. TRAMO: CALLE  CASTILLO DE  BLOIS - ALHAMBRA. UBICACIÓN: VALLE DE LOS  CASTILLOS  ,Unitario,1,1,Proyecto,1,20508
444,0292-2,"REHABILITACION DEL ESPACIO PUBLICO EN LA COLONIA ""FRACCIONAMIENTOO JARDINES DE SANTA JULIA Y FRACCIONAMIENTOS VILLAS MARIANA"" ENTRE BLVD. RIO MAYO Y BLVD. PASEO DE JEREZ, LEON, GUANAJUATO",Unitario,1,1,Obra,1,20526
445,0292-1,"REHABILITACION DEL ESPACIO PUBLICO EN LA COLONIA ""FRACC. FRACCIONES DE SAN JUAN BAUTISTA"" ENTRE CALLE HACIENDA JARAL DE BERRIOS, LEON GUANAJUATO ",Unitario,1,1,Obra,1,20525
446,336,DESAZOLVE Y RECTIFICACION DE TALUD DE ARROYO EN LA COMUNIDAD DE PLAYAS DE SOTELO ,Unitario,1,1,Obra,1,20543
447,0288-1,CALENTADOR SOLAR DE ACERO INOXIDABLE DE 12 TUBOS Y TANQUE DE 150 LTS. EN LAS COLONIA: ERMITA,Unitario,1,1,Obra,1,20604
448,0288-2,CALENTADOR SOLAR DE ACERO INOXIDABLE DE 12 TUBOS Y TANQUE DE 150 LTS. EN LAS COLONIA:  LEON I.,Unitario,1,1,Obra,1,20605
449,0288-3,CALENTADOR SOLAR DE ACERO INOXIDABLE DE 12 TUBOS Y TANQUE DE 150 LTS. EN LAS COLONIA:  SAN JUAN BOSCO (VISTA HERMOSA) ,Unitario,1,1,Obra,1,20606
450,0289-1,CALENTADOR SOLAR DE ACERO INOXIDABLE DE 12 TUBOS Y TANQUE DE 150 LTS. EN LAS COLONIA: PERIODISTAS MEXICANOS,Unitario,1,1,Obra,1,20608
451,0289-2,CALENTADOR SOLAR DE ACERO INOXIDABLE DE 12 TUBOS Y TANQUE DE 150 LTS. EN LAS COLONI: SAN MARCOS. ,Unitario,1,1,Obra,1,20609
452,0289-3,CALENTADOR SOLAR DE ACERO INOXIDABLE DE 12 TUBOS Y TANQUE DE 150 LTS. EN LAS COLONIA:CAMPO VERDE. ,Unitario,1,1,Obra,1,20610
453,0289-4,CALENTADOR SOLAR DE ACERO INOXIDABLE DE 12 TUBOS Y TANQUE DE 150 LTS. EN LAS COLONIA: MONTE CRISTO ,Unitario,1,1,Obra,1,20611
454,0289-5,CALENTADOR SOLAR DE ACERO INOXIDABLE DE 12 TUBOS Y TANQUE DE 150 LTS. EN LAS COLONIA: BETANIA ,Unitario,1,1,Obra,1,20612
455,0290-1,CALENTADOR SOLAR DE ACERO INOXIDABLE DE 12 TUBOS Y TANQUE DE 150 LTS. EN LAS COLONIA: 10 DE MAYO.,Unitario,1,1,Obra,1,20602
456,0290-2,CALENTADOR SOLAR DE ACERO INOXIDABLE DE 12 TUBOS Y TANQUE DE 150 LTS. EN LAS COLONIA: SAN JUAN DE ABAJO. ,Unitario,1,1,Obra,1,20603
457,0290-3,CALENTADOR SOLAR DE ACERO INOXIDABLE DE 12 TUBOS Y TANQUE DE 150 LTS. EN LAS COLONIA:LOMAS DE JEREZ.,Unitario,1,1,Obra,1,20593
458,0290-4,CALENTADOR SOLAR DE ACERO INOXIDABLE DE 12 TUBOS Y TANQUE DE 150 LTS. EN LAS COLONIA: EL CASTILLO.,Unitario,1,1,Obra,1,20594
459,0290-5,CALENTADOR SOLAR DE ACERO INOXIDABLE DE 12 TUBOS Y TANQUE DE 150 LTS. EN LAS COLONIA: REFUGIO DE SAN JOSE,Unitario,1,1,Obra,1,20607
460,0290-6,CALENTADOR SOLAR DE ACERO INOXIDABLE DE 12 TUBOS Y TANQUE DE 150 LTS. EN LAS COLONIA:  VALLE DE SAN JOSE ,Unitario,1,1,Obra,1,20595
461,0290-7,CALENTADOR SOLAR DE ACERO INOXIDABLE DE 12 TUBOS Y TANQUE DE 150 LTS. EN LAS COLONIA:  BALCONES DE JEREZ,Unitario,1,1,Obra,1,20596
462,0290-8,CALENTADOR SOLAR DE ACERO INOXIDABLE DE 12 TUBOS Y TANQUE DE 150 LTS. EN LAS COLONIA: ARBOLEDAS DEL REFUGIO. ,Unitario,1,1,Obra,1,20598
463,0290-9,CALENTADOR SOLAR DE ACERO INOXIDABLE DE 12 TUBOS Y TANQUE DE 150 LTS. EN LAS COLONIA:LA GLORIA ,Unitario,1,1,Obra,1,20599
464,338,PAVIMENTACION DE LA CALLE SARASATE TRAMO: BLVD. MARIANO ESCOBEDO A GUTY CARDENAS UBICACIÓN: COLONIA LEON MODERNO ,Unitario,1,1,Obra,1,20541
465,345,"REHABILITACIÓN  Y MEJORAMIENTO  DE IMAGEN URBANA  DEL CAMELLONES EN EL BLVD.  ADOLFO LOPEZ MATEOS  LEÓN, GTO.  ",Unitario,1,1,Obra,1,20573
466,270,"CONSTRUCCION DE ESPACIO PUBLICO EN LA COLONIA ""LOS MURALES"" PRIMERA ETAPA) ",Unitario,1,1,Obra,1,20585
467,343,"CONSTRUCCION DE ALUMBRADO PUBLICO EN LA INTERSECCION DEL BLVD. JOSE MARIA MORELOS Y BLVD. JUAN ALONSO DE TORRES, LEON, GTO. ",Unitario,1,1,Obra,1,20586
468,0303-2,"REHABILITACION DEL ESPACIO PÚBLICO EN LA COLONIA ""FRACCIONES DE SANTA JULIA"" ENTRE CALLE DE LA CAMPIÑA Y AV. OLIMPICA, DE LEON, GUANAJUATO ",Unitario,1,1,Obra,1,20528
469,0303-3,"REHABILITACION DEL ESPACIO PÚBLICO EN LA COLONIA ""PASEOS DEL MOLINO"" ENTRE CALLE MOLINO DE LEON Y CIRCUITO MOLINO DE LA MANCHA, LEON, GUANAJUATO",Unitario,1,1,Obra,1,20529
470,0303-1,"REHABILITACION DEL ESPACIO PÚBLICO EN LA COLONIA ""FRACCIONAMIENTO SANTA CECILIA II"", ENTRE CALLE VALLE DOGMA CATOLICO Y CALLE MARCO AURELIO, LEON, GUANAJUATO;",Unitario,1,1,Obra,1,20527
471,337,"REHABILITACION DEL ESPACIO PUBLICO PARQUE LOMAS DEL SOL II, CALLES LADERA, DEL LLANO Y DEL BAJIO; COL. LOMAS DEL SOL ",Unitario,1,1,Obra,1,20542
472,354,MANTENIMIENTO  A VIALIDADES NO  PAVIMENTADAS  EN  EL MUNICIPIO DE  LEÓN GTO. ,Unitario,1,1,Obra,1,20544
473,344,"CUARTO DORMITORIO DE 4 X 3 MTS. MURO DE TABIQUE A BASE DE VIGUETA Y BOVEDILLA EN LAS COLONIAS: LATINOAMERICANA, LOURDES, LEON II, RIVERA DEL RIO, SAN ISIDRO DE LAS COLONIAS, SANTA ANA A.C. ENTRE OTRAS. ",Unitario,1,1,Obra,1,20546
474,353,"PROYECTO   ESTRUCTURAL DE  CUBIERTAS DEL MERCADO  DESCARGUE  ESTRELLA  VALLE  AV. MIGUEL  ALEMAN  CON CALLE  LEONA  VICARIO   Y  AMORES  COLONIA OBRERA EN LEÓN, GUANAJUATO               ",Unitario,1,1,Obra,1,20549
475,0355-1,LIMPIEZAY DESASOLVE DEL ARROYO DE LA COMUNIDAD  DE LOS RAMIREZ ,Unitario,1,1,Obra,1,20550
476,0355-2,LIMPIEZAY DESASOLVE DEL ARROYO DE LA COMUNIDAD DE LOS LOPEZ ,Unitario,1,1,Obra,1,20551
477,0355-3,LIMPIEZAY DESASOLVE DEL CANAL EN LA COMUNIDAD DE PROVIDENCIA ,Unitario,1,1,Obra,1,20552
478,0355-4,LIMPIEZAY DESASOLVE DEL RIO TURBIO EN  LA COMUNIDAD DE SANTA  ROSA PLAN DE AYALA (EL SALVADOR) ,Unitario,1,1,Obra,1,20553
479,0355-5,CONSTRUCCIÓNDE PASO CON TUBERIA PARA ACCESO EN LA COMUNIDAD DE EL CONSUELO  ,Unitario,1,1,Obra,1,20554
480,346,MEJORAMIENTO  DEL  SITIO DEL PARQUE  LINEAL      ARROYO  EL MASIRANTO A BEATO DE LINDERO NORTE  FRACC. VILLAS SAN NICOLAS  A BEATO MIGUEL  GOMEZ LOZA-PRIMERA ETAPA ,Unitario,1,1,Obra,1,20560
481,0365-1,"PROYECTO CALLE: VALERIANO,TRAMO: DE LA CASTIDAD -CISMA ,UBICACIÓN ;COLONIA  SANTA CECILIA II. ",Unitario,1,1,Proyecto,1,20562
482,0365-2,PROYECTO  CALLE:22 DE NOVIEMBRE TRAMO : PASEO DE LA PRESA- PREDICACIÓN (AHORA CISMA) UBICACIÓN : COLONIA SANTA CECILIA II. ,Unitario,1,1,Proyecto,1,20563
483,348,"SUMINISTRO Y COLOCACIÓN DE CALENTADORES SOLARES EN LAS COLONIAS BARRIO DE  GUADALUPE, JARDINES DEL SOL, REAL DE SAN ANTONIO,SAN BERNARDITO,SAN JOSE DEL CONSUELO,SAN MIGUEL  DE RENTERIA, SAN PEDRO DE  LOS HERNANDEZ, SANTA ROSA DE LIMA, VALLE DE SEÑORA, ENTRE OTRAS. ",Unitario,1,1,Obra,1,20581
484,351,"SUMINISTRO Y COLOCACIÓN DE CALENTADORES SOLARES EN LAS COLONIAS :  HILAMAS, LEÓN II,LOMAS DEL  MIRADOR, OBSERVATORIO II, PASEOS DE LA CIMA, VALLE ANGTIGUA ENTRE OTRAS. ",Unitario,1,1,Obra,1,20580
485,349,"SUMINISTRO Y COLOCACIÓN DE CALENTADORES SOLARES EN LAS COLONIAS :  EL CORTIJO,EL RETIRO,HIDALGO, KILLIAN,  LA BRISA,  LAS TROJES, LOMAS DE LA  TRINIDAD, VILLA INSURGENTES,  ENTRE OTRAS. ",Unitario,1,1,Obra,1,20579
486,352,CONFORMACIÓN DE  TERRACERÍAS  EN COLONIAS  DE LA CIUDAD DE LEÓN  GTO.  ,Unitario,1,1,Obra,1,20545
487,0347-1,REHABILITACIÓN   DE LA RED DE ALUMBRADO PÚBLICO  EN LA COMUNIDAD  ESTANCIA  DE VAQUEROS  (PUENTE PEATONAL) LEÓN GTO. ,Unitario,1,1,Obra,1,20555
488,0347-2,"REHABILITACIÓN DE LA RED DE ALUMBRADO PUBLICO  EN LA COMUNIDAD  SAN JOSE DEL CLAVEL- LOS LOPEZ ( CALLES:VARLA),LEÓN.GTO. ",Unitario,1,1,Obra,1,20556
489,0347-3,"REHABILITACIÓN  DE  LA RED  DE  ALUMBRADO PÚBLICO   EN  LA COMUNIDAD   MIGUEL     HIDALGO II           ( CALLES: PRINCIPAL  Y CAMINO A LA CINTA ),LEÓN GTO. ",Unitario,1,1,Obra,1,20557
490,0347-4,"REHABILITACIÓN  DE LA RED DE ALUMBRADO  PUBLICO EN LA COMUNIDAD ESTANCIA LA SANDIA (CALLES: CAMINO  A LA SANDIA  ),LEÓN, GTO.  ",Unitario,1,1,Obra,1,20558
491,0347-5,"REHABILITACIÓN DE LA RED DE ALUMBRADO PUBLICO  EN LA COMUNIDAD  PUERTA DEL CERRO( CALLES: CARLOS MEDINA, EL NOGAL, PUERTA  DEL  PINO  , PUERTA CIRUELO), LEÓN, GTO. ",Unitario,1,1,Obra,1,20559
492,362,"PROYECTO DE AMPLIACIONES Y ADECUACIONES DE ESTACIONES DE TRASFERENCIA DEL SIT, SAN  JERONIMO  SAN JUAN BOSCO  Y DELTA; LEÓN GTO.  ",Unitario,1,1,Proyecto,1,20531
493,342,"PROYECTO EJECUTIVO DE REFUERZO ESTRUCTURAL Y MANTENIMIENTO DE EDIFICIO DE OFICINAS Y BARDA PERIMETRAL EN CENTRAL DE ABASTOS, BLVD. HERMANOS ALDAMA CON AUTOPISTA LEON AGUASCALIENTES. ",Unitario,1,1,Obra,1,20532
494,356,REFORZAMIENTO DE VIVIENDAS POR MOVIMIENTO SISMICOS EN LA COMUNIDAD  DE  BARRETOS ,Unitario,1,1,Obra,1,20561
495,321,REHABILITACION PARQUE JUAREZ 1era. ETAPA ,Unitario,1,1,Obra,1,20564
496,341,VUELTA   A   LA   DERECHA EN  COMUNIDAD  SANTA  ROSA PLAN DE AYALA  SOBRE CARRETERA   ESTATAL   DE LEÓN - SANTA  ROSA  PLAN DE AYALA- MANUEL DOBLADO (1RA ETAPA)  ,Unitario,1,1,Obra,1,20568
497,361,"TRABAJOS  DE  DEMOLICIÓN  Y RESTAURACIÓN DE  RECONSTRUCCIÓN  DE ACCESO DE LADO A LADO DE  ESTACIONAMIENTO  EXCOMONFORT A ESTACIONAMIENTO DE REGIDORES POR  OPERATIVIDAD  TEMPORAL   A  LOCATARIOS  UBICADO EN LA ZONA CENTRO  DE LEÓN, GTO. ",Unitario,1,1,Obra,1,20569
498,368,REHABILITACIÓN DE CAMINO  DE ACCESO  AL  CONALEP  ,Unitario,1,1,Obra,1,20587
499,244,REHABILITACION DEL BLVD. MARIANO ESCOBEDO; TRAMO: DE BLVD. JUAN ALONSO DE TORRES A BLVD. CERVANTES SAAVEDRA Y REHABILITACION  DE MARIANO ESCOBEDO; TRAMO: BLVD. EXOSICIONES A AV. CEFERINO ORTIZ ,Unitario,1,1,Obra,1,20583
500,371,"PLANTACIÓN  DE ARBOLES  DE DIFERENTES ESPECIES  EN DEPORTIVA  ""COECILLO"" UBICADA EN CALLE  CONGRESO DE CHILPANCINGO S/N ESQ. ANTONIO  MADRAZO EN LA CIUDAD  DE LEÓN, GTO.  ",Unitario,1,1,Obra,1,20589
501,369,DEMOLICIÓN TEATRO  DEL  PUEBLO Y ÁREAS ALEDAÑAS (SIN  INCLUIR  CIMENTACIÓN) ,Alzado,1,1,Obra,1,20590
502,0372-1,"CONSTRUCCIÓN  DE  PASO  CON TUBERIA  PARA ACCESO   CARRETERAS, EN LA COMUNIDAD DE SAN FRANCISCO DE DURAN  ",Unitario,1,1,Obra,1,20574
503,377,MOVIMIENTO  DE ANTENA  DE TELECOMUNICACIONES DE LA  PLAZA DE   LA CIUDADANIA   GRISELDA   ALVAREZ UBICADA  EN LA LOZA  DE  AZOTEA  DEL  CENTRO  COMUNITARIO. ,Alzado,1,1,Obra,1,20570
504,374,"PAVIMENTACION DE LA CALLE ARALIA, TRAMO: CALLE LABRADOR A CALLE GARRA DE AGUILA  EN LA COL. ARRAYANES  ",Unitario,1,1,Obra,1,20576
505,250,PROYECTO EJECUTIVO SENDERO LÍNEA DE LOBOS 1RA ETAPA  ,Unitario,1,1,Proyecto,1,20638
506,375,"SUMINISTRO Y COLOCACIÓN DE CALENTADORES SOLARES EN LAS COLONIAS :  EL POCHOTE, LA MAYA, LA NORTEÑA, GRANADA, MONTERREY FUTURAMA,LOMAS DE LA TRINIDAD, TIRITAS ENTRE OTRAS.  ",Unitario,1,1,Obra,1,20566
507,339,PAVIMENTACION DE LA CALLE CORTIJO DEL ANZAR EN LA COMUNIDAD DE MALAGANA (SAN ANTONIO DEL MONTE) ,Unitario,1,1,Obra,1,20584
508,0372-2,"CONSTRUCCIÓN  DE PASO CON TUBERIA PARA ACCESO  PARCELA, EN LA COMUNIDAD  DE SAN FRANCISCO DE DURÁN ",Unitario,1,1,Obra,1,20575
509,0379-1,DESAZOLVE DE ARROYOS Y CANALES E INSTALACIÓN  DE TUBERIAS EN LAS COMUNIDADES RURALES DE LOS SAUCES  ,Unitario,1,1,Obra,1,20639
510,0379-2,DESAZOLVE DE ARROYOS Y  CANALES  E INSTALCIPIN DE TUVERIA  EN LAS COMUNIDADES RURALES DE MIGUEL HIDALGO II ,Unitario,1,1,Obra,1,20640
511,0379-3,DESAZOLVE DE ARROYOS Y CANALES E INSTALACIÓN DE TUBERIA EN LAS COMUNIDADES RURALES DE PROVIDENCIA  ,Unitario,1,1,Obra,1,20641
512,0378-1,DESAZOLVE DE ARROYOS Y CANALES  INSTALACIÓN DE TUBERIA DE COMUNIDADES RURALES  DE LA CINTA ,Unitario,1,1,Obra,1,20642
513,0378-2,DESAZOLVE DE ARROYOS Y CANALES E INSTALCIÓN  DE TUBERIA  EN LAS COMUNIDADES RURALES  DE  LOS TEPETATES  ,Unitario,1,1,Obra,1,20643
514,409,"2DA  ETAPA DE LA REHABILITACIÓN  Y MEJORAMIENTO DE IMAGEN URBANA DEL CAMELLÓN  EN EL BLVD. ADOLFO  LOPEZ MATEOS, LEÓN GTO.  ",Unitario,1,1,Obra,1,20662
515,401,"CONSTRUCCIÓN  DE RETORNO EN DISTRIBUIDOR VIAL BENITO JURAREZ LEÓN, GTO.  ",Unitario,1,1,Obra,1,20664
516,393,"REHABILITACIÓN  DE PAVIMENTOS Y SEÑALAMIENTO HORIZONTAL EN LAS TERMINALES DEL SIT SAN JERONIMO, MARAVILLAS Y PORTALES DE LAS ARBOLEDAS, LEÓN GTO.  ",Unitario,1,1,Obra,1,20661
517,403,"MANTENIMIENTO  INTEGRAL EN LAS TEMINALES  DE TRASFERENCIA  Y ESTACIONES DEL SIT EN BLVD. SAN JUAN BOSCO Y TIMOTEO LOZANO,  LEÓN GTO.  ",Unitario,1,1,Obra,1,20660
518,405,"REHABILITACIÓN Y MODERNIZACIÓN DEL ALUMBRADO PUBLICO EN LA COMUNIDAD  LA SANDIA  (1RA ETAPA ), LEÓN, GTO.  ",Unitario,1,1,Obra,1,20659
519,404,"MEJORAMIENTO  DEL ALUMBRADO EN LAS TERMINALES DE TRASFERENCIA DEL SIT DELTA, SAN JERONIMO Y SAN JUAN BOSCO EN LEÓN , GUANAJUATO.  ",Unitario,1,1,Obra,1,20657
520,402,"REHABILITACIÓN DE PAVIMENTACIÓN, BANQUETAS  Y MANTENIMIENTO GENERAL EN LA TERMINAL DE TRANSFERENCIA  DEL SIT DELTA, LEON, GTO.  ",Unitario,1,1,Obra,1,20656
521,395,REHABILITACIÓN  DE CAMINO EN LA COMUNIDAD DE POMPA  ,Unitario,1,1,Obra,1,20644
522,376,SUMINISTRO E INSTALACIÓN DE ADORNOS NAVIDEÑOS  EN LA CIUDAD DE LEÓN.  ,Unitario,1,1,Obra,1,20616
523,394,DESARROLLO DE ARROYO EN COMUNIDAD DE DUARTE  ,Unitario,1,1,Obra,1,20645
524,0397-1,DESASOLVE DE ARROYOS Y REHABILITACIÓN  DE CALLES EN LA COMUNIDAD  RURAL  EL RAMILLETE  ,Unitario,1,1,Obra,1,20634
525,0397-2,DESASOLVE DE ARROYOS Y REHABILITACIÓN  DE CALLES EN LA COMUNIDAD  RURAL  NUEVO LINDERO  ,Unitario,1,1,Obra,1,20635
526,0397-3,DESASOLVE DE ARROYOS Y REHABILITACIÓN  DE CALLES EN LA COMUNIDAD  RURAL  MALAGANA ,Unitario,1,1,Obra,1,20636
527,0397-4,DESASOLVE DE ARROYOS Y REHABILITACIÓN  DE CALLES EN LA COMUNIDAD  SAN JOSE DE LOS SAPOS ,Unitario,1,1,Obra,1,20637
528,0398-1,DESASOLVE DE ARROYOS Y REHABILITACIÓN  DE CALLES EN LA COMUNIDAD  RURAL  ARBOLEDAS DE LOS LOPEZ  ,Unitario,1,1,Obra,1,20631
529,0398-2,DESASOLVE DE ARROYOS Y REHABILITACIÓN  DE CALLES EN LA COMUNIDAD  RURAL  EL DERRAMADERO  ,Unitario,1,1,Obra,1,20632
530,0398-3,DESASOLVE DE ARROYOS Y REHABILITACIÓN  DE CALLES EN LA COMUNIDAD  RURAL  RINCON GRANDE  ,Unitario,1,1,Obra,1,20633
531,0400-1,"CONFORMACION DE CAMINOS RURALES  EN LA ZONA ORIENTE DE LA CIUDAD  EN EL MUNICIPIO DE LEÓN, CAMINO  DE LOS LOPEZ ",Unitario,1,1,Obra,1,20617
532,0400-2,"CONFORMACION DE CAMINOS RURALES  EN LA ZONA ORIENTE DE LA CIUDAD  EN EL MUNICIPIO DE LEÓN, CAMINO  DE ALBARRADONES  ",Unitario,1,1,Obra,1,20618
533,0400-3,"CONFORMACION DE CAMINOS RURALES  EN LA ZONA ORIENTE DE LA CIUDAD  EN EL MUNICIPIO DE LEÓN, CAMINO  DE ZARAGOZA  ",Unitario,1,1,Obra,1,20619
534,0400-4,"CONFORMACION DE CAMINOS RURALES  EN LA ZONA ORIENTE DE LA CIUDAD  EN EL MUNICIPIO DE LEÓN, CAMINO DE SAN CARLOS LA RONCHA  ",Unitario,1,1,Obra,1,20620
535,0400-5,"CONFORMACION DE CAMINOS RURALES  EN LA ZONA ORIENTE DE LA CIUDAD  EN EL MUNICIPIO DE LEÓN, CAMINO  DE LOS SAUCES ",Unitario,1,1,Obra,1,20621
536,0400-6,"CONFORMACION DE CAMINOS RURALES  EN LA ZONA ORIENTE DE LA CIUDAD  EN EL MUNICIPIO DE LEÓN, CAMINO  DE SAN JOSÉ DE LOS ROMEROS  ",Unitario,1,1,Obra,1,20622
537,0399-1,DEZASOLVE DE ARROYOS Y CANALES  POR CONTINGENCIA EN LA COMUNIDAD  RURAL DE MALAGANA ,Unitario,1,1,Obra,1,20624
538,0399-2,DEZASOLVE DE ARROYOS Y CANALES  POR CONTINGENCIA EN LA COMUNIDAD  SAN  JOSE DEL RESPLANDOR  ,Unitario,1,1,Obra,1,20625
539,0399-3,DEZASOLVE DE ARROYOS Y CANALES  POR CONTINGENCIA EN LA COMUNIDAD  RURAL DE  LA ARCINA  ,Unitario,1,1,Obra,1,20626
540,0399-4,DEZASOLVE DE ARROYOS Y CANALES  POR CONTINGENCIA EN LA COMUNIDAD  RURAL DE  POMPA  ,Unitario,1,1,Obra,1,20627
541,0399-5,DEZASOLVE DE ARROYOS Y CANALES  POR CONTINGENCIA EN LA COMUNIDAD  RURAL DE  PROVIDENCIA  ,Unitario,1,1,Obra,1,20628
542,0399-6,DEZASOLVE DE ARROYOS Y CANALES  POR CONTINGENCIA EN LA COMUNIDAD  RURAL DE  SANTA ANA DEL CONDE  ,Unitario,1,1,Obra,1,20629
543,0399-7,DESASOLVE DE ARROYOS Y REHABILITACIÓN  DE CALLES EN LA COMUNIDAD  RURAL  SAN PEDRO DEL MONTE  ,Unitario,1,1,Obra,1,20630
544,0399-8,DESAZOLVE DE ARROYOS Y CANALES  POR CONTINGENCIA EN LA COMUNIDAD  RURAL DE SAN PEDRO DEL MONTE.  ,Unitario,1,1,Obra,1,20654
545,387,PROYECTO CALLE SAUCE DE JEREZ TRAMO: BLVD. SAN PEDRO A PASEO DE LOS  VERDINES  UBICACIÓN: COL.  JARDINES DE JEREZ  II Y III  SECCIÓN  ,Unitario,1,1,Proyecto,1,20572
546,392,"REHABILITACIÓN DE ESTACIONAMIENTO  Y ACCESO A LA ACADEMIA  METROPOLITANA DE SEGURIDAD  PUBLICA DE LEÓN, GTO.  ",Unitario,1,1,Obra,1,20668
547,391,"SUMINISTRO Y COLOCACIÓN DE CALENTADORES SOLARES EN LAS COLONIAS :  AZTECA, COLINAS DE SANTA JULIA, DELTA 2000, JARDINES DE JEREZ,  JARDINES  DE LA PRADERA,  PARQUE  MANZANARES,VALLE DEL  REAL, VALLE  DELTA,ENTRE OTRAS ",Unitario,1,1,Obra,1,20672
548,390,"SUMINISTRO Y COLOCACIÓN DE CALENTADORES SOLARES EN LAS COLONIAS :  AGUA AZUL, BOSQUES, BRISAS DEL PEDREGAL, LA CAMPIÑA, PASEOS DEL MOLINO, PRADERAS DE AGUA AZUL, SANGRE DE CRISTO, VALLE DE LAS  HACIENDAS, ENTRE OTRAS.  ",Unitario,1,1,Obra,1,20673
549,373," REHABILITACIÓN DE CAMINO RURAL EL PEDREGOSO, TRAMO: CAMINO  A ESTANCIA AL CADENAMIENTO 1+ 860   ",Unitario,1,1,Obra,1,20666
550,424,"ACTUALIZACIÓN  ANALISIS COSTO BENEFICIO  VIA RAPIDA  BICENTENARIO, LEÓN GTO.  ",Unitario,1,1,Obra,1,20681
551,418,"PROYECTO  EJECUTIVO  PUENTE  SOBRE ARROYO LOS SAUCES EN LA COMUNIDAD  DE LOS  JACALES, MUNICIPIO DE LEÓN  ",Unitario,1,1,Proyecto,1,20679
552,421,TRABAJOS COMPLEMENTARIOS  PARA EL PROYECTO EJECUTIVO  TEATRO DOBLADO  ,Unitario,1,1,Obra,1,20678
553,420,"PROYECTO CONCEPTUAL  DE COMPLEJO  DE SEGURIDAD PÚBLICA  LA ORDEÑA  UBICACIÓN  EN EL BLVD.  ARISTOTELES Y EL BLVD. SAN JOSE MAL PASO, COLONIA LAS JOYAS EN LEÓN, GUANAJUATO.  ",Alzado,1,1,Proyecto,1,20671
554,415,"PAVIMENTACIÓN DE LA CALLE DEL CENIT. TRAMO: DEL RENACIMIENTO A BLVD.  SAN NICOLAS, UBICACIÓN: VILLAS DEL CARMEN  ",Unitario,1,1,Obra,1,20665
555,423,"DESARROLLO METODOLÓGICO (ESTUDIOS SOCIOECONOMICO  Y FACTIBILIDAD) PARA  PROYECTOS DE DESARROLLO  EN LOS MERCADOS  CENTRO COMERCIAL ALLENDE , REPÚBLICA Y CARRO VERDE.  ",Unitario,1,1,Proyecto,1,20688
556,413,"MANTENIMIENTO  AL BLVD.  ASIS, CONSTRUCCIÓN DE BANQUETAS EN AV.  DE LOS INDUSTRIALES  Y MANTENIMIENTO A PUENTES  EN CANAL TIMOTEO  LOZANO, LEÓN, GTO.  ",Unitario,1,1,Obra,1,20683
557,417,PROYECTO EJECUTIVO DEL DISEÑO DE INFRAESTRUCTURA DE EMPLAZAMIENTO  PARA EL SISTEMA  DE BICICLETA  PÚBLICA  DE LÉON  ,Unitario,1,1,Proyecto,1,20680
558,422,"PROYECTO   EJECUTIVO  DE ADECUACION DE CUARTEL PARA  MOTOCICLISTAS Y OBRAS COMPLEMENTARIAS  DE LA POLICIA MONTADA, COLONIA  CAÑON DE LA INDIA; LEÓN GUANAJUATO.  ",Unitario,1,1,Proyecto,1,20676
559,384,"PROYECTO EJECUTIVO DE UNA SALA DE JUZGADO  CÍVICO  EN LA DELEGACIÓN  NORTE, EN  LEÓN, GUANAJUATO.  ",Unitario,1,1,Proyecto,1,20674
560,363,"PROYECTO  EJECUTIVO   DEL BLVD.  SAN  NICOLAS  EN  LA  INTERSECCIÓN  CON  EL BLVD.  HACIENDAS   DE  LEÓN  Y AVENIDA OLIMPICA EN LA CIUDAD DE LEÓN, GTO.  ",Unitario,1,1,Proyecto,1,20547
561,388,REVESTIMIENTO  DE CAMINO   EN LA COMUNIDAD  DE PLAYAS DE SOTELO.  ,Unitario,1,1,Obra,1,20697
562,363,"PROYECTO   EJECUTIVO DEL  BLVD.  LA LUZ;  TRAMO:      DEL BLVD.  VICENTE  VALTIERRA A EJE  METROPOLITANO  CIUDAD  DE LEÓN,  GTO.  ",Unitario,1,1,Obra,1,20548
563,430,"ELEVADOR  EN EL EDIFICIO C-4, DE LEÓN GUANAJUATO  ",Unitario,1,1,Obra,1,20725
564,0396-3,DESAZOLVE DE ARROYO Y CANALES Y MEJORAMIENTO DE CAMINOS POR CONTIGENCIA EN LAS COMUNIDADES RURALES DE CAMINO  SAN ATONIO  DEL GIGANTE-EL  GIGANTE.  ,Unitario,1,1,Obra,1,20649
565,0396-2,DESAZOLVE DE ARROYO  Y CANALES Y MEJORAMIENTO DE CAMINOS POR CONTIGENCIAS EN LAS COMUNIDES RURALES DE: LA CINTA.  ,Unitario,1,1,Obra,1,20648
566,0396-1,DESZOLVE DE ARROYO DE CANALES Y MEJORAMIENTO DE CAMINOS POR CONTIGENCIAS EN LAS COMUNIDADES RURALES DE: LOS ARCOS  ,Unitario,1,1,Obra,1,20647
567,389,DEMOLICIÓN PARA LIBERACIÓN  DE DERECHO DE VÍA DEL BLVD. RIÓ MAYO TRAMO: DE LA CALLE HONDA DE SAN MIGUEL A CALLE  CENTENARIO  ,Unitario,1,1,Obra,1,20655
568,406,"REHABILITACIÓN  Y MODERNIZACION DEL ALUMBRADO PÚBLICO EN LA COLONIA  RINCÓN DE BUGAMBILIAS Y CALLE HACIENDA EL SALTO, LEÓN GTO.  ",Unitario,1,1,Obra,1,20658
569,383,"PROYECTO INTEGRADOR DE CONECTIVIDAD  MULTIPARQUES, TREN  ZOOLEÓN-PARQUE  METROPOLITANO ",Unitario,1,1,Obra,1,20732
570,426,"PROYECTO EJECUTIVO DE LA CASA DE LA SALUD  RURAL,  EN LA COMUNIDAD DE SAUZ SECO  EN LEÓN GUANAJUATO.  ",Unitario,1,1,Obra,1,20677
571,414,PAQUETE 1 ELABORACIÓN DE ESTUDIOS DE MANIFIESTO  DE IMPACTO AMBIENTAL PARA PROYECTOS  DE URBANIZACIÓN  DE VIALIDADES Y EDIFICIACIONES.  ,Unitario,1,1,Obra,1,20682
572,412,REHABILITACIÓN DEL POZO  EN EL VIVERO MUNICIPAL  DE LEÓN GTO. ,Unitario,1,1,Obra,1,20684
573,439,"INTERVENCION EN TRABAJOS DE RESTAURACIÓN  DE LA ARCADA EN LA CALLEJUELA PADILLA, EN LA CIUDAD DE LEÓN GTO. ",Unitario,1,1,Obra,1,20695
574,411,"PROYECTO INTEGRAL PARA LA REHABILITACION DEL RASTRO DE AVES EN LA CIUDAD DE LEON, GTO. (PRIMERA ETAPA).  ",Unitario,1,1,Obra,1,20721
575,429,"PAVIMENTACION DE LA CALLE MADRE AMALIA, TRAMO: BLVD. ATOTONILCO A CENTRO SALUD COL. 10 DE MAYO. ",Unitario,1,1,Obra,1,20722
576,427,"PLAN DE  MODERNIZACIÓN  DE INFRAESTRUCTURA  2018, AL MERCADO   LA LUZ  ( 1RA  ETAPA DEL MUNICIPIO DE LEÓN, GUANAJUATO.  ",Unitario,1,1,Obra,1,20723
577,444,REMODELACIÓN  DE  INSTALACIONES  EN DELEGACIÓN  NORTE PARA JUZGADO CÍVICO  ,Unitario,1,1,Obra,1,20726
578,432,"SUMINISTRO  EN INSTALACIÓN DE TRANSFORMADOR , ASI COMO PARA LA REHABILITACIÓN  DE INSTALACIONES ELECTRICAS  DEL "" MERCADO EL CORTIJO"" ",Unitario,1,1,Obra,1,20690
579,445,"REHABILITACIÓN  DE LA CASA DE LA CULTURA DIEGO  RIVERA, PRIMERA ETAPA UBICACIÓN: PORTALES  DELICIAS  Y PLAZA  FUNDADORES, ZONA CENTRO, LEÓN  GUANAJUATO.  ",Unitario,1,1,Obra,1,20730
580,0425-3,"PROYECTO CALLE DE LA CIUDAD, TRAMO: BLVD. TIMOTEO  LOZANO A  LA  MORADA  UBICACIÓN DE LEÓN.  ",Unitario,1,1,Proyecto,1,20687
581,0425-2,"PROYECTO CALLE: POTASIO , TRAMO:  ARGON A SALOMÓN, UBICACIÓN :  VALLE DE SEÑORA  ",Unitario,1,1,Proyecto,1,20686
582,0425-1,"PROYECTO CALLE: DE LA POSADA, TRAMO: LA MORADA A ANDADOR  DE LA HACIENDA , UBICACIÓN; VILLA DE LEON.  PROYECTO CALLE: DE LA POSADA, TRAMO: LA MORADA A ANDADOR  DE LA HACIENDA , UBICACIÓN; VILLA DE LEON.  ",Unitario,1,1,Proyecto,1,20685
583,0447-2,TRABAJOS DESAZOLVES  EN LA COMUNIDAD RURAL DE CAPELLANIA DE LOERA  ,Unitario,1,1,Obra,1,20728
584,0447-1,TRABAJOS DESAZOLVES  EN LA COMUNIDAD RURAL DE LA ARCINA  ,Unitario,1,1,Obra,1,20727
585,0449-3,INSTALACIÓN DE TUBERIA  EN LA  COMUNIDAD  RURAL SAN JOSE DE LOS ROMEROS  ,Unitario,1,1,Obra,1,20720
586,0449-2,CERCA  DE MALLA CICLONICA EN LA COMUNIDAD POMPA  ,Unitario,1,1,Obra,1,20719
587,0449-1,INSTALACIÓN DE TUBERIA  EN LA  COMUNIDAD  RURAL EL RAMILLETE ,Unitario,1,1,Obra,1,20718
588,443,PRIMERA ETAPA DE PARQUE SIT LA OLLA ,Unitario,1,1,Obra,1,20717
589,450,DESAZOLVE DE ARROYOS Y REHABILITACIÓN DE CALLES  EN COMUNIDADES RURALES DE ; SAN CARLOS  LA RONCHA. ,Unitario,1,1,Obra,1,20714
590,451,"BANQUETAS CALLE BISONTE, TRAMO : DE VIA TOSCANA A FINALIZAR  UBICACIÓN: LOMAS DE ECHEVESTE  ",Unitario,1,1,Obra,1,20704
591,434,"LABORATORIO  VERIFICADOR  2018, PARA PROYECTOS DE OBRA DE EDIFICACIÓN PAQUETE 3  ",Unitario,1,1,Obra,1,20705
592,446,"PROYECTO ARQUITECTONICO  DE EDIFICIO  DE OFICINAS Y ESTUDIO  HIDROLOGICO CEPOL PONIENTE, LEON GTO.  ",Unitario,1,1,Proyecto,1,20724
593,435,"CONSTRUCCIÓN DE INFRAESTRUCTURA  PARA TOPE INTELIGENTE, LEÓN, GTO.  ",Unitario,1,1,Obra,1,20701
594,436,"RAHABILITACIÓN DEL ALUMBRADO PUBLICO  EN BLVD. JUAN ALONSO DE TORRES , LEON GTO.  ",Unitario,1,1,Obra,1,20700
595,431,"REHABILITACIÓN  DE ARROYO  Y FORMACIÓN  DE  BORDO  POR  CONTIGUENCIA EN LA COMUNIDAD DE HACIENDA  ARRIBA, EN EL MUNICIPIO  DE LEÓN ",Unitario,1,1,Obra,1,20698
596,433,"PLAN DE MODERNIZACIÓN  DE INFRAESTRUCTURA  2018,  AL MERCADO  LAS AMÉRICAS  DEL MUNICIPIO DE LEÓN, GUANAJUATO.  ",Unitario,1,1,Obra,1,20696
597,440,REPARACIÓN DE SISTEMA  PARARAYOS EN LA PLAZA PRINCIPAL DE LA COMUNIDAD  LA MANZANILLAS.  ,Unitario,1,1,Obra,1,20702
598,386,"ALUMBRADO PÚBLICO EN  PLAZA EXPIATORIO, UBICADA EN CALLE FCO. I. MADERO  ESQUINA CALLE JUAN VALLE, COL.  CENTRO LEON, GTO.  ",Unitario,1,1,Obra,1,20613
599,0413-1,"MANTENIMIENTO  AL BLVD.  ASIS, CONSTRUCCIÓN DE BANQUETAS EN AV.  DE LOS INDUSTRIALES  Y MANTENIMIENTO A PUENTES  EN CANAL TIMOTEO  LOZANO, LEÓN, GTO.  ",Unitario,1,1,Obra,1,20733
600,437,"PRIMERA ETAPA   PLAZA DE LAS VIGAS EN LEÓN, GTO.  ",Unitario,1,1,Obra,1,20703
601,448,LIMPIEZA Y DESAZOLVE DE ARROYOS EN LA COMUNIDAD DE SAN JOSE DE LOS SAPOS  ,Unitario,1,1,Obra,1,20716
602,385,PRELIMINARES   DEL PROYECTO DE PARQUE CÁRCAMOS ,Alzado,1,1,Obra,1,20540
603,18,"REHABILITACIÓN AV. LA MERCED (SEGUNDA ETAPA), EN EL TRAMO DE BLVD. TORRES LANDA-CALLE FLAMENCO, LEÓN, GTO.",Unitario,1,1,Obra,1,20743
604,3,"ADECUACIÓN DEL CENTRO  DE CONTROL Y BIENESTAR ANIMAL UBICADO EN  CALLE RÍO VERDE #243, FRACC. LA LUZ 1ER. ETAPA. ",Unitario,1,1,Obra,1,20744
605,88,"REHABILITACIÓN DE MINIDEPORTIVA GRANADA, UBICADA EN LA CALLE LAGO CAMECUARO ESQUINA CALLE CUITZEO, EN LA COLONIA GRANADA. ",Unitario,1,1,Obra,1,20745
606,367,1RA ETAPA DEL PROYECTO DE MODERNIZACIÓN DE LAS INSTALACIONES DE LA FERIA LEÓN ,Unitario,1,1,Obra,1,20741
607,350,"SUMINISTRO Y COLOCACION DE CALENTADORES SOLARES EN LAS COLONIAS: CHAPALITA, INDUSTRIAL, JOL–GUABER, LOMA BONITA, LOMAS DE LA PISCINA, OBRERA, SAN MARTIN DE PORRES, ENTRE OTRAS. ",Unitario,1,1,Obra,1,20742
608,419,PROYECTO EJECUTIVO  DEL MERCADO VIRGEN DE GUADALUPE  EN LA COLONIA PERIODISTAS MEXICANOS  ,Unitario,1,1,Proyecto,1,20675
609,408,"REMODELACION DEL CENTRO CULTURAL PLAZA DE GALLOS Y FACHADA, 2DA. ETAPA. ",Unitario,1,1,Obra,1,20691
610,326,"PROYECTO CALLE VALLE DE SANTA MATILDE TRAMO: VIA DE LOS GIRASOLES – VALLE DE LA PURISIMA CONCEPCIÓN COLONIA: VALLE DE LA LUZ Y PROYECTO CALLE PEREGRIN (AHORA PEREGRIN CLAVE), TRAMO BLVD. FRANCISCO VILLA – AND. ESPERANZA (AHORA PEREGRIN CLAVE), JARDINES DE MARAVILLAS. ",Unitario,1,1,Obra,1,20737
611,366,"PAVIMENTACION DE LA CALLE: RIO MAYO, TRAMO: BLVD. VENUSTIANO CARRANZA A CALLE CENTENARIO COL. BARRIO DE SAN MIGUEL Y LAS MARGARITAS (PRIMERA ETAPA) ",Unitario,1,1,Obra,1,20738
612,380,"CICLOVIA BLVD. HERMENEGILDO BUSTOS, TRAMO: AV. TRANSPORTISTAS A BLVD. JOSE MARÍA MORELOS, EN LEON GTO. ",Unitario,1,1,Obra,1,20734
613,382,"CICLOVIA TANCITARO-URUAPAN-YURECUARO-PUREPERO-AV. HIDALGO TRAMO DE BLVD JUAN ALONSO DE TORRES A IGNACIO LOPEZ RAYON, EN LEON, GTO. ",Unitario,1,1,Obra,1,20740
614,442,ESTACION DE BOMBEROS METROPOLITANA NO. 9 UBICADA EN LA CALLE SANTA CROCCE DEL FRACCIONAMIENTO SANTA CROCCE (3RA. ETAPA) ,Unitario,1,1,Obra,1,20739
615,416,"REHABILITACIÓN DEL REDONDEL  DE LA PLAZA DE GALLOS, 2DA  ETAPA  ",Unitario,1,1,Obra,1,20692
616,428,"MEJORAMIENTO DEL SITIO DEL PARQUE LINEAL ARROYO EL EJIDO, TRAMO DEL BLVD. MORELOS A BLVD. LAS TORRES – PRIMERA ETAPA. ",Unitario,1,1,Obra,1,20746
617,381,"CICLOVIA BLVD. MARIANO ESCOBEDO, TRAMO: BLVD. GENERAL FRANCISCO VILLA A BLVD. PASEO DE JEREZ EN LEON, GTO. ",Unitario,1,1,Obra,1,20693
