Id_Oficio_Asignacion_Obra,Id_Oficio_Asignacion,Nombre_Obra,Monto,Localidad
2,1,"PROYECTO EJECUTIVO DE PLAZA DE GALLOS DEL HOTEL, SEGUNDA ETAPA CALLE JUAREZ  ZONA CENTRO, LEÓN GUANAJUATO. ",726687.2,NULL
5,4,DICTAMENES ELECTRICOS DE INMUEBLES DEL DIF MUNICIPAL EN VARIOS PUNTOS DE LA CIUDAD.,41773.36,NULL
10,9,"MANTENIMIENTO DE  CAMELLONES, BANQUETAS Y AREAS VERDES  EN VIALIDADES DE ACCESO A LA CIUDAD DE LEON, GTO. ",1495505.59,NULL
11,10,"MANTENIMIENTO DE  CAMELLONES, BANQUETAS Y AREAS VERDES  EN VIALIDADES DE ACCESO A LA CIUDAD DE LEON, GTO. ",1495505.59,NULL
12,11,DICTAMENES ESTRUCTURALES  DE INMUEBLES  DEL DIF MUNICIPAL EN VARIOS PUNTOS  DE LA CIUDAD ,64697.1,NULL
13,12,MANTENIMIENTO AL ACCESO A SANTA MARIA DE CEMENTOS MEDIANTE  ESTABILIZACION  DE TALUD DEL RIO ,470770.43,NULL
15,14,"MANTENIMEINTO  A ESPACIOS PUBLICOS  Y AREAS VERDES DE LAS VIALIDADES  DE LA CIUDAD DE  LEÓN, GTO. ",1529438.15,NULL
16,15,"REHABILITACIÓN DE LOS CAMINOS RURALES: OJO DE AGUA DE LOS REYES  TRAMO:  COL. LA PERA A COM. MESA DE LOS REYES. IBARRILLA , TAMO: COM. IBARRILLA A COM. AGUA ZARCA . ALFARO,  TRAMO : COL. BOSQUES DEL PEDREGAL A COM. LLANO GRANDE ACCESO  AL AUTODROMO. UBICACIÓN LEÓN, GTO.",1322702.69,NULL
17,16,"REHABILITACIÓN DE LOS CAMINOS  RURALES: ZAUCO. TRAMO E.C. LEÓN- SAN FELIPE A COM. EL ZAUCO. SAN JUAN DE OTATES. TRAMO: COM. LA ESTACIA. DUARTE, TRAMO: COM. DUARTE A E.C. COMANJILLA, TRAMO COMANJILLA - LAS COLORADAS. DERRAMADERO. TRAMO: VAQUERIAS - E.C. CARRETERA  SILAO-SAN FELIPE UBICACIÓN : LEON, GTO. ",1318321.66,NULL
18,17,"PROYECTO EJECUTIVO PARA LA CONSTRUCCION Y EQUIPAMIENTO  DE UNA SALA  DE  TITULACION  EN EL INSTITUTO  TECNOLOGICO DE LEÓN, EN LEON GUANAJUATO",304645.09,NULL
19,18,ADECUACION  DE PROYECTO  EJECUTIVO DE CENTRO  IMPULSO  SOCIAL  QUINTA DE LOS CASTILLOS  EN LEON GTO. COL. VALLE DE LOS CASTILLOS ,495513.05,NULL
21,20,PROYECTO EJECUTIVO DE REHABILITACION DEL AREA DEPORTIVA ENTRE EL AND. GRUPO INSURGENTES Y AV. GUTY CARDENAS EN LA COLONIA MIGUEL HIDALGO.,95385.05,NULL
22,20,"PROYECTO EJECUTIVO DE REHABILITACION DE ESPACIO PUBLICO EN LA COLONIA ""FRACCIONES SANTA CECILIA II"", ENTRE CALLE DOGMA CATOLICO Y CALLE MARCO AURELIO; LEON, GUANAJUATO.",95385.05,NULL
23,20,"PROYECTO EJECUTIVO DE REHABILITACION DE ESPACIO PÚBLICO EN LA COLONIA ""FRACCIONAMIENTO VALLE DEL REAL"", ENTRE CALLE VALLE DEL DESVAN Y CALLE REAL DE VICTORIA; LEON, GUANAJUATO.",145513.13,NULL
24,21,"PROYECTO EJECUTIVO DE REHABILITACION DE ESPACIO PÚBLICO EN LA COLONIA ""PASEOS DE LA CIMA"", EN CALLE PASEOS DEL ORIEN; LEON, GUANAJUATO.",121785.73,NULL
25,21,"PROYECTO EJECUTIVO DE REHABILITACION DE ESPACIO PÚBLICO EN LA COLONIA ""SAUCILLOS DE LA JOYA"", ENTRE CALLE PASCAL, KANT Y CALLE PLATON; LEON, GUANAJUATO.",95069.08,NULL
26,21,"PROYECTO EJECUTIVO DE REHABILITACION DE ESPACIO PUBLICO EN LA COLONIA ""FRACCION FRACCIONES DE SAN JUAN BAUTISTA"", ENTRE CALLE HACIENDA TABOADA Y EPSILON; LEON, GUANAJUATO.",123762.79,NULL
30,23,"DISEÑO, GERENCIAMIENTO Y ASESORIA PARA EL PROYECTO DE LA 3A ETAPA DE LA REHABILITACIÓN INTEGRAL SISTEMA DE ALUMBRADO PÚBLICO, LEÓN GTO.",1480684.37,NULL
31,24,"ADECUACIÓN DE PROYECTOS  ESTRUCTURALES  DE CIMENTACION PARA VARIAS ESCUELAS DE LA CIUDAD DE LEON, ",710273.52,NULL
32,25,PROYECTO EJECUTIVO DE ÁREA DE QUIRÓFANO PARA CIRUGÍA OFTÁLMICA AMBULATORIA UBICADO EN LA CALLE SOL PONIENTE Y CALLE AMANECER COL. VALLE DEL SOL,342933.38,NULL
33,26,"PAQUETE NUMERO 6"" REALIZACIÓN DE  ESTUDIOS  DE MANIFESTACIÓN DE IMPACTO AMBIENTAL  EN DIFERENTES PARTES DE LA CIUDAD DE LEON, GTO. ",552485.94,NULL
34,27,"REHABILITACIÓN DE MINIDEPORTIVA SAN MIGUEL, UBICADA EN LA CALLE  TIERRA BLANCA ESQUINA CERRADA COATZACOALCOS, EN LA COLONIA JARDINES DE SAN MIGUEL.",1589350.38,NULL
35,28,"REHABILITACIÓN DE MINIDEPORTIVA IV CENTENARIO, UBICADA EN LA CALLE FRANCISCO ZUÑIGA, EN EL FRACCIONAMIENTO HIDALGO.",1565311.31,NULL
36,29,"REHABILITACIÓN DE MINIDEPORTIVA SAN FRANCISCO DE ASIS, UBICADA EN LA CALLE 16 DE JULIO ESQUINA 4 DE OCTUBRE, EN LA COLONIA SAN FRANCISCO DE ASIS.",1345197.94,NULL
37,30,CONSTRUCCION DE CICLOVIA BLVD. PASEO DE JEREZ TRAMO DE BLVD. TIMOTEO LOZANO A BLVD. LOPEZ MATEOS,14769382.81,NULL
40,31,MANTENIMIENTO Y APLICACIÓN  DE RIEGO EN AREAS VERDES ,324220,NULL
41,13,"MEJORAMIENTO DE LA IMAGEN URBANA EN BLVD. A LOPEZ MATEOS (3 ra ETAPA ),  LEON GUANAJUATO ",858726.89,NULL
42,32,"REHABILITACIÓN DE SEÑALAMIENTO HORIZONTAL EN VIALIDADES PRINCIPALES DE LA CIUDAD DE LEÓN, GTO.",1273511.8,NULL
47,36,PAVIMENTACION DE LA CALLE JACARANDA DEL VALLE TRAMO: OLIVO DEL VALLE A AVELLANO DEL VALLE COL. VALLE DE LEON,3347144.92,NULL
48,37,"PROYECTO EJECUTIVO DE LA PAVIMENTACIÓN DE LA CALLE  DEL SACRISTAN, TRAMO  DE ARGELIA  A VICENTE  VALTIERRA",82341.01,NULL
49,38,"REHABILITACIÓN DE MINIDEPORTIVA GRANADA, UBICADA EN LA CALLE LAGO CAMECUARO ESQUINA CALLE CUITZEO, EN LA COLONIA GRANADA.",1546346.43,NULL
50,39,"PROYECTO EJECUTIVO DE REHABILITACION DE ESPACIO PUBLICO EN LA COLONIA ""FRACCIONES DE SANTA JULIA"", ENTRE CALLE DEL TORBELLINO Y CALLE ANDADOR DEL TAJO; LEON, GUANAJUATO.",95385.05,NULL
51,39,"PROYECTO EJECUTIVO DE REHABILITACION DE ESPACIO PÚBLICO EN LA COLONIA ""FRACCIONES DE SANTA JULIA"", ENTRE CALLE DE LA CAMPIÑA Y AV. OLIMPICA; LEON, GUANAJUATO.",125125.08,NULL
52,39,"PROYECTO EJECUTIVO DE REHABILITACION DE ESPACIO PUBLICO EN LA COLONIA ""FRACCIONAMIENTO JARDINES DE SANTA JULIA Y FRACCIONAMIENTO VILLAS MARIANA"", ENTRE BLVD. RIO MAYO Y BLVD. PASEO DE JEREZ; LEON, GUANAJUATO.",94022.73,NULL
53,39,"PROYECTO EJECUTIVO DE REHABILITACION DE ESPACIO PÚBLICO EN LA COLONIA ""PASEOS DEL MOLINO"", ENTRE LA CALLE MOLINO DE LEON Y CIRCUITO MOLINO DE LA MANCHA; LEON, GUANAJUATO.",95385.05,NULL
54,40,"PROYECTO  INFRAESTRUCTURA  SOCIAL  EN LA  COMUNIDAD  RURAL DE ""PLAYAS DE SOTELO"" EN LEÓN, GUANAJUATO.",237726.35,NULL
55,41,ADECUACIÓN DE PROYECTO EJECUTIVO DE PLAZA COMUNITARIA EN LA CALLE COSTA AZUL EN LA COLONIA  PASEOS DEL MANUEL ,187307.52,NULL
56,42,"REHABILITACION CAMINO ALFARO – NUEVO VALLE 1RA. ETAPA, LEON GTO.",4960807.47,"LEON, GTO. "
57,7,CONSTRUCCIÓN DE CICLOVIA DEL BLVD. AGUSTÍN TÉLLEZ CRUCES TRAMO DE BLVD. JOSE MARIA MORELOS A BLVD. ANTONIO MADRAZO,8614502.32,"LEON, GUANAJUATO "
61,44,PROYECTO EJECUTIVO  DE RENOVACIÓN DE PARADEROS DE BLVD. ADOLFO LOPEZ MATEOS,337796.54,"LEON, GTO"
62,45,PROYECTO  EJECUTIVO DE LA CALLE BETANIA TRAMO:  FRAY  DANIEL MIRELES A VALERIANA COLONIA :  LAS ROSAS ,98626.48,"LEON, GTO"
63,45,PROYECTO EJECUTIVO DE LA CALLE  FRAY  DANIEL MIRELES  BLVD. FRANCISCO  VILLA A AV. SION ,153459.87,"LEON, GTO"
64,45,"PROYECTO EJECUTIVO DE LA CALLE VALERIANA,  TRAMO BETANIA A AV. SION",83224.64,"LEON, GTO"
67,47,"MEJORAMIENTO DEL SITIO DEL PARQUE LINEAL ARROYO EL MUERTO TRAMO: DE BLVD. LAS TORRES A CONGRESO DE CHILPANCINGO Y BLVD. GUANAJUATO A BLVD. VICENTE VALTIERRA, PRIMERA ETAPA.",8560193.85,"LEON, GTO"
68,48,PROYECTO  CALLE :RÍO  SOTO LA MARINA  TRAMO: RIO TECOLUTLA   A  TOPAR  COL. SAN MIGUEL  INFONAVIT ,98626.48,"LEON, GTO"
69,49,PROYECTO CALLE : ADECUACION DE LA CALLE NOSTALGIA TRAMO: MELANCOLIA  A  BLVD. LA LUZ  COL. SAN PEDRO DE LOS HERNANDEZ ,97987.83,"LEON, GTO"
70,50,"PAVIMENTACION DE LA CALLE PARQUE DE SAN JUAN, TRAMO : MURALLA DE SAN JUAN A  PROVINCIA  DE SAN JUAN EN LA COLONIA  VILLAS DE SAN JUAN ",1079985.69,"LEON, GTO"
71,51,"CONSTRUCCIÓN DE TECHADO EN AREA DEPORTIVA EN TELESECUDARIA  NO. 1107 CCT:11ETV1107Z, UBICADA EN  CALLE EL RESPLANDRO SN COMUNIDAD EL  RESPLANDOR ",1046410.27,EL RESPLANDOR
72,52,"CONSTRUCCIÓN DE SANITARIO ATIPICO EN LA TELESECUNDARIA  NUM. 759, CCT:11ETV0755X UBICADA EN LA LABORCITA CARRETERA LEON-DUARTE ",945674.49,LA LABORCITA
74,54,DESAZOLVE DE CANALES EN LAS COMUNIDADES DE SAN JOSE DEL RESPLANDOR Y PLAYAS DEL SOTELO,73107.84,PLAYAS DE SOTELO
75,55,PROYECTO CALLE BALCÓN DE LAS TERMITAS,115011.65,"LEON, GTO"
76,55,PROYECTO CALLE: TALÍA,133913.11,"LEON, GTO"
77,55,PROYECTO CALLE: BALCÓN DE LOS JARIBUS,164097.52,"LEON, GTO"
80,57,"CONSTRUCCIÓN DE TECHADO EN AREA DEPORTIVA EN LA PRIM. MARCOS  PLASCENCIA CCT:11DPR3522D, UBICADA EN LEON I RODRIGO  ZERMEÑO NUM. 206",1370226.74,"LEON, GTO"
81,58,PAVIMENTACION DE LAS BANQUETAS DE LA CALLE AMAZONITAS  TRAMO:  GRANJAS DE SAN JUAN - FARO DE SAN JUAN COL. VILLAS DE SAN JUAN ,827967.14,VILLAS DE SAN JUAN 
83,60,PEROYECTO CALLE: MADRE AMALIA,176254.49,LEON 
84,60,PROYECTO CALLE: JOSÉ MARÍA CASULLO,114019.17,"LEON, GTO"
85,61,PROYECTO CALLE: MADRE LUISA,113313.61,"LEON, GTO"
86,61,PROYECTO CALLE: MINERAL DEL LLANO,114019.17,"LEON, GTO"
89,63,"PROYECTO CALLE: YACIMIENTO DE COBRE, TRAMO :BLVD. YACIMIENTO - YACIMIENTO VOLCÁNICO",97987.83,"LEON, GTO"
90,63,"PROYECTO CALLE: YACIMIENTO DE CARBÓN, TRAMO:BLVD. YACIMIENTO - YACIMIENTO VOLCÁNICO",97987.83,"LEON,GTO. "
91,63,"PROYECTO CALLE: YACIMIENTO ACUIFERO, TRAMO:BLVD. YACIMIENTO - YACIMIENTO VOLCÁNICO",97987.83,"LEON, GTO"
93,63,"PROYECTO CALLE: YACIMIENTO MINERAL,TRAMO:BLVD. YACIMIENTO - YACIMIENTO MINERAL",97987.83,"LEON, GTO"
94,64,PROYECTO :ADECUACIÓN  DE PROYECTO EJECUTIVO  DE CICLOVIA  DEL BLVD. PASEO DE JEREZ  TRAMO : DEL BLVD. TIMOTEO LOZANO A BLVD. ADOLFO LOPEZ MATEOS. UBICACIÓN : LEON GUANAJUATO ,374726.3,"LEON, GTO"
95,65,PROYECTO  EJECUTIVO DE REUBICACION DE LA LINEA DE AGUAS  NEGRAS UBICADA EN EL  ECOPARQUE  CURTIDORES ,96661.49,"LEON, GTO"
96,66,"PROYECTO  CALLE : AÑORANZA TAMO: SENDERO MAYA A PAVIMENTO EXISTENTE, COLONIA  ARBOLEDAS DE SAN PEDRO , TRAMO : SENDERO  MAYA A PAVIMENTO EXISTENTE ",122625.15,"LEON, GTO"
98,68,"MANTENIMIENTO A VIALIDADES, ESPACIOS PUBLICOS Y MOBILIARIO URBANO EN LA CIUDAD DE LEON, GTO. ",1480128.37,"LEON, GTO"
99,69,"REPARACIÓN DE LA BARDA PERIMETRAL EN LA ESCUELA PRIMARIA 466, UBICADA EN LA JOYA. ",254561.58,"LEON, GTO"
102,71,REHABILITACIÓN DE CAMINO SACA COSECHA NUEVO LINDERO -LA ARCINA UBICACIÓN : COMUNIDAD NUEVO  LINDERO-LA ARCINA ,481096.6,LA ARCINA 
103,72,REHABILITACIÓN DE CAMINOS SACA COSECHA BARRETOS UBICACIÓN: COMUNIDAD BARRETOS ,330549.37,BARRETOS 
104,72,REHABILITACIÓN DE CAMINOS SACA COSECHA EL RAYO-CAMINO ESTANCIA DE LA SANDIA UBICACIÓN : COMUNIDA EL RAYO,145638.09,LA SANDIA 
105,72,REHABILITACIÓN DE CAMINO SACA COSECHA RAMILLETE - SAN JOSE DE LOS SAPOS UBICACIÓN: COMUNIDAD RAMILLETE- SAN JOSE DE LOS SAPOS ,597836.74,SAN JOSE DE LOS SAPOS 
106,71,REHABILITACIÓN DE CAMINO SACA COSECHA NUEVO LINDERO- RANCHO NUEVO DE LA LUZ UBICACIÓN : COMUNIDAD NUEVO LINDERO ,602188.94,NUEVO LINDERO 
110,74,REHABILITACIÓN DE CAMINO SACA COSECHA  LOS RAMIREZ-  CARRETERAS SAN JUDAS  RANCHO NUEVO LA LUZ UBICACIÓN COMUNIDAD LOS RAMIREZ ,490937.95,RAMIREZ
111,74,REHABILITACIÓN DE CAMINO SACA COSECHA MALAGANA-SAN ISIDRO DE LAS COLONIAS  UBICACIÓN COMUNIDAD MALAGANA -SAN ISIDRO DE LAS COLONIAS. ,770736.4,SAN ISIDRO DE LAS COLONIAS 
112,75,REHABILITACION DE CAMINO SACA COSECHA RANCHO  NUEVO DE LA LUZ- LOS  VALLEJO ,343466.08,RANCHO NUEVO LA LUZ 
113,75,"REHABILITACION DE CAMINO SACA COSECHA RANCHO  NUEVO DE LA LUZ- PLAN LIBERTADOR, COMUNIDAD RANCHO NUEVO DE LA LUZ ",706068.06,RANCHO NUEVO LA LUZ 
114,76,"ACTUALIZACIÓN Y MODIFICACIÓN DEL PROYECTO EJECUTIVO DEL PARQUE JUÁREZ UBICADO EN BLVD. TIMOTEO LOZANO, INDEPENDENCIA Y HONDA DE SAN MIGUEL EN LA COLONIA SAN MIGUEL",168959.6,"LEON, GTO"
115,77,MANTENIMIENTO  DE ESPACIOS  NATURALES  Y AREAS   VERDES EN GLORIETAS Y PARQUES  URBANOS DE  LA CIUDAD  DE LEON GUANAJUATO ,996635.07,"LEON, GTO"
116,78,PROYECTO EJECUTIVO DEL  COMEDOR  Y CENTRO  GERONTOLOGICO  EN LA COLONIA PILETAS IV.,497465.51,"LEON, GTO"
117,79,PROYECTO CALLE: SAN JOSÉ DE LAS LAJAS TRAMO :SAN JOSÉ DE ITURBIDE A SAN JOSÉ DE COSTA RICA,149142.75,"LEON, GTO"
118,79,"PROYECTO CALLE: TORRE DE MARFIL, TRAMO :LAS TORRES A LATINOAMERICANA",123836.81,"LEON, GTO"
121,63,"PROYECTO CALLE: YACIMIENTO METALURGICOPROYECTO, TRAMO :BLVD. YACIMIENTO - YACIMIENTO VOLCÁNICO",98626.48,"LEON, GTO"
122,5,"PROYECTO CALLE: FRANCISCO LOPEZ VELASCO,  TRAMO: JOSE MARIA BRITO - JOSE MA. ROA BARCENAS",178711.8,"LEON, GTO"
123,5,PROYECTO CALLE: FRANCISCO M. SANCHEZ DE TAGLE: JOSE MARIA BRITO - JOSE MA. ROA BARCENAS,178711.8,"LEON, GTO"
124,21,"PROYECTO EJECUTIVO DE REHABILITACION DE ESPACIO PÚBLICO EN LA COLONIA ""FRACC. FRACCIONES DE SAN JUAN BAUTISTA"", EN LA CALLE HACIENDA JARAL DE BERRIOS; LEON, GUANAJUATO.",94022.73,"LEON, GTO"
125,80,"ADECUACION DEL CENTRO  DE CONTROL Y BIENESTAR ANIMAR UBICADO EN  CALLE RIO VERDE #243, FRACC. LA LUZ 1ER ETAPA. ",279995.78,"LEON, GTO"
127,82,"REHABILITACIÓN DE MINIDEPORTIVA NUEVA CANDELARIA, UBICADA EN LA CALLE SANCHEZ ESQUINA MAZATLAN, EN LA COLONIA NUEVA CANDELARIA.",1402215.47,"LEON, GTO"
128,83,"REHABILITACIÓN DE MINIDEPORTIVA SANTA MARIA DEL GRANJENO, UBICADA EN LA CALLE OCEANO ARTICO ESQUINA MAR ROJO, EN LA COLONIA SANTA MARIA DEL GRANJENO.",1310456.3,"LEON, GTO"
129,84,REHABILITACION DE CAMINO SACA COSECHA  BARRETOS-CAMINO LA ARCINA  UBICACIÓN: COMUNIDAD  DE BARRETOS ,376368.08,BARRETOS 
130,84,REHABILITACIÓN DE CAMINO SACA COSECHA  BARRETOS-EL RAYO   UBICACIÓN: COMUNIDAD  DE BARRETOS ,1176449.73,BARRETOS 
131,85,"CONSTRUCCIÓN  TECHADO EN AREA DEPORTIVA EN  TELESECUNDATIA 585, CCT:11ETV0582W, UBICADA EN  COM. ALBARRADONES  CARRETERA LEON-COMANJILLA S/N",1263774.62,ALBARRADORNES 
132,81,"REHABILITACION AV. LA MERCED (SEGUNDA ETAPA), EN EL TRAMO DE BLVD. TORRES LANDA-CALLE FLAMENCO, LEON GTO",3480953.64,"LEON, GTO"
133,86,"REHABILITACIÓN DE MINIDEPORTIVA MORELOS, UBICADO EN LAS CALLES 14 DE MAYO ESQUINA CALLE INDUSTRIA MORELOS, EN LA COLONIA MORELOS.",1627229.75,"LEON, GTO"
135,87,"REHABILITACIÓN  Y REUBICACIÓN  DE RETORNOS EN BLVD. AEROPUERTO (2DA ETAPA), LEON  GUANAJUATO ",1690452.42,"LEON, GTO"
136,88,"MEJORAMIENTO DE LA IMAGEN URBANA Y MANTENIMIENTO DE CAMELLONES EN LAS SIGUIENTES VIALIDADES: BLVD. JOSE MARIA MORELOS, BLVD. PASEO DE JEREZ, BLVD. VICENTE VALTIERRA, BLVD. LA LUZ, BLVD. MIGUEL HIDALGO, BLVD. A. MADRAZO Y BLVD. H. BUSTOS, LEON GTO",5099090.18,"LEON, GTO"
137,89,"MEJORAMIENTO DE LA IMAGEN URBANA Y MANTENIMIENTO DE CAMELLONES EN LAS SIGUIENTES VIALIDADES: BLVD. ADOLFO LOPEZ MATEOS, BLVD. MARIANO ESCOBEDO, BLVD. AEROPUERTO, BLVD. DELTA, BLVD. DELTA, BLVD. SAN PEDRO, MALECON DEL RIO Y BLVD. VASCO DE QUIROGA, LEON GUANAJUATO",5128832.94,"LEON, GTO"
138,90,PROYECTO EJECUTIVO DE REHABILITACION DEL AREA DEPORTIVA UBICADA EN LA CALLE GARCETA DE LA COLONIA SAN IGNACIO.,101920.93,"LEON, GTO"
139,90,"PROYECTO EJECUTIVO DE REHABILITACION DEL AREA DEPORTIVA UBICADA EN LA CALLE ALBERTO F. DANEL DE LA COLONIA ""FRACCIONAMIENTO SANTA MARIA DE CEMENTOS"".",95385.05,"LEON, GTO"
140,91,"REHABILITACION DE AV. NICARAGUA, LEON GTO",3927532.43,"LEON, GTO"
142,92,"REHABILITACIÓN DE AV. NICARAGUA, LEÓN, GTO",3927532.43,"LEON, GTO"
143,93,"REHABILITACIÓN DE MINIDEPORTIVA LOS OLIVOS, UBICADA EN LA CALLE ELISA ESQUINA PUERTO DE CORUÑA, EN LA COLONIA LOS OLIVOS.",1374577.81,"LEON, GTO"
144,94,REHABILITACIÓN  DE CAMINO SACA COSECHA  LA SANDIA  -EL MAGUEY   UBICACIÓN: COMUNIDAD LA SANDIA -EL MAGUEY ,570002.85,LA SANDIA 
145,94,REHABILITACIÓN  DE CAMINO SACA COSECHA  LA CINTA -CAMINO ESTANCIA DE LA SANDIA  UBICACIÓN  LA CINTA ,180002.13,LA CINTA
146,94,REHABILITACIÓN DE CAMINO SACA COSECHA NUEVO LINDERO -CARR. BARRETOS -SAN JUDAS UBICACIÓN: COMUNIDAD NUEVO LINDERO ,625098.31,NUEVO LINDERO 
147,95,"PLAN DE MODERNIZACIÓN  DE INFRAESTRUCTURA 2018, MERCADO ECHEVESTE DEL MUNICIPIO DE LEON GUANAJUATO",1000000,"LEON, GTO"
148,96,"PLAN DE MODERNIZACIÓN  DE INFRAESTRUCTURA 2018, MERCADO LA ESPERANZA DEL MUNICIPIO DE LEON GUANAJUATO",470000,"LEON, GTO"
149,97,MANTENIMIENTO  AL  EQUIPO UBARNO (FUENTES) DE LA CIUDAD  DE LEON GUANAJUATO ,499898.9,"LEON, GTO"
150,98,"PAVIMENTACIÓN DEL BARRIO DE SAN JUAN DE DIOS, 2DA. ETAPA, (CALLE IGNACIO ALTAMIRANO TRAMO ROSAS MORENO A 5 DE FEBRERO, CALLE  DIAZ MIRÓN DE IGNACIO  ALTAMIRANO A VICENTE GUERRERO Y VICENTE GUERRERO A ROSAS MORENO A DIAZ MIRÓN ",9956060.52,"LEON, GTO"
152,100,"MEJORAMIENTO DE LA IMAGEN URBANA Y MANTENIMIENTO DE CAMELLONES EN LAS SIGUIENTES VIALIDADES: BLVS. JUAN A DE TORRES, BLVD. MIGUEL C SAAVEDRA, BLVD. CAMPESTRE, BLVD. LOPEZ SANABRIA, PASEO DE LOS INSURGENTES, BLVD.SAN JUAN BOSCO Y BLVD. HILARIO MEDINA, LEON GTO.",5036090.63,"LEON, GTO"
155,102,PAVIMENTACION DE LA CALLE SANTA CROCCE TRAMO: PAVIMENTO EXISTENTE-BLVD. TIMOTEO LOZANO EN LA COLONIA SANTA CROCCE,10375842.17,"LEON, GTO"
157,104,"PROYECTO CALLE: PINO DE MEDINA, TRAMO: ZARZAL DE MEDINA - HUESO COL. MEDINA ",100631.35,"LEON, GTO"
158,104,"PROYECTO CALLE : MISAEL NUÑEZ, TRAMO : 26 DE AGOSTO - 14 DE MAYO",114019.17,"LEON, GTO"
164,107,"MEJORAMIENTO DE IMAGEN URBANA Y MANTENIMIENTO DE CAMELLONES EN LAS SIGUIENTES VIALIDADES: BLVD. J.J. TORRES LANDA, BLVD. FRANCISCO VILLA, BLVD. G. BOCANEGRA, BLVD. TIMOTEO LOZANO, BLVD.HERMANOS ALDAMA Y BLVD. JUAREZ, LEON, GUANAJUATO",5597587.97,"LEON, GTO"
165,108,"CONSTRUCCIÓN DE BARDA PERIMETRAL EN EL  DIF, UBICADO EN LA CALLE  GRANJA NORMA,  DE LA COLONIA GRANJA IVEG. ",748000,"LEON, GTO"
166,109,"CONSTRUCCIÓN DE ESPACIOS PUBLICOS URBANOS EN EL MALECÓN DEL RÍO DE LOS GÓMEZ , TRAMO :  CALLE BLVD. JUAN ALONSO DE TORRES A CALLE 5 DE MAYO ",17877992.58,"LEON, GTO"
167,110,"CONSTRUCCION DE ESPACIOS URBANOS EN EL MALECON DEL RIO DE LOS GOMEZ, TRAMO: CALLE 5 DE MAYO A OLIMPO",22268127,"LEON, GTO"
168,111,"CONSTRUCCION DE ESPACIOS URBANOS EN EL MALECON DEL RIO DE LOS GOMEZ, TRAMO: CALLE OLIMPO A BLVD. TORRES LANDA",4709458.14,"LEON, GTO"
169,112,"PAVIMENTACION DE BLVD. JOSE MARIA MORELOS TRAMO: DISTRIBUIDOR BENITO JUAREZ-PASEO DE LOS INSURGENTES, (PRIMERA ETAPA)",94688087.39,"LEON, GTO"
170,113,ESPACIO SAN FRANCISCO CONSTRUCCION DE PLAZA AMPLIACION SAN FRANCISCO (1RA. ETAPA),5781634.43,"LEON, GTO"
171,114,"REHABILITACIÓN DE MINIDEPORTIVA UNIDAD OBRERA, UBICADA EN LA CALLE FIDEL VELAZQUEZ ESQUINA CALLE BLAS CHUMACERO, EN LA COLONIA OBRERA (INFONAVIT).",1574643.32,"LEON, GTO"
172,115,"REHABILITACION DE MINIDEPORTIVA SATELITE, UBICADA EN BLVD. MARIANO ESCOBEDO Y HAWAII, EN LA COLONIA SATELITE",1638796.91,"LEON, GTO"
173,116,"PROYECTO DE ADECUACIÓN EN EL MERCADO ESPIRITU SANTO ESQUINA BVLD. SAN JUAN BOSCO, ENTRE LAS CALLES  SALAMANCA Y SAN JUAN DE  LOS LAGOS, COL.  ESPAÑA EN LEÓN GUANAJUATO. ",115598.36,"LEON, GTO"
174,117,"PLAN DE MODERNIZACION DE INFRAESTRUCTURA 2018, MERCADO LA PULGA (3RA ETAPA) DEL MUNICIPIO DE LEON GUANAJUATO",4117537.66,"LEON, GTO"
175,118,"CONSTRUCCION DE UN ESTACIONAMIENTO EN LAS INSTALACIONES DE LA FERIA ESTATAL DE LEON, EL CENTRO DE CIENCIAS EXPLORA Y POLIFORUM",98969341.76,"LEON, GTO"
176,119,"CONSTRUCCION DE 6 AULAS TIPO U""C CON MODULO DE ESCALERA, EN LA TELESECUNDARIA NUM.1129 CCT11ETV1129L, UBICADA EN RANCHO SAN JOSE DE LOS SAPOS AVENIDA BARAJAS S/N",3157240.45,LOS SAPOS 
177,120,ADECUACION Y ESTRUCTURACION DEL CUARTEL DE POLICIA MONTADA,8981458.83,"LEON, GTO"
178,121,MANTENIMIENTO A VIALIDADES NO PAVIMENTADAS EN LA ZONA SUR DE LA CIUDAD DE LEON GTO,1490247.85,"LEON, GTO"
179,122,"MANTENIMIENTO A VIALIDADES NO PAVIMENTADAS EN LA  ZONA NOR-ORIENTE DE LA CIUDAD DE LEON, GTO. ",1488090.77,"LEON, GTO"
180,123,"MANTENIMIENTO A VIALIDADES NO PAVIMENTADAS EN LA ZONA NOR- PONIENTE DE LA CIUDAD DE LEON, GTO.",1482181.64,"LEON, GTO"
181,124,"MANTENIMIENTO Y APLICACIÓN DE RIEGO A CAMELLONES Y AREAS VERDES PUBLICAS, LEON, GTO. ",498800,"LEON, GTO"
182,125,"CUARTOS ADICIONALES EN LOS POLOS DE DESARROLLO RANCHO NUEVO LA VENTA, EN LAS COMUNIDADES  REFUGIO DE ROSAS, CORRAL DE PIEDRA, LAGUNILLAS. ",963157.98,"LEON, GTO"
183,126,"CONSTRUCCION Y REHABILITACIÓN DE BANQUETAS EN BLVD.  LA LUZ (1RA ETAPA ), LEON  GTO. ",687334.92,"LEON, GTO"
184,127,"REHABILITACIÓN DE SEÑALAMIENTO VIAL EN BULEVARES Y VIALIDADES  DE LA CIUDAD, LEON GTO. ",1672053,"LEON, GTO"
185,128,"DEMOLICIÓN DE EDIFICACIONES EN LA ZONA DEL DISTRIBUIDOR VIAL BENITO JUAREZ, LEON, GTO. ",458976.99,"LEON, GTO"
186,129,"PROYECTO DE REHABILITACIÓN DEL MERCADO ALDAMA CALLE MIGUEL ALEMAN, CON BELISARIO DOMINGUEZ, CALLE IGNACIO COMONFORT Y J. ORTIZ DE DOMINGUEZ .  ZONA CENTRO ",132028.4,"LEON, GTO"
188,131,"CONSTRUCCIÓN DE BARDA PERIMETRAL EN LA PRIMARIA MARIA GREEVER , CCT 11T11DPR39410 DE LA COL. SINARQUISTAS ",1361473.01,"LEON, GTO"
189,132,"REHABILITACIÓN DE CAMINO ARBOLEDAS DE LOS  LOPEZ TRAMO:  CAMINO A CAPELLANIA DE LOERA-ESCUELAS ARBOLEDAS DE LOS LOPEZ, UBICACIÓN: COMUNIDAD ARBOLEDAS DE LOS LOPEZ ",219811.5,LOS LOPEZ
190,132,REHABILITACIÓN DE CAMINO DE ACCESO A SAN JOSE DEL CLAVEL- CAPELLANIA DE LOERA TRAMO : COMUNIDAD DE SAN JOSE DEL CLAVEL - CAPELLANIA DE LOERA . UBICACIÓN : COMUNIDAD  SAN JOSE DEL CLAVEL- CAPELLANIA DE LOERA. ,723333.12,CAPELLANIA DE LOERA
191,133,"REHABILITACIÓN DE CAMINO DE ACCESO A MESA DE IBARRILLA, TRAMO IBARRILLA - MESA DE IBARRILLA, UBICACIÓN : COMUNIDAD DE IBARRILLA ",1031159.76,"LEON, GTO"
192,134,"REHABILITACION DE CAMINO DE ACCESO A LA ESTANCIA DE LA SANDIA, TRAMO: CARR. LEON-CUERAMARO-LA ESTANCIA DE LA SANDIA, UBICACIÓN: COMUNIDAD ESTANCIA LA SANDIA",418881.12,ESTANCIA DE LA SANDIA 
193,134,"REHABILITACION DE CAMINO DE ACCESO A LA CINTA, TRAMO: CAMINO A BARRETOS-LA SANDIA-ACCESO LA CINTA; ",412181.29,LA CINTA 
195,135,"REHABILITACIÓN DE CAMINO  RANCHO NUEVO LA VENTA TRAMO : CALLE PRINCIPAL   RANCHO NUEVO LA VENTA, UBICACIÓN: COMUNIDAD  RANCHO NUEVO LA VENTA. ",246766.59,RANCHO NUEVO LA VENTA
196,135,"REHABILITACIÓN DE CAMINO DE ACCESO A REFUGIO ROSAS  TRAMO: BALCONES DE LA JOYA- REFUGIO DE ROSAS, UBICACIÓN : COMUNIDAD  REFUGIO DE  ROSAS. ",672364.84,REFUGIO DE ROSAS 
197,135,"REHABILITACIÓN DE CAMINO DE ACCESO A ESTACIA DE VAQUEROS, TRAMO : CARR. MANUEL DOBLADO- COMUNIDAD ESTANCIA DE  VAQUEROS. UBICACIÓN  ESTANCIA DE  VAQUEROS",321717.15,ESTANCIA DE VAQUEROS
198,136,REHABILITACIÓN DE CAMINO DE ACCESO A OJO DE AGUA DE REYES UBICACIÓN: COMUNIDAD OJO DE AGUA DE REYES ,903600.4,OJO AGUA DE LOS REYES 
199,137,"CALENTADORES SOLARES EN LAS COLONIAS : AGUA  AZUL, ARBOLEDAS DE SAN  JOSE, ARBOLEDAS DE SEÑORA, AZTECA, DEPORTIVA  I Y II, INDUSTRIAL, MOREÑA, LA RAZA, LOMAS DE JEREZ, LOS FRESNOS, LOS MURALES, MEZQUITAL DE VILLAS DE SAN CARMEN, PRADO  HERMOSO, RIVERA DEL CARMEN, SANTA ROSA DE LIMA, UNIDAD DEPORTIVA II, VALLE DE SEÑORA, VILLAS DE NUESTRA SEÑORA DE LA LUZ, VILLAS DE SAN JUAN, ENTRE OTRAS",1154078.07,"LEON, GTO"
200,138,"SUMINISTRO  Y COLOCACION DE CALENTADORES SOLARES EN LAS COMUNIDADES:  LA SANDIA, NUEVO LINDERO, SAN JUDAS, PUERTA  DEL CERRO, LA RESERVA,  LA MORA, EL NACIMIENTO, LOS RAMIREZ, PROVIDENCIA, LOS TEPETATES, EL RESPLANDOR, LA ARCINA, EL TERRERO, PLAYAS DE SOTELO, GRANJAS ECONOMICAS, LOS LOPEZ, SANTA ROSA PLAN DE AYALA,   ENTRE OTRAS. ",994127.64,"LEON, GTO"
201,139,"CUARTOS ADICIONALES EN LOS POLOS DE DESARROLLO HUIZACHES, EN LAS COMUNIDADES: HUIZACHE (FUNDCIONES) HUIZACHE (RANCHO VIEJO ) HUIZACHE (ARENOSA), HUIZACHE. ",1442065.38,EL HUIZACHE
202,140," CUARTOS ADICIONALES EN LOS POLOS DE DESARROLLO LOS SAUCES, EN LAS COMUNIDADES: LOS LOPEZ, CAPELLANIA DE LOERA, LOS SAUCES, SAN JOSE DE LOS ROMEROS, EL COPETE. ",1442065.38,VARIAS COMUNIDADES 
203,141," CALENTADORES SOLARES EN LOS POLOS DE DESARROLLO LA SANDIA, LOS RAMIREZ, SANTA ANA DEL CONDE, EN LAS COMUNIDADES : SAN JUDAS, EL CONSUELO, SAN JOSE DEL RESPLANDOR, NUEVO LINDERO, BARRETOS, MIGUEL HIDALGO, SANDIA, LA CINTA, SAN AGUSTIN DEL MIRASOL, SAN FRANCISCO DE DURAN,  PROVIDENCIA, SAN JOSE DE BARRON, GUADALUPE VICTORIA, SAN RAFAEL DE LOS RAMIREZ,  PLAYAS DE SOTELO, BENITO JUAREZ, MIGUEL   HIDALGO, ARCINA, TERRERO, SANTA ANA DEL CONDE. ",1495790.35,VARIAS COMUNIDADES 
207,145," CALENTADORES SOLARES EN LOS POLOS DE DESARROLLO DUARTE, SAN JUAN DE OTATES EN LAS  COMUNIDADES: LOZA DE LOS PADRES, DUARTE, SAN JUAN DE OTATES, SAN CARLOS LA  RONCHA, LA LABORCITA. ",1423085.61,VARIAS COMUNIDADES 
208,146,"CONSTRUCCIÓN DE OSARIOS EN EL PANTEÓN MUNICIPAL SAN NICOLAS    LEÓN, GTO.",947001.54,"LEON, GTO"
209,147,"CONSTRUCCIÓN DE GAVETAS  EN EL PANTEÓN MUNICIPAL LA SANDIA  Y CONSTRUCCIÓN  DE OSARIOS EN EL PANTEÓN MUNICIPAL NORTE LEON, GUANAJUATO.",1170101.62,LA SANDIA 
210,34,"PROYECTO CALLE DE LA CORONACION  (NEPAL), TRAMO :BANGLADESH-GENESIS",65001.33,"LEON, GTO"
211,34,"PROYECTO CALLE TENCA, TRAMO :PRESA DEL TIGRE -PRESA DE LA MOJINA ",114019.17,"LEON, GTO"
212,34,"PROYECTO  CALLE PAULINO  DURÁN, TRAMO : BLVD.  JUAN ALONSO DE  TORRES- RODRIGUO MORENO ZERMEÑO ",114019.17,"LEON, GTO"
213,35,"PAVIMETACIÓN DE LA CALLE IRLANDA, TRAMO :ARTURO SOTO RANGEL A ISLAS",2555808.43,"LEON, GTO"
214,66,"PROYECTO: PROYECTO EJECUTIVO DE RODOLFO PADILLA , TRAMO : BLVD. VASCO DE QUIROGA A BLVD. FRANCISCO VILLA  UBICACIÓN : LEON GUANAJUATO ",737017.86,"LEON, GTO"
215,48,"PROYECTO  CALLE : CORTIJO DE ANZAR (COMUNIDAD DE LA MALAGANA, SAN ANTONIO DEL MONTE ) TRAMO : CARRETERA MANUEL DOBLADO A LEÓN A CALLE  CORTIJO DEL HUACO, UBICACIÓN : COL MALAGANA ( SAN ANTONIO DEL MONTE )",167045.15,"LEON, GTO"
216,148,REHABILITACIÓN DE LA CALLE ESPAÑITA ( 1RA ETAPA),4245661.38,"LEON, GTO"
217,149,"MEJORAMIENTO DE VIVIENDA RURAL CUARTO DORMITORIO  EN LAS COMUNIDADES DE SAN JUAN DE OTATES, LA LABORCITA, COLORADAS, PATIÑA, SAN ANTONIO DE PADUA, HACIENDA ARRIBA, SAN JOSE DE OTATES SUR, CANELAS Y VAQUERÍAS. ",1894509.23,VARIAS COMUNIDADES 
218,150,"PLAN DE INFRAESTRUCTURA 2018, MERCADO CARRO VERDE DE LEON, GUANAJUATO",2183872.88,"LEON, GTO"
221,152,"REHABILITACION DEL MERCADO CENTRO COMERCIAL ALLENDE, UBICACIÓN: ENTRE CALLES AV. 27 DE SEPTIEMBRE, AQUILES SERDAN E IGNACIO LOPEZ RAYON",470000,"LEON, GTO"
222,153,REHABILITACIÓN DEL ESPACIO PÚBLICO EN LA COLONIA POPULAR LA LUZ  CALLE HEROES DE LA INDEPENDENCIA CON ARROYO ALFARO ,710502.9,"LEON, GTO"
223,154,"MANTENIMIENTO AL RETORNO  EN PUENTE LA HERRADURA (ACCESO AL  FRACC. ALAMO ) Y AL BLVD. AEROPUERTO. LEON, GTO. ",869197.77,"LEON, GTO"
224,155,"CONSTRUCCION Y REHABILITACIÓN DE BANQUETAS EN BLVD. DELTA (1RA ETAPA ), LEON  GTO. ",182719.86,"LEON, GTO"
226,156,"REHABILITACIÓN DE CAMINO DE ACCESO A LOS TEPETATES TRAMO: PROVIDENCIA -LOS TEPETATES, UBICACIÓN  COMUNIDAD LOS TEPETATES ",566024.04,LOS TEPETATES 
227,156,"REHABILITACIÓN DE CAMINO DE ACCESO  A RANCHO EL TREBOL, TRAMO : COMUNIDAD RANCHO EL TREBOL- CALLE PRINCIPAL, UBICACIÓN : COMUNIDAD RANCHO EL TREBOL ",378106.23,EL TREBOL 
229,158,"ESTUDIO DE GESTIÓN  SOCIAL EN EL ESPACIO PÚBLICO EN EL FRACCIONAMIENTO VALLE DEL CAMPESTRE ( PANORAMA) AV. PANORAMA ESQ. BLVD. CAMPESTRE,  LEON, GUANAJUATO ",116263.66,"LEON, GTO"
230,159,"ADECUACIÓN DEL PROYECTO DEL MERCADO SAN JUAN BOSCO  PARA LA 1 ER  ETAPA DE OBRA CALLE: SANTANDER, ESQUINA  CON CALLE  VIZCAYA Y CATALUÑA, EN LA COLONIA SAN JUAN BOSCO ",80750.96,"LEON, GTO"
231,160,"PAVIMENTACIÓN DE LA CALLE CERRO DEL LABRADOR, TRAMO : DEL AGRICULTOR- LABRANZA, UBICACIÓN  COLONIA SAN ISIDRO LABRADOR ",905103.77,"LEON, GTO"
232,160,"PAVIMENTACIÓN DE LA CALLE NEPAL (ANTES ""DE LA CORONACIÓN, )""TRAMO : BANGLADESH GÉNESIS, UBICACIÓN   COL. LOMAS DE GUADALUPE ",412975.3,"LEON, GTO"
233,161,"PAVIMENTACIÓN DE LA CALLE YACIMIENTO ACUÍFERO, TRAMO: BLVD.  YACIMIENTO-YACIMIENTO VOLCANICO, UBICACIÓN : COLONIA: EL YACIMIENTO, LEÓN GTO. ",1029681.93,"LEON, GTO"
234,162,"PROYECTO CALLE: TORRES FLANQUEANTE, TRAMO: TRONERAS A ATALAYA",97987.83,"LEON, GTO"
235,163,"REHABILITACIÓN DE CAMINO DE ACCESO  DERRAMADERO TRAMO : VAQUERIAS  A DERRAMADERO , COMUNIDAD  EL DERRAMADERO ",365298.16,DERRAMADERO 
236,164,"BAÑOS RURALES EN LOS POLOS DE DESARROLLO ALFARO: NUEVO VALLE DE MORENOS, LOS SAUCES, SAN  JUAN DE OTATES EN LAS COMUNIDADES: OJO DE AGUA DE LOS REYES, NARANJOS,  VAQUERIAS, NUEVO VALLE, ZARAGOZA,LOS LOPEZ, CAPELLANIA DE LOERA, LOS SAUCES, LA  LABORCITA. ",1412479.94,VARIAS COMUNIDADES
237,165,"REHABILITACIÓN DEL ESPACIO PÚBLICO EN LA COLONIA  LOS COLORINES, CALLE  CIRCUITO HACIENDA SAN MIGUEL-TIRINTO ",641589.21,"LEON, GTO"
238,165,REHABILITACIÓN DEL ESPACIO PÚBLICO EN LA COLONIA REVOLUCIÓN CALLE VASCO DE QUIROGA ESQUINA CON PLAN DE AYALA Y CAUDILLO DEL SUR ,298994.91,"LEON, GTO"
240,167,"ACCIONES DE REMEDIACIÓN POR RESOLUTIVO DE IMPACTO AMBIENTAL  PARA LAS OBRAS DEL PARQUE HIDALGO PONIENTE, LEON. GTO.",271151.97,"LEON, GTO"
241,168,"BAÑOS RURALES EN LOS POLOS DE DESARROLLO RANCHO NUEVO LA VENTA SANTA ROSA PLAN DE  AYALA EN LAS COMUNIDADES : RESERVA, RANCHO NUEVO LA VENTA, LAGUNILLAS, PUERTA DEL CERRO, EL NACIMIENTO,  SANTA ROSA PLAN DE AYALA, SAN JOSE DE LOS SAPOS, POMPA.",1304248.09,VARIAS COMUNIDADES 
242,169,CONSTRUCCIÓN DE BANQUETAS EN VARIOS PUNTOS DE LA CIUDAD PAQUETE #2,1439509.31,VARIAS COLONIAS 
243,170,REHABILITACIÓN DEL ESPACIO PUBLICO EN LA COLONIA  PRADO HERMOSO CALLE AV. ENRIQUE ARANDA ESQUINA CALLE ANTONIO HERNANDEZ ,1950231.76,"LEON, GTO"
245,171,CONSTRUCCIÓN DE BANQUETAS EN VARIOS PUNTOS DE LA CIUDAD PAQUETE #1,1439509.31,VARIAS COLONIAS 
246,172,"CALENTADORES SOLARES EN LAS COLONIAS: ANTENAS DE ARRIBA, ARBOLEDAS DE LA SELVA, LA SELVA, LAURELES DE LA SELVA, LOMAS DE LA SELVA, MESITAS DEL CONSUELO , VALLE DEL CONSUELO II, UNION COMUNITARIA LOS LAURELES , VALLE DEL  CONSUELO II,ENTRE OTRAS. ",1459437.98,VARIAS COLONIAS 
248,173,"PLAN DE INFRAESTRUCTURA 2018, MERCADO ALDAMA DE LEON, GUANAJUATO",2600000,"LEON, GTO"
249,174,REHABILITACION DE ESPACIO PUBLICO EN LA COLONIA ECHEVESTE 2000 CALLE ESTRAGON ESQUINA CALLE NABO,1626678.15,"LEON, GTO"
250,175,"MEJORMIENTO DE VIVIENDA RURAL DE CALENTADOR SOLAR EN LAS  COMUNIDADES DE : SANTA ROSA PLAN DE AYALA, SAN JOSE DE LOS SAPOS, RAMILLETE,  POMPA, ESTANCIA DE LOS SAPOS,  PUERTA DE SAN GERMAN, MALAGANA, SAN PEDRO DEL MONTE, NARANJOS, ALFARO, OJO DE AGUA DE LOS REYES, CORRAL DE PIEDRA, LAGUNILLAS, RANCHO NUEVO LA VENTA, LA GLORIA, LA MORA, EL NACIMIENTO, PUERTA DEL CERRO, LA RESEVA, PATIÑA, HACIENDA ARRIBA, NUEVO  VALLE,  GRANJAS ECONOMICAS, CAPELLANIA,  LOS LOPEZ, ALBARRADONES, EL COPETE, LOS SAUCES, ZARAGOZA, SAN JOSE DE LOS ROMEROS, JACALES.",2593631.92,VARIAS COMUNIDADES
251,176,"REHABILITACIÓN DEL ESPACIO PUBLICO EN LA COLONIA  JARDINES DE ORIENTE, CALLE NAZARET-MIGUEL ANGEL. ",1811615.18,"LEON, GTO"
252,177,REHABILITACÓN DEL ESPACIO PUBLICO EN LA COLONIA LAS TROJES CALLE DR. JUAN BAUTISTA OROZCO CON CALLE LIC. JOSÉ HERNÁNDEZ  DELGA Y AV. GUANAJUATO,1628411.26,"LEON, GTO"
253,178,RAHABILITACIÓN DE LA CALLE LA LUZ (1RA ETAPA),3169318.31,"LEON, GTO"
254,179,"PLAN DE INFRAESTRUCTURA 2018, MERCADO SAN JUAN BOSCO DEL MUNICIPIO DE LEON, GUANAJUATO",1966622.1,"LEON, GTO"
255,180,"PLAN DE INFRAESTRUCTURA 2018, MERCADO ESPIRITU SANTO DE LEON, GUANAJUATO",2759031.53,"LEON, GTO"
256,181,"PAVIMENTACIÓN DE LA CALLE ARMADILLO TRAMO : DE FOCA A LEOPARDO , UBICACIÓN COL. LOMAS  DE ECHEVESTE ",1388392.55,"LEON, GTO"
258,143,REHABILITACIÓN DEL ESPACIO PÚBLICO EN LA COLONIA PUEBLO NUEVO CALLE FRAY DANIEL MIRELES ,1384670.57,COL. PUEBLO NUEVO 
259,166,"REHABILITACION DEL ESPACIO PUBLICO EN LA COLONIA  JARDINES DE LA PRESA, CALLE JARDIN SILVESTRE -JARDIN RUSTICO ",1179806.86,COL. JARDINES DE LA PRESA
260,142,"REHABILITACIN DEL ESPACIO PÚBLICO EN LA COLONIA   LUZ DE LA PRESA, CALLE CASTILLO DE SAN FERNANDO CON  CALLE CASTILLO DE SAN JORGE ",1240591.43,COL. LUZ DE LA  PRESA 
261,156,REHABILITACIÓN  DE CAMINO DE ACCESO A   LA COMUNIDAD LA SANDIA - ESTANCIA DE LA SANDIA ,639160.46,ESTANCIA DE LA SANDIA
262,134,"REHABILITACION DE CAMINO DE ACCESO  EL CONSUELO, TRAMO : CARR. LEÓN CUERAMARO - ACCESO EL CONSUELO  UBICACIÓN  : EL CONSUELO ",198166.72,EL CONSUELO 
263,151,REHABILITACION DE CAMINO  NUEVO  VALLE DE MORENO- ACCESO CANELAS  UBICACIÓN : COMUNIDAD CANELAS ,624539.97,CANELAS
264,151,"REHABILITACIÓN DE CAMINO DE ACCESO A LAS COLORADAS  TRAMO: CAMINO DUARTE-COMANJILLA-ACCESO LAS COLORADAS, UBICACIOÓN : COMUNIDAD DE LAS COLORADAS ",271225.79,LAS COLORADAS
266,183,PROYECTO EJECUTIVO DE REHABILITACIÓN DEL PARQUE LINEAL SARDANETA. ACCESO NORTE DEL ZOOLÓGICO AL PARQUE METROPOLITANO,214243.85,"LEON, GTO"
267,184,PROYECTO DE REHABILITACIÓN DE  ESPACIO PUBLICO EN LA COLONIA JARDINES DE LA PRADERA ,190492.64,"LEON, GTO"
268,185,PROYECTO DE REHABILITACIÓN DEL ESPACIO PUBLICO EN LA COLONIA BOSQUES DEL SUR ,200970.14,"LEON, GTO"
269,65,"PROYECTO EJECUTIVO DE PARQUE  LINEAL ARROYO ALFARO, TRAMO: BLVD.  VICENTE VALTIERRA A BLVD. LA LUZ MUNICIPIO DE LEON GTO. ",933774.64,"LEON, GTO"
270,186,"REHABILITACIÓN DE INFRAESTRUCTURA HIDRAULICA,  Y DE AULAS  PARA LA ESCUELA NORMAL  OFICIAL DE LEÓN, GUANAJUATO, ",494406.96,"LEON, GTO"
272,188,"MANTENIMIENTO AL PUENTE  VEHICULAR EN BLVD. AEROPUERTO INTERSECCION  CON RIO TAJO SANTA ANA LEON, GTO. ",47900.94,"LEON, GTO"
273,189,"CALENTADORES SOLARES EN LAS COLONIAS : ARBOLEDAS DE SAN HILARION, LIBERTAD ENTRE OTRAS ",1459437.98,VARIAS COLONIAS 
274,190,"PROYECTO CALLE 1, CALLE 2, CALLE 3 Y CALLE 4, UBICACIÓN:  CENTRAL DE ABASTOS, CENTRAL DE ABASTOS, ESTACIONAMIENTO  CENTRAL DE ABASTOS, Y ESTACIONAMIENTO CENTRAL DE ABASTO.",422945.85,"LEON, GTO"
275,191,"REHABILITACIÓN  DEL ESPACIO PUBLICO EN LA COLONIA MISION DE SAN JOSÉ, CALLE MISION JESUITA  MISION EVANGELICA ",1274478.2,"LEON, GTO"
276,192,"REHABILITACIÓN  DEL ESPACIO PUBLICO EN LA COLONIA BALCONES DE LA PRESA II, CALLE  PRESA DEL BAJIO ",1336803.5,"LEON, GTO"
277,193,"REHABILITACIÓN DEL  ESPACIO PUBLICO EN LA COLONIA VALLE DE LOS CASTILLOS, CALLE   EL ESCORIAL CASI ESQUINA  PASEO DE LA PRESA",1620725.99,"LEON, GTO"
278,194,"REHABILITACIÓN DEL ESPACIO PÚBLICO EN LA COLONIA MISIÓN DE LA PRESA, CALLE BOSQUES DE LOS MANGLARES ESQUINA BOSQUES DE LOS NARANAJOS ",1615062.46,"LEON, GTO"
279,195,"REHABILITACIÓN DEL ESPACIO PUBLICO EN LA COLONIA  COLINAS DE PLATA, BLVD. COLINAS DE  PLAGTA- PERDIGÓN ",1405265.5,"LEON, GTO"
280,196,"CALENTADORES SOLARES EN LAS COLONIAS: AMPLIACIÓN SAN FRANCISCO, AMPLIACIÓN SAN FRANCISCO II, BISAS DE SAN FRANCISCO I, LUCERO DE SAN NICOLAS, PIEDRA AZUL I Y II ENTRE OTRAS. ",1459437.98,"LEON, GTO"
281,197,MANTENIMIENTO AL PARQUE SAN PIO X ( 1 ERA A ETAPA ),294652.98,"LEON, GTO"
282,198,"CONSTRUCCION  DE PASO CON TUBERIA  EN CALLE  PARA ACCESO, EN LA COMUNIDAD DE LA MANZANILLA ",84989.11,LA MANZANILLA 
283,199,"CONSTRUCCION  DE PASO CON TUBERIA  EN CALLE  PARA ACCESO, EN LA COMUNIDAD DE  MESA DE  MEDINA ",57772.48,MESA DE MEDINA 
284,200,"CONSTRUCCION  DE PASO CON TUBERIA  EN CALLE  PARA ACCESO, EN LA COMUNIDAD  DE LA CINTA ",42844.86,LA CINTA
285,201,"CONSTRUCCION  DE PASO CON TUBERIA  EN CALLE  PARA ACCESO, EN LA COMUNIDAD  DE  SAN JOSE DEL RESPLANDOR ",93588.84,SAN JOSE DEL RESPLANDOR 
286,202,"CONSTRUCCION  DE PASO CON TUBERIA  EN CALLE  PARA ACCESO, EN LA COMUNIDAD  DE   CANELAS ",40097.74,CANELAS 
287,203,AJUSTES DE ACCESO EN ESTACIÓN  DEL SIT MARAVILLAS ,208014.74,"LEON, GTO"
288,204,MANTENIMIENTO  AL EQUIPAMIENTO URBANOS EN AREAS PÚBLICAS  DE LA CIUDAD DE LEÓN GTO. ,1462309.77,"LEON, GTO"
289,205,"MANTENIMIENTO   Y REHABILITACIÓN AL EQUIPAMIENTO EN AREAS DE DONACION DE LA CIUDAD  DE LEON, GTO. ",1473669.32,"LEON, GTO"
290,206,REHABILITACIÓN   DE ESPACIOS PÚBLICOS  DE LA CIUDAD DE LEÓN GTO. ,1469352.44,"LEON, GTO"
291,207,PASO PEATONAL   SOBRE ARROYO DE LAS JOYAS EN BULEVAR  BALCONES DE LAS JOYAS,331851.09,"LEON, GTO"
292,208,"REHABILITACIÓN DE  LA AV. GASODUCTO (2DA ETAPA) EN FRACC. CIUDAD INDUSTRIAL, LEON GTO. ",1309311.82,"LEON, GTO"
293,209,ELABORACIÓN DE FICHAS  Y AVALUOS DE AFECTACIONES DE LA MODERNIZACIÓN DE LA CARRETERA ESTATAL  LOS RAMIREZ- SANTA ANA DEL CONDE TRAMO : A4(0+000-4+140) MUNICIPIO DE LEÓN ,273217.53,"LEON, GTO"
294,210,"REHABILITACIÓN DEL ESPACIO PÚBLICO EN EL FRACCIONAMIENTO  EL FARO, SEGUNDA  ETAPA, CALLES: FARO DE PUERTO VALLARTA Y FERROCARRILES NACIONALES, LEÓN GUANAJUATO.",1000000,"LEON, GTO"
295,211,TRABAJOS COMPLEMENTARIOS DE REHABILITACIÓN  DEL PARQUE  PANORAMA EN LA COL.  VALLE DEL CAMPESTRE (PANORAMA),814888.71,"LEON, GTO"
296,212,PAVIMENTACIÓN DE LA CALLE 2DO ANDADOR FAJARDO TRAMO: FAJARDO A PALO ALTO. UBICACIÓN : COL. EL PALOTE.,1094979.13,"LEON, GTO"
297,213,"PAVIMENTACIÓN DE LA CALLE 1 ER  FAJARDO TRAMO : FAJARDO A PALO ALTO, UBICACIÓN : EL PALOTE ",913012.42,"LEON, GTO"
298,214,"PAVIMENTACION DE LA CALLE YACIMIENTO CARBON, TRAMO : BLVD. YACIMIENTO-YACIMIENTO  VOLCANICO, COLONIA: EL YACIMIENTO, LEÓN  GTO. ",1124703.43,"LEON, GTO"
299,215,"RESTAURACIÓN DEL INMUEBLE  TEMPLO DE LAS TRES AVES MARIAS, UBICADO EN LA DIRECCIÓN  CALLE 5 DE MAYO NUM .343;  ZONA CENTRO EN LEÓN GTO. ",821862.4,"LEON, GTO"
300,216,"PAVIMENTACION DE LA CALLE YACIMIENTO  COBRE , TRAMO  : BLVD. YACIMIENTO-YACIMIENTO  VOLCANICO, COLONIA: EL YACIMIENTO, LEÓN  GTO. ",1063708.4,"LEON, GTO"
302,218,"PROYECTO ESTUDIOS PARA LA DELIMITACIÓN DE  ZONAS FEDERALES SOBRE CAUCES FEDERALES (1RA ETAPA), DENTRO DEL MUNICIPIO DE LEON, GTO. ",263309.76,"LEON, GTO"
304,220,"MANTENIMIENTO RUTINARIO A DIVERSAS FUENTES DE LA CIUDAD DE LEÓN, GTO. ",399550.42,"LEON, GTO"
305,221,"MANTENIMIENTO Y REHABILITACIÓN DE ESPACIOS VERDES  EN DIVERSAS DE VIALIDADES, LEON, GTO. ",1732056.76,"LEON, GTO"
306,222,"ACCIONES DE REMEDIACIÓN PARA LA CICLOVIA  BVD. VICENTE VALTIERRA, TRAMO : DE MALECON DEL RIO  AL ACCESO FRACCIONAMIENTO PUNTA DEL ESTE LOCALIDAD DE LEÓN  DE LOS ALMADA. ",835764.84,"LEON, GTO"
307,223,INSPECCION  ESTRUCTURAL DE PUENTES EN LAS PRINCIPALES VIALIDADES DE LA CIUDAD ,643418.63,"LEON, GTO"
308,224,LABORATORIO VERIFICADOR 2018 PAQUETE 6,499999.54,"LEON, GTO"
309,225,"RESTAURACIÓN DEL INMUEBLE  TEMPLO DEL IMACULADO  CORAZON DE MARIA EN CALLE 20 DE ENERO EN EL CENTRO DE LA CIUDAD DE LEON, GTO. ",1172145.53,"LEON, GTO"
310,33,ADECUACIÓN DEL PROYECTO EJECUTIVO DEL BLVD. MORELOS  DEL DISTIBUIDOR VIAL BENITO JUAREZ A BLVD. PASEO  DE LOS INSULRGENTES EN LA CIUDAD  DE LEÓN GUANAJUATO    ,1676022.3,"LEON, GTO"
311,226,"MEJORAMIENTO DE VIVIENDA RURAL CUARTO DORMITORIO EN LAS COMUNIDADES DE: LA SANDIA, RANCHO NUEVO LA LUZ, LA CINTA, SANTA ROSA PLAN DE AYALA, SAN JOSE DE LOS SAPOS, POMPA, LOS TEPETATES, LOS ARCOS, MIGUEL HIDALGO, SANTA ANA DEL CONDE Y BENITO JUAREZ",2176610.98,VARIAS COMUNIDADES
312,217,"RESTAURACIÓN DE LA FACHADA DE CATEDRAL EN  LEON, GUANAJUATO. ",793641.39,"LEON, GTO"
313,227,REHABILITACIÓN DEL ESPACIO PUBLICO EN LA COLONIA LA BRISA CALLE CHUPICUARO CON CALLE ARIO. ,687331.03,LA BRISA
314,228,"PAVIMENTACIÓN DE LA CALLE DORADILLA TRAMO: PASEO DE LA PRESA-RIO DE LOS CASTILLOS, COLONIA: VALLE HERMOSO II",3872618.99,VALLE HERMOSO 
315,229,"PAVIMENTACION DE LA CALLE UVERO, TRAMO: DE LA CEPA-DEL MOSTO, COL. ARBOLEDAS DE SAN JOSE",1934657.4,ARBOLEDAS DE SAN JOSE 
316,230,"PAVIMENTACION DE LA CALLE SAN JOSE DE LAS LAJAS, TRAMO: SAN JOSE ITURBIDE A SAN JOSE DE COSTA RICA, COLO. REFUGIO DE SAN JOSE",2539242.47,REFUGIO DE SAN JOSÉ
317,231,"PAVIMENTACION DE LA CALLE ACTEON, TRAMO: SALOMON A ORO COL. VALLE DE SEÑORA",1605560.54,VALLE DE SEÑORA
318,232,PAVIMENTACION DE LA CALLE TENCA TRAMO: PRESA DEL TIGRE A PRESA DE LA MOJINA COL. EL VALLADITO,1741079.58,EL VALLADITO 
319,233,CONSTRUCCION DE ESTACION DE BOMBEROS METROPOLITANA NO. 9 UBICADA EN LA CALLE SANTA CROCCE DEL FRACCIONAMIENTO SANTA CROCCE (2DA. ETAPA),6741542.95,"LEON, GTO"
320,234,"PANTEON MUNICIPAL DUARTE, COMUNIDAD DUARTE, LEON GTO",8298041.43,DUARTE
322,236,CONSTRUCCIÓN DE BANQUETAS EN VARIOS PUNTOS DE LA CIUDAD PAQUETE #3,1659444.74,"LEON, GTO"
323,237,CONSTRUCCIÓN DE BANQUETAS EN VARIOS PUNTOS DE LA CIUDAD PAQUETE # 4,1660691.73,"LEON, GTO"
324,238,CONSTRUCCIÓN DE BANQUETAS EN VARIOS PUNTOS DE LA CIUDAD PAQUETE # 5,1701081.63,"LEON, GTO"
325,239,CONSTRUCCIÓN DE BANQUETAS EN VARIOS PUNTOS DE LA CIUDAD PAQUETE # 6,1654417.57,"LEON, GTO"
326,240,CONSTRUCCIÓN DE BANQUETAS EN VARIOS PUNTOS DE LA CIUDAD PAQUETE # 7,1620301.82,"LEON, GTO"
327,241,CONSTRUCCIÓN DE BANQUETAS EN VARIOS PUNTOS DE LA CIUDAD PAQUETE # 8,1667161.95,"LEON, GTO"
328,242,CONSTRUCCIÓN DE BANQUETAS EN VARIOS PUNTOS DE LA CIUDAD PAQUETE # 9,1534228.19,"LEON, GTO"
329,243,CONSTRUCCIÓN DE BANQUETAS EN VARIOS PUNTOS DE LA CIUDAD PAQUETE # 10,1654809.7,"LEON, GTO"
330,244,CONSTRUCCIÓN DE BANQUETAS EN VARIOS PUNTOS DE LA CIUDAD PAQUETE # 11,722312.67,"LEON, GTO"
331,245,"DIAGNOSTICO DEL MERCADO  LA LUZ, ENTRE CALLES LA LUZ Y ESPAÑITA  COLONIA EL COECILLO, LEON, GUANAJUATO. ",151344.75,"LEON, GTO"
332,246,"ACTUALIZACION Y MODIFICACION  DEL PROYECTO  EJECUTIVO DEL PARQUE JUAREZ, UBICADO EN EL BLVD. TIMOTEO LOZANO, INDEPENDENCIA  Y HONDA  DE SAN MIGUEL  EN LA COL. SAN MIGUEL. ",914144.76,SAN MIGUEL 
333,247,"PROYECTO  CALLE : DE LA EXPROPIACION (ANTES H. AYUNTAMIENTO). TRAMO : BLVD. TIMOTEO LOZANO-MARTIRES DEL RIO BLANCO, COL. LIBERTAD ",130150.61,LIBERTAD
334,248,PROYECTO  CALLE : GAMALIEZ   TRAMO: UNIVERSIDAD  CRISTIANA  A TOPAR LADO PTE. COLONIA : SAN PABLO ,86840.92,SAN PABLO 
335,248,PROYECTO CALLE : VIAJES APOSTOLICOS. TRAMO : UNIVERSIDAD  CRISTINA A TOPAR LADO OTE. UBICACIÓN: COLONIA SAN PABLO. ,121041.86,SAN PABLO
336,249,PROYECTO  CALLE : VALLE DE LA SANTISIMA  TRINIDAD. TRAMO: VIA DE LOS GIRASOLES  A VALLE DE LA PURISIMA CONCEPCIÓN  UBICACIÓN: COLONIA VALLE DE LA LUZ II,130124.65,VALLE DE LA LUZ II
338,130,"DIAGNOSTICO DEL MERCADO DESCARGUE  ESTRELLA AV. MIGUEL ALEMAN CALLES LEONA VICARIO  Y AMORES,  COLONIA ",214955.64,"LEON, GTO"
339,187,"PROYECTO EJECUTIVO COMERCIAL  ALLENDE EN LEÓN, GUANAJUATO CALLE IGNACIO LOPEZ RAYOÓN ESQUINA CON AV. 27 DE SEPTIEMPBRE  COL. OBREGÓN ",295404.53,"LEON, GTO."
340,251,"BAÑOS RURALES EN LOS POLOS DE DESARROLLO LA SANDIA, LOS RAMIREZ, SANTA ANA DEL CONDE EN LAS COMUNIDADES:  BARRETOS, EL CONSUELO, SAN JUDAS, PLAYAS DE SOTELO, SANTA ANA DEL CONDE, RESPLANDOR, RAMIREZ",1033668.52,VARIAS COMUNIDADES
342,250,REHABILITACION DEL AREA DEPORTIVA ENTRE EL AND. GRUPO INSURGENTES Y AV. GUTY CARDENAS EN LA COLONIA UNIDAD HABITACIONAL MIGUEL HIDALGO ,897072.25,"LEON, GTO"
343,250, REHABILITACION DEL AREA DEPORTIVA UBICADA EN LA CALLE ALBERTO F. DANIEL DE LA COLONIA SANTA MARIA DE CEMENTOS,997756.91,"LEON, GTO"
344,253,"PLAN INTEGRAL DE MOVILIDAD URBANA SUSTENTABLE DE LEON, GUANAJUATO (PIMUS LEON)",22173884.87,"LEON, GTO"
10343,255,"CALENTADORES SOLARES EN LAS COLONIAS: CENTRO FAMILIAR LA PIEDAD, CENTRO FAMILIAR LA SOLEDAD, COLINA DE LA HACIENDA, CONVIVE, EL YACIMIENTO, FRUTAL DE LA HACIENDA I, FRUTAL DE LA HACIENDA II, HORIZONTE AZUL, NUEVA ERMITA, PARAISO, RIZOS DEL SAUCILLO I Y II, SINARQUISTAS, ENTRE OTRAS.",2035018.39,"LEON, GTO"
10344,256,"CALENTADORES SOLARES EN LAS COLONIAS: LAS AMALIAS, MORELOS (EL GUAJE) SAN JOSE DE CEMENTOS, SANTA MARIA DE CEMENTOS, VENCEDOR",2065641.02,VARIAS COLONIAS 
10345,257,CALENTADORES SOLARES EN LAS COLONIAS: PILETAS I Y II ENTRE OTRAS,3368710.05,VARIAS COLONIAS 
10346,258,"CALENTADORES SOLARES EN LAS COLONIAS: ARBOLEDAS DEL CAMPO, DESARROLLO EL POTRERO, EL CARMEN CTM, EL ROSARIO, MARSOL 1 NUEVO AMANECER, VALLE DE LA LUZ, ENTRE OTRAS",2437131.66,VARIAS COLONIAS 
10347,259,"CALENTADORES SOLARES EN LAS COLONIAS: LOMAS DE MEDINA, MARAVILLAS 1a SECCION, MARAVILLAS 2a SECCION, MEDINA, PRESIDENTES DE MEXICO, REVOLUCION, SAN FELIPE DE JESUS, ENTRE OTRAS.",2412304.1,VARIAS COLONIAS 
10348,260,"CALENTADORES SOLARES EN LAS COLONIAS: BALCONES DE LA JOYA, CAMINOS A SAN JUAN, EL RENACIMIENTO (MI ESPERANZA), ESTANCIA DE LA JOYA, LA JOYA (EJIDO), MINERAL DE LA JOYA, MONTAÑA DEL SOL, PASEOS DE LA JOYA, SAUCILLO DE LA JOYA, VALLE DE SAN PEDRO DE LA JOYA I SECCION, VALLE DE SAN PEDRO DE LA JOYA II SECCION, ENTRE OTRAS",2135312.46,VARIAS COLONIAS 
10349,261,"CALENTADORES SOLARES EN LAS COLONIAS AGUA AZUL,  ARBOLEDASDE SAN JOSE, ARBOLEDAS DE   SEÑORA, AZTECA, BOSQUES DE LA PRADERA, CERRITO DE JEREZ, COLINAS DE SANTA JULIA, DELTA 2000, EL GRANJENO,  GRANJAS  MARIA DOLORES, HACIENDA LOS OTATES, JARDINES DE JEREZ, JARDINES DE LA  PRADERA,  JARDINES DE SAN JUAN, JESUS  DE NAZARETH,  LA GARITA, LA MOREÑA, LA NORIA, LAS VILLAS,  LOMAS DE JEREZ, LOS HEROES DE LEON,  MARIA DOLORES, MARSOL I , ORIENTAL, PARQUES DEL SUR, PASEOS DEL MOLINO, REAL  DE JEREZ, ROTARIO, SAN FRANCISCO, SAN JOSE EL ALTO, SANTA MARIA DEL GRANJENO, TORRE MOLINO, VALLE DE LA LUZ, VALLE  DELTA, VALLE  REAL,  VILLAS DE LEON,  VILLAS DE NUESTRA SEÑORA DE LA LUZ, VILLAS DE SAN JUAN, VILLAS DE SANTA JULIA ENTRE OTRAS. ",1663011.25,VARIAS COLONIAS 
10350,262,"CALENTADORES SOLARES EN LAS COLONIAS. AMPLIACION LEON I, AMPLIACION MEDINA, ANGELES Y MEDINA, BENITO JUAREZ, ENTRE OTRAS.",2564699.32,VARIAS COLONIAS 
10351,263,"CALENTADORES SOLARES EN LAS COLONIAS: CAMPESTRE DE JEREZ, ESPERANZA DE JEREZ, JESUS MARIA, LAS TORRES, MARIA DE LA LUZ, POPULAR GUADALAJARA, POPULAR POLANCO, SAN JUAN BAUTISTA, UNION OBRERA, VALLE DE JEREZ, VALLE DE JEREZ II SECCION, VILLAS SANTA TERESITA, ENTRE OTRAS",2550499.04,VARIAS COLONIAS 
10352,264,"CALENTADORES SOLARES EN LAS COLONIAS: CERRITO DE LA JOYA I Y II, LA PERLITA, LOMAS DE LA PAZ, LOMAS DE LA PAZ II, LOMAS DE LA PAZ III, LOMAS DE MONSERRAT, LOMAS DEL SOL, MAPAZ, MINERAL III, MISION Y TORRES, PARAISO II, PEDREGAL DEL SOL, PEDREGAL DEL SOL II, REAL 2000, RIVERA DE LA JOYA, RUBI, VILLAREAL, ENTRE OTRAS",1644048.13,VARIAS COLONIAS 
10353,265,"CALENTADORES SOLARES EN LAS COLONIAS: PILETAS III Y IV, ENTRE OTRAS",1856822.82,VARIAS COLONIAS 
10354,266,"CALENTADORES SOLARES EN LAS COLONIAS: EL  RECUERDO, LA PISCNA, LUCITA BETANIA, PORTONES DE SAN JACINTO, VALLE DE LOS MILAGROS, ENTRE  OTRAS. ",1921386.71,VARIAS COLONIAS 
10355,267,"CALENTADORES SOLARES EN LAS COLONIAS : VALLE  AZUL, VALLE DE LAS AVES, VALLE DE LAS FLORES, AMPLIACIÓN SAN FRANCISCO, BRISAS  DE SAN FRANCISCO, EL ROTARIO, VALLE DE LA LUZ, DIEZ DE MAYO, BALCONES DE JEREZ, LA GLORIA, VALLE DE SAN JOSE ENTRE OTRAS. ",1713904.57,VARIAS COLONIAS 
10356,268,"MEJORAMIENTO DE VIVIENDA RURAL, CONSTRUCCION DE TECHO DIGNO EN LAS COMUNIDADES DE MESA DE MEDINA, NARANJOS, SAN JOSE DEL MALPASO, LAGUNILLAS, REFUGIO DE ROSAS, PATIÑA, SAN ANTONIO DE PADUA, LEON, GUANAJUATO.",812862.39,VARIAS COMUNIDADES 
10357,269,"PAVIMENTACION DE LA CALLE CERRO DE SANGANGUEY TRAMO DE CERRO DE LA BUFA A JEREZ DE CARTAGENA, COLONIA CERRITO DE JEREZ, LEON GTO",4253848.31,VARIAS COLONIAS 
10358,270,LABORATORIO VERIFICADOR 2018 PAQUETE 7,499999.67,"LEON, GTO"
10359,249,"PROYECTO CALLE: JEREZ DE JALON, TRAMO: BLVD. DELTA A JEREZ DE LANZAROTE COL. VALLE DE JEREZ. ",119821.63,"LEON, GTO"
10360,249,PROYECTO EJECUTIVO DE LA CALLE VALLE DE SANTA ISABEL TRAMO: VIA DE LOS GIRASOLES A VALLE DE LA PURISIMA CONCEPCION COLONIA VALLE DE LA LUZ II,128904.42,"LEON, GTO"
10365,272,"PROYECTO EJECUTIVO  DE LA PAVIMENTACIÓN  DE LA CALLE   ESTILO,  TRAMO  DE ESTIGMA  A BLVD. RIO MAYO  COLONIA  ARBOLEDAS DE SAN HILARIÓN. ",119811.41,"LEON, GTO"
10366,272,"PROYECTO EJECUTIVO DE LA PAVIMENTACION DE LA CALLE ALBUMEN. TRAMO : DE ESTIGMA A BLVD. RIO MAYO, COLONIA ARBOLEDAS DE SAN HILARION. ",119811.41,"LEON, GTO"
10367,273,"PROYECTO  EJECUTIVO DE LA PAVIMENTACION DE LA CALLE SENDERO OLMECA. TRAMO : DE SENDERO MEXICA A AÑORANZA, COLONIA ARBOLEDAS DE SAN PEDRO ",86840.92,"LEON, GTO"
10369,252,"MEJORAMIENTO DE VIVIENDA RURAL, CONSTRUCCION DE TECHO DIGNO EN LAS COMUNIDADES DE SAN PEDRO DEL MONTE, SANTA ROSA PLAN DE AYALA, SAN JOSE DE LOS SAPOS, LA SANDIA, MIGUEL HIDALGO I, SAN JUAN DE OTATES, LOS SAUCES",1152818.7,VARIAS COLONIAS 
10370,274,"REMODELACIÓN   DE LA UNIDAD DEPORTIVA ENRIQUE FERNANDEZ MARTINEZ (MODULO DE BAÑOS, VESTIDORES, ALUMBRADO EXTERIOR Y OBRAS  COMPLEMENTARIAS) 1 RA. ETAPA,  CON ALCANCES DE EJECUCIÓN DE DRENAJE  BLUVIAL   EN ESTACIONAMIENTO. ",619230.01,"LEON, GTO"
10371,275,CONSTRUCCIÓN Y EQUIPAMIENTO DE UNA SALA DE TITULACIÓN EN EL INSTITUTO TECNOLÓGICO DE LEÓN GUANAJUATO,3618984.21,"LEON, GTO"
10374,276,CONSTRUCCIÓN DE LOSAS DE CONCRETO  EN LOS ESPACIOS DE LAS COLONIAS: REAL DE JEREZ,47005.17,"LEON, GTO"
10375,276," CONSTRUCCIÓN DE LOSAS DE CONCRETO  EN LOS ESPACIOS DE LAS COLONIAS : PARQUES DEL SUR II, ",47005.17,"LEON, GTO"
10377,276,CONSTRUCCIÓN DE LOSAS DE CONCRETO  EN LOS ESPACIOS DE LAS COLONIAS : PARQUES DE LA PRADERA,47005.17,"LEON, GTO"
10378,276,CONSTRUCCIÓN DE LOSAS DE CONCRETO  EN LOS ESPACIOS DE LAS COLONIAS : LA MOREÑA,47005.17,"LEON, GTO"
10379,276,CONSTRUCCIÓN DE LOSAS DE CONCRETO  EN LOS ESPACIOS DE LAS COLONIAS : HACIENDAS DE SAN JOSÉ,47005.17,"LEON, GTO"
10381,276,CONSTRUCCIÓN DE LOSAS DE CONCRETO  EN LOS ESPACIOS DE LAS COLONIAS : VALLE DE LOS PINOS ,47005.17,"LEON, GTO"
10382,276,CONSTRUCCIÓN DE LOSAS DE CONCRETO  EN LOS ESPACIOS DE LAS COLONIAS : MEZQUITAL DE JEREZ,47005.17,"LEON, GTO"
10383,276,CONSTRUCCIÓN DE LOSAS DE CONCRETO  EN LOS ESPACIOS DE LAS COLONIAS: VALLE DE SAN NICOLAS ,47005.17,"LEON, GTO"
10386,276,CONSTRUCCIÓN DE LOSAS DE CONCRETO  EN LOS ESPACIOS DE LAS COLONIAS: REFUGIO DE SAN JOSÉ ,47005.17,"LEON, GTO"
10387,276,CONSTRUCCIÓN DE LOSAS DE CONCRETO  EN LOS ESPACIOS DE LAS COLONIAS: VALLE DEL REAL III,47005.17,"LEON, GTO"
10389,277,"REHABILITACIÓN DE ESPACIO PÚBLICO EN LA COLONIA ""PASEOS DE LA CIMA"" EN CALLE PASEOS  DEL ORIEN LEÓN, GUANAJUATO. ",891844.52,"LEON, GTO"
10390,277,"REHABILITACIÓN   DE ESPACIO PUBLICO EN LA COLONIA SAUCILLOS DE LA JOYA ENTRE CALLE PASCAL-KANT Y CALLE PLATÓN LEÓN, GUANAJUATO",928168.79,"LEON, GTO"
10391,278,"CALENTADORES SOLARES EN LAS COLONIAS :RIVERA DE LOS CASTILLOS, SAN ISIDRO AZTECA, SAN ISIDRO LABRADOR, SAN JAVIER SAN NICOLAS DEL  PALOTE, VALLE HERMOSO, ENTRE OTRAS. ",1459437.98,VARIAS COLONIAS 
10392,279,CONSTRUCCIÓN DE LOSAS  DE CONCRETO  EN LOS ESPACIOS DE LAS COLONIAS : BALCONES DE LA PRESA I ,47005.17,VARIAS COLONIAS 
10393,279,CONSTRUCCIÓN DE LOSAS  DE CONCRETO  EN LOS ESPACIOS DE LAS COLONIAS : PISCINA SUR ,47005.17,VARIAS COLONIAS 
10394,279,CONSTRUCCIÓN DE LOSAS  DE CONCRETO  EN LOS ESPACIOS DE LAS COLONIAS: VILLA OLIMPICA ,47005.17,VARIAS COLONIAS 
10395,279,CONSTRUCCIÓN DE LOSAS  DE CONCRETO  EN LOS ESPACIOS DE LAS COLONIAS: VILLAS DE SANTA JULIA ORIENTE,47005.17,VARIAS COLONIAS 
10396,279,CONSTRUCCIÓN DE LOSAS  DE CONCRETO  EN LOS ESPACIOS DE LAS COLONIAS : JARDINES DEL BOSQUE ,47005.17,VARIAS COLONIAS 
10397,279,CONSTRUCCIÓN DE LOSAS  DE CONCRETO  EN LOS ESPACIOS DE LAS COLONIAS : VILLAS DE LA  PRESA ,47005.17,VARIAS COLONIAS 
10398,279,CONSTRUCCIÓN DE LOSAS  DE CONCRETO  EN LOS ESPACIOS DE LAS COLONIAS : VALLE DE SEÑORA,47005.17,VARIAS COLONIAS 
10399,279,CONSTRUCCIÓN DE LOSAS  DE CONCRETO  EN LOS ESPACIOS DE LAS COLONIAS : BRISAS DEL CAMPESTRE ,47005.17,VARIAS COLONIAS 
10400,279,CONSTRUCCIÓN DE LOSAS  DE CONCRETO  EN LOS ESPACIOS DE LAS COLONIAS : LOS LAURELES ,47005.17,VARIAS COLONIAS 
10401,279,CONSTRUCCIÓN DE LOSAS  DE CONCRETO  EN LOS ESPACIOS DE LAS COLONIAS : PASEOS DE LA CIMA ,47005.17,VARIAS COLONIAS 
10402,279,CONSTRUCCIÓN DE LOSAS  DE CONCRETO  EN LOS ESPACIOS DE LAS COLONIAS : JOYAS DE  CASTILLA ,47005.17,VARIAS COLONIAS 
10403,279,CONSTRUCCIÓN DE LOSAS  DE CONCRETO  EN LOS ESPACIOS DE LAS COLONIAS : SOLIDARIDAD LEONESA (PEDREGAL),47005.17,VARIAS COLONIAS 
10404,279,CONSTRUCCIÓN DE LOSAS  DE CONCRETO  EN LOS ESPACIOS DE LAS COLONIAS : SAN MIGUEL  RENTERIA ,47005.17,VARIAS COLONIAS 
10405,279,CONSTRUCCIÓN DE LOSAS  DE CONCRETO  EN LOS ESPACIOS DE LAS COLONIAS : PRESITAS DEL CONSUELO ,47005.17,VARIAS COLONIAS 
10406,279,CONSTRUCCIÓN DE LOSAS  DE CONCRETO  EN LOS ESPACIOS DE LAS COLONIAS : LOMAS DE MEDINA ,47005.17,VARIAS COLONIAS 
10407,279,CONSTRUCCIÓN DE LOSAS  DE CONCRETO  EN LOS ESPACIOS DE LAS COLONIAS : UNIDAD OBRERA ,47005.17,VARIAS COLONIAS 
10408,279,CONSTRUCCIÓN DE LOSAS  DE CONCRETO  EN LOS ESPACIOS DE LAS COLONIAS : ALAMEDA  LA PRESA,47005.17,VARIAS COLONIAS 
10426,280,"REHABILITACION DEL AREA DEPORTIVA UBICADA EN LA CALLE GARCETA, DE LA COLONIA SAN IGNACIO",986973.65,"LEON, GTO"
10430,282,"PAVIMENTACION DE LA CALLE CHINCHON, TRAMO: CAD 0+120.00 A CALLE MURCIA, COL. PILETAS IV",2613874.49,"LEON, GTO"
10431,283,"RE FORESTACIÓN, EN VARIOS  ESPACIOS   PÚBLICOS COMO PARTE DE LA COMPENSACIÓN DEL SIT. ",671700.87,"LEON, GTO"
10433,285,"CALENTADOR SOLAR DE ACERO INOXIDABLE DE 12 TUBOS Y TANQUE DE 150 LTS. EN LAS COLONIAS. PERIODISTAS MEXICANOS, SAN MARCOS, CAMPO VERDE, MONTE CRISTO, BETANIA",2560233.16,VARIAS COLONIAS 
10434,286,"CALENTADOR SOLAR DE ACERO INOXIDABLE DE 12 TUBOS Y TANQUE DE 150 LTS. EN LAS COLONIAS: ERMITA, LEON I, SAN JUAN BOSCO (VISTA HERMOSA)",2496416.23,VARIAS COLONIAS 
10435,287,"CALENTADOR SOLAR DE ACERO INOXIDABLE DE 12 TUBOS Y TANQUE DE 150 LTS. EN LAS COLONIAS: 10 DE MAYO, SAN JUAN DE ABAJO, LOMAS DE JEREZ, EL CASTILLO, REFUGIO DE SAN JOSE, VALLE DE SAN JOSE, BALCONES DE JEREZ, ARBOLEDAS DEL REFUGIO, LA GLORIA",2663976.7,VARIAS COLONIAS 
10436,288,"CALENTADORES SOLARES  EN LA COLONIAS: CAÑADA DE ALFARO,EL PEÑON, ERMITA DE IBARRILLA, HACIENDA DE  IBARRIBA, HACIENDA DE  IBARRIBA II,HUERTAS DE MEDINA HUERTAS DE MEDINA II,  JARDINES DE LOMAS DE MEDINA, LA NOPALERA, LINARES  ",2150,VARIAS COLONIAS 
10437,289,INFRAESTRUCTURA SOCIAL EN PLAZA COMUNITARIA DELTA 2000 EN EL MUNICIPIO DE LEÓN GUANAJUATO,7990754.69,"LEON, GTO"
10438,290,REHABILIATACIÓN  AL RETORNO  ACCESO A PARQUE  INDUSTRIAL  COLINAS  DE LEÓN  GTO. ,319736.76,"LEON, GTO"
10439,291,"CALENTADORES SOLARES EN LAS COLONIAS : ADQUIRIENTES DE IBARRILLA, ARBOLEDAS DE LOS CASTILLOS, CAÑON DE LA INDIA, CASTILLOS VIEJOS, EL PEDREGAL, LA INDIA, LOMAS DE GUADALUPE, LOMAS DE LOS CASTILLOS, LOS CASTILLOS, NUEVO LEÓN, PASO DEL RIO DE LOS CASTILLOS, RIVERA DE LA PRESA ENTRE OTRAS. ",1423085.61,VARIAS COLONIAS 
10440,292,"CALENTADORES SOLARES EN LAS COLONIAS : 11 DE JUNIO, BRISAS DEL VERGEL, HACIENDAS DE GUADALUPE , SAN PABLO, SANTA  MAGDALENA, UNIDAD Y ESFUER POPULAR, UNION COMUNITARIA DE LEÓN, VALLE DE SAN BERNARDO, ENTRE OTRAS ",1415815.14,VARIAS COLONIAS 
10441,271,"PROYECTO EJECUTIVO DE LA CALLE CARDENALES DE SAN LUIS TRAMO: VAQUEROS DE DALLAS A CARGADORES DE SAN DIEGO, COL. DEPORTIVA II;",119821.63,VARIAS COLONIAS 
10442,271,PROYECTO EJECUTIVO DE LA CALLE PEÑAROL TRAMO: BOTAFOGO A REAL MADRID COLONIA: DEPORTIVA II; ,87348.74,VARIAS COLONIAS 
10443,271,PROYECTO EJECUTIVO DE LA CALLE SERAFINES DE LOS ANGELES TRAMO: BLVD. VASCO DE QUIROGA A ORIOLES COLONIA: DEPORTIVA II,120841.94,VARIAS COLONIAS 
10444,271,"PROYECTO EJECUTIVO DE LA CALLE PEÑAS ALTAS, TRAMO: LA RESERVA A TERNA COLONIA: EJIDO DE LA JOYA, LEON GUANAJUATO",120841.94,VARIAS COLONIAS 
10445,281,"REHABILITACIÓN  DEL ESPACIO PUBLICO  EN LA COLONIA “FRACCIONAMIENTO VALLE DEL REAL”, ENTRE  CALLE VALLE  DEL DESVAN  Y CALLE REAL DE VICTORIA, LEON  GUANAJUATO.",989000,VARIAS COLONIAS 
10446,281,"REHABILITACIÓN  DEL ESPACIO PÚBLICO  EN LA COLONIA “FRACCIONES DE SAN JUAN BAUTISTA”, ENTRE CALLE HACIENDA  TABOADA Y EPSILÓN, LEON GUANAJUATO.",989000,VARIAS COLONIAS 
10447,281,"REHABILITACIÓN  DEL ESPACIO PUBLICO  EN LA COLONIA “FRACCIONES SANTA JULIA “  ENTRE CALLE  DEL TORBELLINO Y CALLE  ANDADOR DEL TAJO, LEON  GUANAJUATO",989000,VARIAS COLONIAS 
20442,293,"PROYECTO CALLE: CALZADA DE LOS PARAISOS, TRAMO LAGO DE  CHAPALA  A CALZADA DE LOS PARAISOS  UBICACIÓN: COL. LOS PARAISOS ",140418.42,"LEON, GTO"
20443,294,"PROYECTO  EJECUTIVO DE RESTAURACIÓN DEL ARCHIVO  HISTÓRICO   MUNICIPAL  CALLE JUSTO SIERRA-ANTIGUA  EX-CARCEL  DE MUJERES  ZONA CENTRO,  LEON, GTO. ",812399.07,"LEON, GTO"
20444,295,"PROYECTO EJECUTIVO DE CALLE LATERAL SUR EN DISTRIBUIDOR VIAL  BENITO JUAREZ  EN LA  INTERSECCIÓN DEL BLVD. CLOUTHIER Y BLVD.MORELOS EN LA CIUDAD DE  LEÓN, GTO. ",426901.89,"LEON, GTO"
20445,296,PROYECTO DE CUBIERTA PARA EL ESTACIONAMIENTO EN LAS INSTALACIONES DE LA ASOCIACIÓN  MEXICANA DE MUJERES   EMPRESARIAS CAPITULO LEÓN;  LEÓN  GTO. ,36451.98,"LEON, GTO"
20446,297,"CALENTADORES SOLARES EN LAS COLONIAS :AMPLIACIÓN MESITAS DEL CONSUELO, EL CONSUELO 8VA FRACCIÓN, EL VALLADITO, LAS PRESITAS,  PALENQUE DE IBARRILLA, ENTRE OTRAS ",1459437.98,VARIAS COLONIAS 
20447,298,DESMONTAJE DE VIGAS TIPO BALLENA DEL PUENTE EN EL PARQUE LOS CARCAMOS,91683.04,"LEON, GTO"
20448,299,REHABILITACION DEL BLVD. MARIANO ESCOBEDO; TRAMO: DEL PUENTE DE INTERSECCION A AV. MIGUEL ALEMAN Y REHABILITACION DE MARIANO ESCOBEDO; TRAMO: AV. TEPEYAC A BLVD. AMERICAS,7622838.42,"LEON, GTO"
20449,300,"CONSTRUCCIÓN DE TECHADO  21.4 X 34.5 EN EL ÁREA  DEPORTIVA EN LA PRIMARIA  VICENTE GUERRERO, CCT 11DPR3522D EN LA COMUNIDAD  DE EJIDO POMPA ",1659514.62,"LEON, GTO"
20450,301,"CONSTRUCCION DE BARDA PERIMETRAL EN LA PRIMARIA ENSEÑA PATRIA CCT11DPR2091Y, DE LA COLONIA SANTA RITA DE LOS NARANJOS",1334780.39,SANTA RITA DE LOS NARANJOS 
20451,302,"REHABILITACION DE MODULO SANITARIO EN PRIMARIA LIC. ADOLFO LOPEZ MATEOS, CCT11DPR2653P, DOMICILIO PROLONGACION LA MERCED NO. 1606, COLONIA SANTA RITA; REHABILITACION DE MODULO SANITARIO EN LA TELESECUNDARIA  NO. # 765 CCT11ETV0766C, DOMICILIO AV. DEL AGRICULTOR S/N COL. SAN ISIDRO LABRADOR Y REHABILITACION DE MODULO SANITARIO EN LA PRIMARIA SOR JUANA INES DE LA CRUZ, CCT11ETV0766C, DOMICILIO AV. AGRICULTOR S/N, COMUNIDAD SAN JOSE DE DURAN",1163475.2,SAN JOSE DE DURAN 
20453,304,"CONSTRUCCION DE SANITARIO ALTERNO AISLADO EN EL JARDIN DE NIÑOS PABLO MONTESINOS, CCT11DJN4110T, EN LA COMUNIDAD DE SAN JOSE DE DURAN; ",313212.25,SAN  JOSÉ DE DURÁN
20454,304,"CONSTRUCCION DE AULA TRADICIONAL ADOSADA 6.0 X 8.0 MTS. EN EL JARDIN DE NIÑOS IGNACIO GARCIA TELLEZ, CCT11DJN4510P, EN LA COLONIA LOMAS DEL MIRADOR ",233116.07,LOMAS DEL MIRADOR
20456,305,"PROYECTO CALLE: AURORA BOREAL, TRAMO: POTRERO DE CORPUS A DELTA, UBICACIÓN: COLONIA NUEVO AMANECER, LEON GUANAJUATO",139015.84,NUEVO AMANECER 
20457,306,PAVIMENTACIÓN DE LA CALLE AV. RODOLFO PADILLA (MEDIO CUERPO) TRAMO: AV. BLVD. VICENTE VALTIERRA A ARROYO  ALFARO COL. SAN PEDRO PLUS ,1800390.42,"LEON, GTO"
20458,307,"REHABILITACION DE SANITARIOS EN LA TELESECUNDARIA NUM. 902 CCT11ETV0902Q, DE LA COMUNIDAD DE SAN JUAN DE ABAJO",68751.88,"LEON, GTO"
20459,308,"REHABILITACION DE SANITARIOS EN LA PRIMARIA NICOLAS RANGEL, CCT11EPR0213D, COLONIA CENTRO.",252324.14,"LEON, GTO"
20460,308,REHABILITACION DE SANITARIOS EN EL PREESCOLAR FRANCISCO LEAL CCT11DJN0269Q EN LA COLONIA ORIENTAL,316026.18,"LEON, GTO"
20461,309,"PROYECTO: CALLE CENIT, TRAMO: DEL RENACIMIENTO A BLVD. SAN NICOLAS COL. MEZQUITAL DEL CARMEN",115998.18,"LEON, GTO"
20462,309,"PROYECTO: PUENTE PEATONAL SANTA LOURDES Y ARROYO ALFARO TRAMO: INTERSECCION ARROYO ALFARO-SANTA LOURDES, COL. SAN PEDRO PLUS",113550.64,"LEON, GTO"
20463,310,"TECHO DIGNO URBANO, EN LAS COLONIAS: CAÑON DE LA INDIA,  EL CASTILLO, PILETAS, PILETAS II SECCIÓN , PILETAS III, PILETAS IV SECCIÓN, SAN ISIDRO LABRADOR, SAN JUAN BOSCO (VISTA  HERMOSA ) CAÑADA DE ALFARO, EL CARMEN  CTM, ENTRE OTRAS ",1641847.56,VARIAS COLONIAS 
20464,311,"TECHO DIGNO URBANO, EN LAS COLONIAS: EL PEÑON, EL VALLDITO I Y II, LA ESCONDIDA  DE LA SELVA, LAS PRESITAS, LOMAS DE MEDINA,  MARAVILLAS I, MESITAS  DEL CONSUELO. PRESITAS DEL CONSUELO, ENTRO OTRAS",1376438.55,VARIAS COLONIAS 
20465,312,"TECHO DIGNO URBANO, EN LAS COLONIAS: CENTRO FAMILIAR SOLEDAD, COLINAS DE LA HACIENDA, EL PARAISO, EL PARAISO II SECCIÓN, EL RENACIMIENTO (MI ESPERANZA) PERIODISTAS MEXICANOS (J. LOPEZ) PORTONES DE SAN  JACINTO , LIBERTAD, ENTRE OTRAS. ",1553380.53,VARIAS COLONIAS 
20466,293,PROYECTO  CALLE : HOLANDA TRAMO: Lago de Chapala a Holanda UBICACIÓN: COL. LOS PARAISOS,87348.74,"LEON, GTO"
20467,313,"TECHO DIGNO URBANO, EN LAS COLONIAS: PIEDRA AZUL I Y II, SAN CARLOS LA RONCHA, SAN JOSE DEL CLAVEL,VALLE DE LA LUZ, VALLE DE LAS AVES, CIUDAD SATELITE, MEDINA, ENTRE OTRAS ",1489677.37,VARIAS COLONIAS 
20468,314,"CUARTO DORMITORIO DE 4 X 3 MTS. MURO DE TABIQUE  A BASE DE VIGUETA Y BOVEDILLA EN LAS COLONIAS ARBOLEDAS DE LOS CASTILLOS, CASTILLOS VIEJOS, PILETAS II, PILETAS III,RIVERA DE LA  PRESA, SAN ISIDRO LABRADOR, EL CUARENTEÑO , SAN ISDRO  AZTECA, DESARROLLO EL POTRERO, ENGTRE OTRAS. ",1658535.91,VARIAS COLONIAS 
20469,315,"CUARTO DORMITORIO DE 4 X 3 MTS. MURO DE TABIQUE  A BASE DE VIGUETA Y BOVEDILLA EN LAS COLONIA:LOMAS DE  MEDINA, PRESIDENTES DE MEXICO, VALLE DE SAN BERNARDO, VALLE DEL  CONSUELO, VALLE  DEL CONSUELO II, EL VALLADITO I Y II, LAS PRESITAS, LEON I AMPLIACIÓN, ENTRE OTRAS",1658535.91,VARIAS COLONIAS 
20470,316,"CUARTO DORMITORIO DE 4 X 3 MTS. MURO DE TABIQUE  A BASE DE VIGUETA Y BOVEDILLA EN LAS COLONIA: MINERAL DE LA JOYA, NUEVA ERMITA, PERIODISTAS MEXICANOS, VALLE DE LOS MILAGROS, ENTRE OTRAS. ",1658535.91,VARIAS COLONIAS 
20471,317,"CUARTO DORMITORIO DE 4 X 3 MTS. MURO DE TABIQUE  A BASE DE VIGUETA Y BOVEDILLA EN LAS COLONIA: AMPLIACIÓN SAN FRANCISCO,  ARBOLEDAS DE SAN HILARIÓN, ARBOLEDAS DEL REFUGIO, DIEZ DE MAYO, EL ROTARIO, LIBERTAD, POPULAR, POLANCO, ENTRE OTRAS. ",1508245.66,VARIAS COLONIAS 
20472,318,"CUARTO DORMITORIO DE 4 X 3 MTS. MURO DE TABIQUE  A BASE DE VIGUETA Y BOVEDILLA EN LAS COLONIA: LOURDES,REFUGIO DE SAN JOSE,  SAN CARLOS  LA RONCHA, SAN FRANCISCO DE ASIS,  VALLE AZUL,  VALLE DE LAS AVES, ENTRE OTRAS. ",1508245.66,VARIAS COLONIAS 
20473,319,"CUARTO DORMITORIO DE 4 X 3 MTS. MURO DE TABIQUE  A BASE DE VIGUETA Y BOVEDILLA EN LAS COLONIA: VALLE DE LAS FLORES, VALLE DE SAN JOSE, VALLE DEL MAGUEY, POPULAR  GUADALAJARA, AQUIRIENTES DE IBARRILLA, ARBOLEDAS DE  LOS CASTILLOS ENTRE OTRAS. ",1508245.66,VARIAS COLONIAS 
20474,320,"CUARTO DORMITORIO DE 4 X 3 MTS. MURO DE TABIQUE  A BASE DE VIGUETA Y BOVEDILLA EN LAS COLONIA: ROTARIO, HACIENDAS DE IBARRILLA , JESUS DE NAZARETH, LA ESMERALDA, ENTRE OTRAS. ",1357955.43,VARIAS COLONIAS 
20475,321,"CUARTO DORMITORIO DE 4 X 3 MTS. MURO DE TABIQUE  A BASE DE VIGUETA Y BOVEDILLA EN LAS COLONIA: LOMAS DE GUDALUPE, LOMAS DE LOS CASTILLOS, LOS CASTILLOS, MONTAÑAS DEL SOL, NUEVO LEON, PASO DEL RIO, CASTILLOS, PILETAS II, PRADERAS  DEL SOL, ENTRE OTRAS. ",1357955.43,VARIAS COLONIAS 
20476,322,"CUARTO DORMITORIO DE 4 X 3 MTS. MURO DE TABIQUE  A BASE DE VIGUETA Y BOVEDILLA EN LAS COLONIA: REAL DE LA JOYA, RIBERA DE LOS CASTILLO, RIBERA DEL RIO, SAN JUAN BAUTISTA, SAN JUAN BOSCO, SAN PEDRO DE LOS HERNANDEZ, UYEPAC, ENTRE OTRAS. ",1357955.43,VARIAS COLONIAS 
20477,323,"CUARTO DORMITORIO DE 4 X 3 MTS. MURO DE TABIQUE  A BASE DE VIGUETA Y BOVEDILLA EN LAS COLONIA: VALLE DE LA LUZ, VALLE DE SAN BERNARDO, VALLE DE HERMOSO, MEDINA, REVOLUCIÓN, MARAVILLAS, MORELOS, BRISAS DEL VERGEL, ENTRE OTRAS. ",1282810.29,VARIAS COLONIAS 
20478,324,"CUARTO DORMITORIO DE 4 X 3 MTS. MURO DE TABIQUE  A BASE DE VIGUETA Y BOVEDILLA EN LAS COLONIA: ARTICULO CUARTO CONSTITUCIONAL, CENTRO FAMILIAR LA SOLEDAD DE LA JOYA, COLINAS DE LA HACIENDA, HORIZONTE AZUL,  PORTONES DE SAN JACINTO, SANTA MARIA DE CEMENTOS, ENTRE  OTRAS. ",1508245.66,VARIAS COLONIAS 
20479,325,"CUARTO DORMITORIO DE 4 X 3 MTS. MURO DE TABIQUE  A BASE DE VIGUETA Y BOVEDILLA EN LAS COLONIA: ANAYA, LOS ANGELES, BRISAS DE SAN FRANCISCO, CAÑON DE LA INDIA , COLINAS DE LA FRAGUA, EL PEÑON, EL CASTILLO, ENTRE OTRAS. ",1508245.66,VARIAS COLONIAS 
20480,303,PROYECTO CALLE: ITZA  TRAMO: TOPAR LADO SUR-TEOTENANGO (antes Monte Albá) + 95.10 M COLONIA EL POCHOTE.,139026.06,"LEON, GTO"
20481,303,PROYECTO CALLE: TEOTENANGO (antes Monte Albán) TRAMO: CUICUILCO-TOPAR COLONIA POPULAR MAYA.,139026.06,"LEON, GTO"
20482,326,"PROYECTO DE LA PAVIMENTACION DE LA CALLE MURCIA, TRAMO DE CARBON A IZTACCIHUATL (TOPAR ARROYO) COL. PILETAS IV LEON GUANAJUATO",130140.39,"LEON, GTO"
20483,327,"PROYECTO CALLE: MORERA, TRAMO: CUENCA FLORIDA A ALISO, UBICACIÓN: COLONIA VALLE HERMOSO I Y II SECCION",139015.84,"LEON, GTO"
20484,327,"PROYECTO CALLE: VILLA RICA, TRAMO: RIVERA AZUL A TORITOS UBICACIÓN VALLE HERMOSO LEON GUANAJUATO",102916.3,"LEON, GTO"
20485,328,REHABILITACION DEL BLVD. RESTAURADORES FRACC. CIUDAD INDUSTRIAL (2DA. ETAPA) LEON GTO,2299817.22,"LEON, GTO"
20486,329,PAVIMENTACION DE LA CALLE 2DA JEREZ DE MORSA (AHORA JEREZ DE MOSA 2DA) TRAMO: DE BLVD. DELTA A TOPAR CON LADO NORTE EN LA COLONIA VALLE DE JEREZ,1051625.77,VALLE DEJEREZ
20487,330,HABILITADO DE AREA DE TRABAJO PARA LIMPIEZA DE LEON DE BRONCE EN MONUMENTO DE ARCO DE LA CALZADA,49140.69,"LEON, GTO"
20488,331,"PAVIMENTACIÓN DE LA CALLE AUTLAN TRAMO: DE PAV. EXISTENTE OTE. A PAV. EXISTENTE PTE. COLONIA SAN AGUSTÍN, LEÓN GTO",600752.67,"LEON, GTO"
20489,304,"CONSTRUCCION DE  AULA  ADOSADA  2.0 E.E. RU-1C (DIRECCION ) EN PLANTA  BAJA,  EN LA PRIMARIA  SOSTENES  LIRA, CCT11DPR3736E,EN LA COLONIA PERIODISTAS DE MEXICO. ",355453.35,PERIODISTAS  MEXICANOS
20490,332,"SEGUMIENTO AL PROYECTO E INICIO DE OBRA DEL DISTRIBUIDOR VIAL BENITO JUAREZ LOCALIZADO EN LA INTERSECCION DEL BLVD. MORELOS CON EL BLVD. J.M. CLOUTHIER EN LA CIUDAD DE LEON, GTO",351631.08,"LEON, GTO"
20491,333,"PAVIMENTACION DE LA CALLE CAÑAMO, TRAMO: DE CALLE CUENCA FLORIDA CUENCA ALISO, COLONIA VALLE HERMOSO",2440129.09,"LEON, GTO"
20492,334,"CALENTADORES SOLARES EN LAS COLONIAS: CAÑADA DE ALFARO, EL PEÑON, ERMITA DE IBARRILLA, HACIENDA DE IBARRILLA I, HACIENDA DE IBARRILLA II, HUERTAS DE MEDINA I, HUERTAS DE MEDINA II, JARDINES DE LOMAS DE MEDINA, LANOPALERA, LINARES, ENTRE OTRAS",2456455.37,VARIAS COLONIAS 
20493,335,"CONSTRUCCION DE UN MODULO 2.0 E.E. RU-2C, PLANTA BAJA 1 DIRECCION Y 3 AULAS, 1 MODULO SANITARIO Y EL CUBO DE ESCALERA; PLANTA ALTA: 3 AULAS, 1 SALON DE USOS MULTIPLES Y EL CUBO DE ESCALERA, EN LA PRIMARIA PLAN DE AYALA CCT11DPR1899B EN LA COMUNIDAD SAN CARLOS LA RONCHA",5099293.1,SAN  CARLOS  LA RONCHA
20494,336,"CONSTRUCCION DE BARDA EN LA PRIMARIA 15 DE SEPTIEMBRE, CCT11EPR0894Z, EN LA COLONIA MARAVILLAS Y CONSTRUCCION DE BARDA PERIMETRAL EN EL JARDIN DE NIÑOS GUSTAVO DIAZ OEDAZ, CCT DJN1098U, DE LA COLONIA LA LIBERTAD",1451105.74,"LEON, GTO"
20496,338,"PAVIMENTACION DE LA CALLE HAWAI TRAMO: DE LAS ISLAS A ARTURO SOTO RANGEL, COLONIA CIUDAD SATELITE",2898872.16,VALLE HERMOSO
20497,339,"PAVIMENTACION DE LA CALLE  RÍO AGUA NAVAL, TRAMO: RÍO TECOLUTLA A BLVD. TORRES LANDA, COL. FRACC. SAN MIGUEL INFONAVIT",1773684.9,"LEON, GTO"
20498,340,"PAVIMENTACION DE LA CALLE RIO AGUA NAVAL, TRAMO: RIO TECOLUTLA A RIO GUANAJUATO, COL. FRACC. SAN MIGUEL INFONAVIT",2511367.06,"LEON, GTO"
20499,341,PROYECTO EJECUTIVO DE REHABILITACION DE ESTACIONAMIENTO Y PLAZA FUNDADORES LEON GUANAJUATO,704005.48,"LEON, GTO"
20500,342,CONSTRUCCION DE COMEDOR COMUNITARIO EN LA COLONIA PILETAS IV,1598028.73,"LEON, GTO"
20501,343,"PROYECTO ESTRUCTURAL DEL MERCADO LA LUZ ENTRE CALLES LA LUZ Y ESPAÑITA, COLONIA  EL COECILLO, LEÓN GUANAJUATO.",144649.25,"LEON, GTO"
20502,336,"CONSTRUCCIÓN  DE BARDA EN LA PRIMARIA  15 DE SEPTIEMBRE, CCT11EPR0894Z, EN LA COLONIA  MARAVILLAS. ",652978.98,"LEON, GTO"
20503,336,"CONSTRUCCION DE BARDA PERIMETRAL EN EL JARDIN DE NIÑOS GUSTAVO DIAZ ORDAZ, CCT DJN1098U, DE LA COLONIA  LA LIBERTAD ",798126.76,"LEON, GTO"
20505,345,PROYECTO EJECUTIVO DE RENOVACION DE PARADEROS DE AV. MIGUEL ALEMAN TRAMO: DE BLVD. MARIANO ESCOBEDO A MONUMENTO A LA MADRE SIT OPTIBUS,439077.61,"LEON, GTO"
20506,346,PAVIMENTACION DE LA CALLE TALIA TRAMO: PERSEFONE METIS+ 21MTS COL. ERMITA,4589322.51,"LEON, GTO"
20507,347,PROYECTO CALLE : PRESA  DE SAN JOSE.  TRAMO : PASEO  DE LA PRESA- RIO DE LOS CASTILLOS. UBICACIÓN : RIVERA DE LA PRESA. ,156828.5,"LEON, GTO"
20508,347,PROYECTO CALLE : CASTILLO DE TURENA. TRAMO: CALLE  CASTILLO DE  BLOIS - ALHAMBRA. UBICACIÓN: VALLE DE LOS  CASTILLOS ,172576.49,"LEON, GTO"
20509,348,"CONSTRUCCION DE IMPULSO SOCIAL LOS CASTILLOS, MUNICIPIO DE LEON GTO. PRIMERA ETAPA",10583884.76,"LEON, GTO"
20510,349,"PAVIMENTACION DE LA CALLE RIO SOTO LA MARINA, TRAMO: DE RIO TECOLUTLA CAD. 0+000.00 A TOPAR LADO SUR CAD 0+092.00, COL. FRACC. SAN MIGUEL INFONAVIT",1220626.24,"LEON, GTO"
20511,350,"MEJORAMIENTO DEL SITIO PARQUE LINEAL ARROYO ALFARO, TRAMO DE BOULEVAR VICENTE VALTIERRA A BOULEVAR LA LUZ, LEON, GTO",7944138.57,"LEON, GTO"
20513,352,TRABAJOS COMPLEMENTARIOS AL PROYECTO EJECUTIVO DE PUENTE VEHICULAR BARRANCA DE VENADEROS,274518.29,"LEON, GTO"
20514,353,"REFORESTACIÓN, EN VARIOS ESPACIOS PÚBLICOS COMO PARTE DE LA COMPENSACIÓN DEL SIT",671700.87,"LEON, GTO"
20515,354,CONFINAMIENTO DEL CARRIL EXCLUSIVO DE BLVD. AEROPUERTO Y CONVIVE,203829.05,"LEON, GTO"
20516,355,"TRABAJOS  DE  DEMOLICIÓN  Y RESTAURACIÓN DE  RECONSTRUCCIÓN  DE ACCESO DE LADO A LADO DE  ESTACIONAMIENTO  EXCOMONFORT A ESTACIONAMIENTO DE REGIDORES POR  OPERATIVIDAD  TEMPORAL   A  LOCATARIOS  UBICADO EN LA ZONA CENTRO  DE LEÓN, GTO.",29826.86,"LEON, GTO"
20517,356,"CONSTRUCCIÓN  DEL  TECHADO DEL  ÁREA    DE   PRODUCCIÓN     DEL VIVERO MUNICIPAL, LEÓN GUANAJUATO.",1166137.33,"LEON, GTO"
20518,344,CONSTRUCCION DE  LOSAS    DE  CONCRETO   EN  LOS ESPACIOS  DE LAS  COLONIAS: PROVIDENCIA,47005.17,"LEON, GTO"
20519,344,CONSTRUCCION DE  LOSAS    DE  CONCRETO   EN  LOS ESPACIOS  DE LAS  COLONIAS: ESPERANZA DE JEREZ,47005.17,"LEON, GTO"
20520,344,CONSTRUCCION DE  LOSAS    DE  CONCRETO   EN  LOS ESPACIOS  DE LAS  COLONIAS: BOSQUES,47005.17,"LEON, GTO"
20521,344,CONSTRUCCION DE  LOSAS    DE  CONCRETO   EN  LOS ESPACIOS  DE LAS  COLONIAS:VALLE DE  SAN  JOSÉ,47005.17,"LEON, GTO"
20522,344,CONSTRUCCION DE  LOSAS    DE  CONCRETO   EN  LOS ESPACIOS  DE LAS  COLONIAS: ERMITA,47005.17,"LEON, GTO"
20523,344,CONSTRUCCION DE  LOSAS    DE  CONCRETO   EN  LOS ESPACIOS  DE LAS  COLONIAS: SAUCILLO DE   LA  JOYA,47005.17,"LEON, GTO"
20524,344,CONSTRUCCION DE  LOSAS    DE  CONCRETO   EN  LOS ESPACIOS  DE LAS  COLONIAS: BRISAS   DEL PEDREGAL,47005.17,"LEON, GTO"
20525,357,"REHABILITACION DEL ESPACIO PUBLICO EN LA COLONIA ""FRACC. FRACCIONES DE SAN JUAN BAUTISTA"" ENTRE CALLE HACIENDA JARAL DE BERRIOS, LEON GUANAJUATO ",977077.35,"LEON, GTO"
20526,357,"REHABILITACION DEL ESPACIO PUBLICO EN LA COLONIA ""FRACCIONAMIENTOO JARDINES DE SANTA JULIA Y FRACCIONAMIENTOS VILLAS MARIANA"" ENTRE BLVD. RIO MAYO Y BLVD. PASEO DE JEREZ, LEON, GUANAJUATO",935710.44,"LEON, GTO"
20527,358,"REHABILITACION DEL ESPACIO PÚBLICO EN LA COLONIA ""FRACCIONAMIENTO SANTA CECILIA II"", ENTRE CALLE VALLE DOGMA CATOLICO Y CALLE MARCO AURELIO, LEON, GUANAJUATO;",925876.79,"LEON, GTO"
20528,358,"REHABILITACION DEL ESPACIO PÚBLICO EN LA COLONIA ""FRACCIONES DE SANTA JULIA"" ENTRE CALLE DE LA CAMPIÑA Y AV. OLIMPICA, DE LEON, GUANAJUATO ",1018989.32,"LEON, GTO"
20529,358,"REHABILITACION DEL ESPACIO PÚBLICO EN LA COLONIA ""PASEOS DEL MOLINO"" ENTRE CALLE MOLINO DE LEON Y CIRCUITO MOLINO DE LA MANCHA, LEON, GUANAJUATO",1022078,"LEON, GTO"
20530,359,"REHABILITACIÓNDE CALLES EN LAS COMUNIDADES DE NUEVO LINDERO, ",160413.84,NUEVO LINDERO 
20531,360,"PROYECTO DE AMPLIACIONES Y ADECUACIONES DE ESTACIONES DE TRASFERENCIA DEL SIT, SAN  JERONIMO  SAN JUAN BOSCO  Y DELTA; LEÓN GTO. ",791092.84,"LEON, GTO"
20532,361,"PROYECTO EJECUTIVO DE REFUERZO ESTRUCTURAL Y MANTENIMIENTO DE EDIFICIO DE OFICINAS Y BARDA PERIMETRAL EN CENTRAL DE ABASTOS, BLVD. HERMANOS ALDAMA CON AUTOPISTA LEON AGUASCALIENTES.",717473.9,"LEON, GTO"
20533,362,"MANTENIMIENTO  PERIODICO DE  ÁREASVERDES EN CAMELLONES,  BANQUETAS, Y ESPACIOS PÚBLICOSDE LEÓN,GTO.",1630300.98,"LEON, GTO"
20534,363,"MANTENIMIENTO RUTINARIO A LAS AREAS VERDES EN VIALIDADES PRINCIPALES EN LA CIUDAD DE LEON, GTO.",1630300.98,"LEON, GTO"
20535,364,"MANTENIMIENTO DE AREAS VERDES EN CAMELLONES DE DIVERSOS BOULEVARES Y ESPACIOS PUBLICOS DEL MUNICIPIO DE LEON, GTO. ",1630300.98,"LEON, GTO"
20536,365,"MANTENIMIENTO Y RIEGO  DEAREASVERDES EN  DIVERSAS VIALIDADES  Y ESPACIOS DEL MUNICIPIO DE  LEON, GTO.",1495205.1,"LEON, GTO"
20537,366,MANTENIMIENTO A LAS ÁREAS   VERDES  DE LOS CAMELLONES DEL MUNICIPIO DE LEÓN  GTO.,612141.21,"LEON, GTO"
20538,367,"CONSERVACION RUTINARIA DE AREAS VERDES EN CAMELLONES DE LA CIUDAD DE LEON, GTO.",1247893.1,"LEON, GTO"
20539,368,"REHABILITACION DE LA CALLE AUREOLA Y VIA CAMPOS OTOÑALES, LEON, GTO.",233284.5,"LEON, GTO"
20540,369,PRELIMINARES   DEL PROYECTO DE PARQUE CÁRCAMOS,240383.08,"LEON, GTO"
20541,370,PAVIMENTACION DE LA CALLE SARASATE TRAMO: BLVD. MARIANO ESCOBEDO A GUTY CARDENAS UBICACIÓN: COLONIA LEON MODERNO,1446676.02,"LEON, GTO"
20542,371,"REHABILITACION DEL ESPACIO PUBLICO PARQUE LOMAS DEL SOL II, CALLES LADERA, DEL LLANO Y DEL BAJIO; COL. LOMAS DEL SOL",1612850.18,"LEON, GTO"
20543,372,DESAZOLVE Y RECTIFICACION DE TALUD DE ARROYO EN LA COMUNIDAD DE PLAYAS DE SOTELO,245396.38,"LEON, GTO"
20544,373,MANTENIMIENTO  A VIALIDADES NO  PAVIMENTADAS  EN  EL MUNICIPIO DE  LEÓN GTO.,1009259.16,"LEON, GTO"
20545,374,CONFORMACIÓN DE  TERRACERÍAS  EN COLONIAS  DE LA CIUDAD DE LEÓN  GTO. ,500030.24,"LEON, GTO"
20546,375,"CUARTO DORMITORIO DE 4 X 3 MTS. MURO DE TABIQUE A BASE DE VIGUETA Y BOVEDILLA EN LAS COLONIAS: LATINOAMERICANA, LOURDES, LEON II, RIVERA DEL RIO, SAN ISIDRO DE LAS COLONIAS, SANTA ANA A.C. ENTRE OTRAS.",1583390.8,"LEON, GTO"
20547,376,"PROYECTO  EJECUTIVO   DEL BLVD.  SAN  NICOLAS  EN  LA  INTERSECCIÓN  CON  EL BLVD.  HACIENDAS   DE  LEÓN  Y AVENIDA OLIMPICA EN LA CIUDAD DE LEÓN, GTO. ",779446.36,"LEON, GTO"
20548,377,"PROYECTO   EJECUTIVO DEL  BLVD.  LA LUZ;  TRAMO:      DEL BLVD.  VICENTE  VALTIERRA A EJE  METROPOLITANO  CIUDAD  DE LEÓN,  GTO. ",1722426,"LEON, GTO"
20549,378,"PROYECTO   ESTRUCTURAL DE  CUBIERTAS DEL MERCADO  DESCARGUE  ESTRELLA  VALLE  AV. MIGUEL  ALEMAN  CON CALLE  LEONA  VICARIO   Y  AMORES  COLONIA OBRERA EN LEÓN, GUANAJUATO              ",398486.1,"LEON, GTO"
20550,379,LIMPIEZAY DESASOLVE DEL ARROYO DE LA COMUNIDAD  DE LOS RAMIREZ,72478,LOS RAMIREZ
20551,379,LIMPIEZAY DESASOLVE DEL ARROYO DE LA COMUNIDAD DE LOS LOPEZ,37527.28,LOS  RAMIREZ
20552,379,LIMPIEZAY DESASOLVE DEL CANAL EN LA COMUNIDAD DE PROVIDENCIA,9478.88,PROVIDENCIA
20553,379,LIMPIEZAY DESASOLVE DEL RIO TURBIO EN  LA COMUNIDAD DE SANTA  ROSA PLAN DE AYALA (EL SALVADOR),367702.98,SANTA  ROSA PLAN DE   AYALA
20554,379,CONSTRUCCIÓNDE PASO CON TUBERIA PARA ACCESO EN LA COMUNIDAD DE EL CONSUELO ,119292.87,"LEON, GTO"
20555,380,REHABILITACIÓN   DE LA RED DE ALUMBRADO PÚBLICO  EN LA COMUNIDAD  ESTANCIA  DE VAQUEROS  (PUENTE PEATONAL) LEÓN GTO.,61206.8,"LEON, GTO"
20556,380,"REHABILITACIÓN DE LA RED DE ALUMBRADO PUBLICO  EN LA COMUNIDAD  SAN JOSE DEL CLAVEL- LOS LOPEZ ( CALLES:VARLA),LEÓN.GTO.",16668.42,"LEON, GTO"
20557,380,"REHABILITACIÓN  DE  LA RED  DE  ALUMBRADO PÚBLICO   EN  LA COMUNIDAD   MIGUEL     HIDALGO II           ( CALLES: PRINCIPAL  Y CAMINO A LA CINTA ),LEÓN GTO.",96216.97,"LEON, GTO"
20558,380,"REHABILITACIÓN  DE LA RED DE ALUMBRADO  PUBLICO EN LA COMUNIDAD ESTANCIA LA SANDIA (CALLES: CAMINO  A LA SANDIA  ),LEÓN, GTO. ",134981.63,"LEON, GTO"
20559,380,"REHABILITACIÓN DE LA RED DE ALUMBRADO PUBLICO  EN LA COMUNIDAD  PUERTA DEL CERRO( CALLES: CARLOS MEDINA, EL NOGAL, PUERTA  DEL  PINO  , PUERTA CIRUELO), LEÓN, GTO.",404575.14,"LEON, GTO"
20560,381,MEJORAMIENTO  DEL  SITIO DEL PARQUE  LINEAL      ARROYO  EL MASIRANTO A BEATO DE LINDERO NORTE  FRACC. VILLAS SAN NICOLAS  A BEATO MIGUEL  GOMEZ LOZA-PRIMERA ETAPA,1623730.85,"LEON, GTO"
20561,382,REFORZAMIENTO DE VIVIENDAS POR MOVIMIENTO SISMICOS EN LA COMUNIDAD  DE  BARRETOS,95297.98,"LEON, GTO"
20562,383,"PROYECTO CALLE: VALERIANO,TRAMO: DE LA CASTIDAD -CISMA ,UBICACIÓN ;COLONIA  SANTA CECILIA II.",140717.67,"LEON, GTO"
20563,383,PROYECTO  CALLE:22 DE NOVIEMBRE TRAMO : PASEO DE LA PRESA- PREDICACIÓN (AHORA CISMA) UBICACIÓN : COLONIA SANTA CECILIA II.,138999.12,"LEON, GTO"
20564,384,REHABILITACION PARQUE JUAREZ 1era. ETAPA,10005452.45,"LEON, GTO"
20565,385,"MANTENIMIENTO  A  LOS ESPACIOS NATURALES EN  VIALIDADES  DE LA CIUDAD,  LEÓN GTO.",592242.58,"LEON, GTO"
20566,386,"SUMINISTRO Y COLOCACIÓN DE CALENTADORES SOLARES EN LAS COLONIAS :  EL POCHOTE, LA MAYA, LA NORTEÑA, GRANADA, MONTERREY FUTURAMA,LOMAS DE LA TRINIDAD, TIRITAS ENTRE OTRAS.",1532142.72,VARIAS COLONIAS 
20568,388,VUELTA   A   LA   DERECHA EN  COMUNIDAD  SANTA  ROSA PLAN DE AYALA  SOBRE CARRETERA   ESTATAL   DE LEÓN - SANTA  ROSA  PLAN DE AYALA- MANUEL DOBLADO (1RA ETAPA) ,211248.06,"LEON, GTO"
20569,389,"TRABAJOS  DE  DEMOLICIÓN  Y RESTAURACIÓN DE  RECONSTRUCCIÓN  DE ACCESO DE LADO A LADO DE  ESTACIONAMIENTO  EXCOMONFORT A ESTACIONAMIENTO DE REGIDORES POR  OPERATIVIDAD  TEMPORAL   A  LOCATARIOS  UBICADO EN LA ZONA CENTRO  DE LEÓN, GTO.",29826.86,"LEON, GTO"
20570,390,MOVIMIENTO  DE ANTENA  DE TELECOMUNICACIONES DE LA  PLAZA DE   LA CIUDADANIA   GRISELDA   ALVAREZ UBICADA  EN LA LOZA  DE  AZOTEA  DEL  CENTRO  COMUNITARIO.,55643.29,"LEON, GTO"
20571,391,"REHABILITACIÓN  DEL  CENTRO DE ATENCIÓN   A  VICTIMAS  EN   LAS  COLONIAS :VILLAS  DE SAN JUAN ,  SAN JUAN DE ABAJO, SAN  PEDRO, Y   SAN  PEDRO   DE LOS  HÉRNANDEZ.",1600000,"LEON, GTO"
20572,392,PROYECTO CALLE SAUCE DE JEREZ TRAMO: BLVD. SAN PEDRO A PASEO DE LOS  VERDINES  UBICACIÓN: COL.  JARDINES DE JEREZ  II Y III  SECCIÓN ,119794.7,"LEON, GTO"
20573,393,"REHABILITACIÓN  Y MEJORAMIENTO  DE IMAGEN URBANA  DEL CAMELLONES EN EL BLVD.  ADOLFO LOPEZ MATEOS  LEÓN, GTO. ",1049493.88,"LEON, GTO"
20574,394,"CONSTRUCCIÓN  DE  PASO  CON TUBERIA  PARA ACCESO   CARRETERAS, EN LA COMUNIDAD DE SAN FRANCISCO DE DURAN ",97305.1,"LEON, GTO"
20575,394,"CONSTRUCCIÓN  DE PASO CON TUBERIA PARA ACCESO  PARCELA, EN LA COMUNIDAD  DE SAN FRANCISCO DE DURÁN",29370.23,SAN FRANCISCO DE DURAN 
20576,395,"PAVIMENTACION DE LA CALLE ARALIA, TRAMO: CALLE LABRADOR A CALLE GARRA DE AGUILA  EN LA COL. ARRAYANES ",1736425.32,COL.  ARRAYANES 
20577,396,"REHABILITACIÓN DEL CENTRO DE ATENCIÓN A VICTIMAS EN LAS COLONIAS: LAS JOYAS, SAN MIGUEL, OFICINAS DE MEDIACIÓN Y LEON II, VARIAS COLONIAS",1600000,"LEON, GTO"
20578,397,"REHABILITACIÓN DEL CENTRO DE ATENCIÓN A VICTIMAS EN LAS COLONIAS: LAS AMAZONAS Y SANTA CECILIA, VARIAS COLONIAS.",800000,"LEON, GTO"
20579,398,"SUMINISTRO Y COLOCACIÓN DE CALENTADORES SOLARES EN LAS COLONIAS :  EL CORTIJO,EL RETIRO,HIDALGO, KILLIAN,  LA BRISA,  LAS TROJES, LOMAS DE LA  TRINIDAD, VILLA INSURGENTES,  ENTRE OTRAS.",1655740.78,"LEON, GTO"
20580,399,"SUMINISTRO Y COLOCACIÓN DE CALENTADORES SOLARES EN LAS COLONIAS :  HILAMAS, LEÓN II,LOMAS DEL  MIRADOR, OBSERVATORIO II, PASEOS DE LA CIMA, VALLE ANGTIGUA ENTRE OTRAS.",1430356.08,VARIAS COLONIAS 
20581,400,"SUMINISTRO Y COLOCACIÓN DE CALENTADORES SOLARES EN LAS COLONIAS BARRIO DE  GUADALUPE, JARDINES DEL SOL, REAL DE SAN ANTONIO,SAN BERNARDITO,SAN JOSE DEL CONSUELO,SAN MIGUEL  DE RENTERIA, SAN PEDRO DE  LOS HERNANDEZ, SANTA ROSA DE LIMA, VALLE DE SEÑORA, ENTRE OTRAS.",1699363.62,VARIAS COLONIAS 
20582,401,"REHABILITACIÓN  DEL  CENTRO DE ATENCIÓN   A  VICTIMAS  EN   LAS  COLONIAS : LOS  ANGELES, LEÓN I,  TELLEZ  CRUCES Y  MARAVILLAS",1600000,"LEON, GTO"
20583,402,REHABILITACION DEL BLVD. MARIANO ESCOBEDO; TRAMO: DE BLVD. JUAN ALONSO DE TORRES A BLVD. CERVANTES SAAVEDRA Y REHABILITACION  DE MARIANO ESCOBEDO; TRAMO: BLVD. EXOSICIONES A AV. CEFERINO ORTIZ,8350416.57,"LEON, GTO"
20584,403,PAVIMENTACION DE LA CALLE CORTIJO DEL ANZAR EN LA COMUNIDAD DE MALAGANA (SAN ANTONIO DEL MONTE),3995838.08,"LEON, GTO"
20585,404,"CONSTRUCCION DE ESPACIO PUBLICO EN LA COLONIA ""LOS MURALES"" PRIMERA ETAPA)",1389096.29,"LEON, GTO"
20586,405,"CONSTRUCCION DE ALUMBRADO PUBLICO EN LA INTERSECCION DEL BLVD. JOSE MARIA MORELOS Y BLVD. JUAN ALONSO DE TORRES, LEON, GTO.",4882550.87,"LEON, GTO"
20587,406,REHABILITACIÓN DE CAMINO  DE ACCESO  AL  CONALEP,6737839.2,"LEON, GTO"
20588,407,"PROYECTO EJECUTIVO DE PLAZOLETAS, EN PLAZA DE LAS VIGAS UBICADO ENTRE LAS CALLES IGNACIO ALTAMIRANO, CALLE JUAN VALLE CON EL BLVD. MARIANO ESCOBEDO;  Y EN PLAZA  SAN JUAN  DEL COECILLO UBICADA EN LA CALLE  SAN JUAN Y ACAPULCO; LEÓN, GTO. ",1500000,"LEON, GTO"
20589,408,"PLANTACIÓN  DE ARBOLES  DE DIFERENTES ESPECIES  EN DEPORTIVA  ""COECILLO"" UBICADA EN CALLE  CONGRESO DE CHILPANCINGO S/N ESQ. ANTONIO  MADRAZO EN LA CIUDAD  DE LEÓN, GTO. ",98781.19,"LEON, GTO"
20590,409,DEMOLICIÓN TEATRO  DEL  PUEBLO Y ÁREAS ALEDAÑAS (SIN  INCLUIR  CIMENTACIÓN),1355773.28,"LEON, GTO"
20593,288,CALENTADOR SOLAR DE ACERO INOXIDABLE DE 12 TUBOS Y TANQUE DE 150 LTS. EN LAS COLONIA:LOMAS DE JEREZ.,324062.24,"LEON, GTO"
20594,288,CALENTADOR SOLAR DE ACERO INOXIDABLE DE 12 TUBOS Y TANQUE DE 150 LTS. EN LAS COLONIA: EL CASTILLO.,226843.57,"LEON, GTO"
20595,288,CALENTADOR SOLAR DE ACERO INOXIDABLE DE 12 TUBOS Y TANQUE DE 150 LTS. EN LAS COLONIA:  VALLE DE SAN JOSE ,194437.34,"LEON, GTO"
20596,288,CALENTADOR SOLAR DE ACERO INOXIDABLE DE 12 TUBOS Y TANQUE DE 150 LTS. EN LAS COLONIA:  BALCONES DE JEREZ,90737.43,"LEON, GTO"
20598,288,CALENTADOR SOLAR DE ACERO INOXIDABLE DE 12 TUBOS Y TANQUE DE 150 LTS. EN LAS COLONIA: ARBOLEDAS DEL REFUGIO.,64812.45,"LEON, GTO"
20599,288,CALENTADOR SOLAR DE ACERO INOXIDABLE DE 12 TUBOS Y TANQUE DE 150 LTS. EN LAS COLONIA:LA GLORIA,12962.49,"LEON, GTO"
20602,288,CALENTADOR SOLAR DE ACERO INOXIDABLE DE 12 TUBOS Y TANQUE DE 150 LTS. EN LAS COLONIA: 10 DE MAYO.,1063109.24,"LEON, GTO"
20603,288,CALENTADOR SOLAR DE ACERO INOXIDABLE DE 12 TUBOS Y TANQUE DE 150 LTS. EN LAS COLONIA: SAN JUAN DE ABAJO. ,460168.38,"LEON, GTO"
20604,287,CALENTADOR SOLAR DE ACERO INOXIDABLE DE 12 TUBOS Y TANQUE DE 150 LTS. EN LAS COLONIA: ERMITA,647303.78,"LEON, GTO"
20605,287,CALENTADOR SOLAR DE ACERO INOXIDABLE DE 12 TUBOS Y TANQUE DE 150 LTS. EN LAS COLONIA:  LEON I.,794007.3,"LEON, GTO"
20606,287,CALENTADOR SOLAR DE ACERO INOXIDABLE DE 12 TUBOS Y TANQUE DE 150 LTS. EN LAS COLONIA:  SAN JUAN BOSCO (VISTA HERMOSA),1055105.16,"LEON, GTO"
20607,288,CALENTADOR SOLAR DE ACERO INOXIDABLE DE 12 TUBOS Y TANQUE DE 150 LTS. EN LAS COLONIA: REFUGIO DE SAN JOSE,226843.57,"LEON, GTO"
20608,286,CALENTADOR SOLAR DE ACERO INOXIDABLE DE 12 TUBOS Y TANQUE DE 150 LTS. EN LAS COLONIA: PERIODISTAS MEXICANOS,780782.57,"LEON, GTO"
20609,286,CALENTADOR SOLAR DE ACERO INOXIDABLE DE 12 TUBOS Y TANQUE DE 150 LTS. EN LAS COLONI: SAN MARCOS.,1164731.29,"LEON, GTO"
20610,286,CALENTADOR SOLAR DE ACERO INOXIDABLE DE 12 TUBOS Y TANQUE DE 150 LTS. EN LAS COLONIA:CAMPO VERDE.,194121.88,"LEON, GTO"
20611,286,CALENTADOR SOLAR DE ACERO INOXIDABLE DE 12 TUBOS Y TANQUE DE 150 LTS. EN LAS COLONIA: MONTE CRISTO,194121.88,"LEON, GTO"
20612,286,CALENTADOR SOLAR DE ACERO INOXIDABLE DE 12 TUBOS Y TANQUE DE 150 LTS. EN LAS COLONIA: BETANIA,226475.53,"LEON, GTO"
20613,410,"ALUMBRADO PÚBLICO EN  PLAZA EXPIATORIO, UBICADA EN CALLE FCO. I. MADERO  ESQUINA CALLE JUAN VALLE, COL.  CENTRO LEON, GTO. ",470360,"LEON, GTO"
20615,412,"CONSTRUCCIÓN  DEL  TECHADO DEL  AREA    DE   PRODUCCIÓN     DEL VIVERO MUNCIPAL, LEÓN GUANAJUATO.",1166137.33,"LEON, GTO"
20616,413,SUMINISTRO E INSTALACIÓN DE ADORNOS NAVIDEÑOS  EN LA CIUDAD DE LEÓN. ,398456.69,"LEON, GTO"
20617,414,"CONFORMACION DE CAMINOS RURALES  EN LA ZONA ORIENTE DE LA CIUDAD  EN EL MUNICIPIO DE LEÓN, CAMINO  DE LOS LOPEZ",35736.03,LOS LOPEZ 
20618,414,"CONFORMACION DE CAMINOS RURALES  EN LA ZONA ORIENTE DE LA CIUDAD  EN EL MUNICIPIO DE LEÓN, CAMINO  DE ALBARRADONES ",64865.95,ALBARRADORNES 
20619,414,"CONFORMACION DE CAMINOS RURALES  EN LA ZONA ORIENTE DE LA CIUDAD  EN EL MUNICIPIO DE LEÓN, CAMINO  DE ZARAGOZA ",17713.83,ZARAGOZA
20620,414,"CONFORMACION DE CAMINOS RURALES  EN LA ZONA ORIENTE DE LA CIUDAD  EN EL MUNICIPIO DE LEÓN, CAMINO DE SAN CARLOS LA RONCHA ",61362.11,SAN CARLOS LA  RONCHA 
20621,414,"CONFORMACION DE CAMINOS RURALES  EN LA ZONA ORIENTE DE LA CIUDAD  EN EL MUNICIPIO DE LEÓN, CAMINO  DE LOS SAUCES",60617.97,LOS SAUCES 
20622,414,"CONFORMACION DE CAMINOS RURALES  EN LA ZONA ORIENTE DE LA CIUDAD  EN EL MUNICIPIO DE LEÓN, CAMINO  DE SAN JOSÉ DE LOS ROMEROS ",9674.4,SAN JOSÉ  DE LOS ROMEROS 
20624,415,DEZASOLVE DE ARROYOS Y CANALES  POR CONTINGENCIA EN LA COMUNIDAD  RURAL DE MALAGANA,40765.32,MALAGANA
20625,415,DEZASOLVE DE ARROYOS Y CANALES  POR CONTINGENCIA EN LA COMUNIDAD  SAN  JOSE DEL RESPLANDOR ,17289.6,SAN JOSE DEL RESPLANDOR 
20626,415,DEZASOLVE DE ARROYOS Y CANALES  POR CONTINGENCIA EN LA COMUNIDAD  RURAL DE  LA ARCINA ,9483.19,LA ARCINA 
20627,415,DEZASOLVE DE ARROYOS Y CANALES  POR CONTINGENCIA EN LA COMUNIDAD  RURAL DE  POMPA ,2348.69,POMPA 
20628,415,DEZASOLVE DE ARROYOS Y CANALES  POR CONTINGENCIA EN LA COMUNIDAD  RURAL DE  PROVIDENCIA ,3306.42,PROVIDENCIA 
20629,415,DEZASOLVE DE ARROYOS Y CANALES  POR CONTINGENCIA EN LA COMUNIDAD  RURAL DE  SANTA ANA DEL CONDE ,22095.59,SANTA  ANA DEL CONDE 
20630,415,DESASOLVE DE ARROYOS Y REHABILITACIÓN  DE CALLES EN LA COMUNIDAD  RURAL  SAN PEDRO DEL MONTE ,55345.98,SAN PEDRO DEL MONTE 
20631,416,DESASOLVE DE ARROYOS Y REHABILITACIÓN  DE CALLES EN LA COMUNIDAD  RURAL  ARBOLEDAS DE LOS LOPEZ ,8270.59,ARBOLEDAS DE LOS LOPEZ 
20632,416,DESASOLVE DE ARROYOS Y REHABILITACIÓN  DE CALLES EN LA COMUNIDAD  RURAL  EL DERRAMADERO ,56285.68,EL DERRAMADERO 
20633,416,DESASOLVE DE ARROYOS Y REHABILITACIÓN  DE CALLES EN LA COMUNIDAD  RURAL  RINCON GRANDE ,32552.86,RINCON GRANDE 
20634,417,DESASOLVE DE ARROYOS Y REHABILITACIÓN  DE CALLES EN LA COMUNIDAD  RURAL  EL RAMILLETE ,164962.44,EL RAMILLETE 
20635,417,DESASOLVE DE ARROYOS Y REHABILITACIÓN  DE CALLES EN LA COMUNIDAD  RURAL  NUEVO LINDERO ,97973.34,NUEVO LINDERO 
20636,417,DESASOLVE DE ARROYOS Y REHABILITACIÓN  DE CALLES EN LA COMUNIDAD  RURAL  MALAGANA,29232.09,MALAGANA
20637,417,DESASOLVE DE ARROYOS Y REHABILITACIÓN  DE CALLES EN LA COMUNIDAD  SAN JOSE DE LOS SAPOS,61704.88,SAN JOSE DE LOS SAPOS 
20638,418,PROYECTO EJECUTIVO SENDERO LÍNEA DE LOBOS 1RA ETAPA ,1740000,"LEON, GTO"
20639,419,DESAZOLVE DE ARROYOS Y CANALES E INSTALACIÓN  DE TUBERIAS EN LAS COMUNIDADES RURALES DE LOS SAUCES ,26728.7,LOS SAUCES 
20640,419,DESAZOLVE DE ARROYOS Y  CANALES  E INSTALCIPIN DE TUVERIA  EN LAS COMUNIDADES RURALES DE MIGUEL HIDALGO II,212438.11,MIGUEL HIDALGO II
20641,419,DESAZOLVE DE ARROYOS Y CANALES E INSTALACIÓN DE TUBERIA EN LAS COMUNIDADES RURALES DE PROVIDENCIA ,66512.24,PROVIDENCIA 
20642,420,DESAZOLVE DE ARROYOS Y CANALES  INSTALACIÓN DE TUBERIA DE COMUNIDADES RURALES  DE LA CINTA,233286.02,LA CINTA 
20643,420,DESAZOLVE DE ARROYOS Y CANALES E INSTALCIÓN  DE TUBERIA  EN LAS COMUNIDADES RURALES  DE  LOS TEPETATES ,47449.82,TEPETATES
20644,421,REHABILITACIÓN  DE CAMINO EN LA COMUNIDAD DE POMPA ,88553.56,POMPA 
20645,422,DESARROLLO DE ARROYO EN COMUNIDAD DE DUARTE ,28487.34,DUARTE 
20646,423,"SUPERVISIÓN , CONSTRUCCIÓN DE ALUMBRADO  PÚBLICO  EN LA INTERSECCIÓN DEL BLVD. JOSÉ MARIA MORELOS Y BLVD. JUAN ALONSO DE TORRES , LEON GTO. ",368828.67,"LEON, GTO"
20647,424,DESZOLVE DE ARROYO DE CANALES Y MEJORAMIENTO DE CAMINOS POR CONTIGENCIAS EN LAS COMUNIDADES RURALES DE: LOS ARCOS ,44707.21,LOS ARCOS 
20648,424,DESAZOLVE DE ARROYO  Y CANALES Y MEJORAMIENTO DE CAMINOS POR CONTIGENCIAS EN LAS COMUNIDES RURALES DE: LA CINTA. ,85732.65,LA CINTA 
20649,424,DESAZOLVE DE ARROYO Y CANALES Y MEJORAMIENTO DE CAMINOS POR CONTIGENCIA EN LAS COMUNIDADES RURALES DE CAMINO  SAN ATONIO  DEL GIGANTE-EL  GIGANTE. ,98600.63,SAN ANTONIO EL GIGANTE-EL GIGANTE 
20650,425,DESZOLVE DE ARROYO DE CANALES Y MEJORAMIENTO DE CAMINOS POR CONTIGENCIAS EN LAS COMUNIDADES RURALES DE: LOS ARCOS ,44707.21,LOS ARCOS 
20651,425,DESAZOLVE DE ARROYO  Y CANALES Y MEJORAMIENTO DE CAMINOS POR CONTIGENCIAS EN LAS COMUNIDES RURALES DE: LA CINTA. ,85732.65,LA CINTA
20652,425,DESAZOLVE DE ARROYO Y CANALES Y MEJORAMIENTO DE CAMINOS POR CONTIGENCIA EN LAS COMUNIDADES RURALES DE CAMINO  SAN ATONIO  DEL GIGANTE-EL  GIGANTE. ,98600.63,SAN ANTONIO EL GIGANTE 
20653,426,REHABILITACIÓN  DE CAMINO EN LA COMUNIDAD DE POMPA ,88553.56,POMPA 
20654,415,DESAZOLVE DE ARROYOS Y CANALES  POR CONTINGENCIA EN LA COMUNIDAD  RURAL DE SAN PEDRO DEL MONTE. ,19083.04,SAN PEDRO DEL MONTE 
20655,427,DEMOLICIÓN PARA LIBERACIÓN  DE DERECHO DE VÍA DEL BLVD. RIÓ MAYO TRAMO: DE LA CALLE HONDA DE SAN MIGUEL A CALLE  CENTENARIO ,1466018.29,"LEON, GTO"
20656,428,"REHABILITACIÓN DE PAVIMENTACIÓN, BANQUETAS  Y MANTENIMIENTO GENERAL EN LA TERMINAL DE TRANSFERENCIA  DEL SIT DELTA, LEON, GTO. ",1739997.23,"LEON, GTO"
20657,429,"MEJORAMIENTO  DEL ALUMBRADO EN LAS TERMINALES DE TRASFERENCIA DEL SIT DELTA, SAN JERONIMO Y SAN JUAN BOSCO EN LEÓN , GUANAJUATO. ",831034.81,"LEON, GTO"
20658,430,"REHABILITACIÓN  Y MODERNIZACION DEL ALUMBRADO PÚBLICO EN LA COLONIA  RINCÓN DE BUGAMBILIAS Y CALLE HACIENDA EL SALTO, LEÓN GTO. ",203610.28,"LEON, GTO"
20659,431,"REHABILITACIÓN Y MODERNIZACIÓN DEL ALUMBRADO PUBLICO EN LA COMUNIDAD  LA SANDIA  (1RA ETAPA ), LEÓN, GTO. ",1712129.45,"LEON, GTO"
20660,432,"MANTENIMIENTO  INTEGRAL EN LAS TEMINALES  DE TRASFERENCIA  Y ESTACIONES DEL SIT EN BLVD. SAN JUAN BOSCO Y TIMOTEO LOZANO,  LEÓN GTO. ",1084552.37,"LEON, GTO"
20661,433,"REHABILITACIÓN  DE PAVIMENTOS Y SEÑALAMIENTO HORIZONTAL EN LAS TERMINALES DEL SIT SAN JERONIMO, MARAVILLAS Y PORTALES DE LAS ARBOLEDAS, LEÓN GTO. ",1528437.1,"LEON, GTO"
20662,434,"2DA  ETAPA DE LA REHABILITACIÓN  Y MEJORAMIENTO DE IMAGEN URBANA DEL CAMELLÓN  EN EL BLVD. ADOLFO  LOPEZ MATEOS, LEÓN GTO. ",657002.98,"LEON, GTO"
20663,435,"MANTENIMIENTO INTEGRAL  DE CAMELLONES  EN DIVERSAS VIALIDADES DE LEÓN, GUANAJUATO. ",409479.95,"LEON, GTO"
20664,436,"CONSTRUCCIÓN  DE RETORNO EN DISTRIBUIDOR VIAL BENITO JURAREZ LEÓN, GTO. ",177183.13,"LEON, GTO"
20665,437,"PAVIMENTACIÓN DE LA CALLE DEL CENIT. TRAMO: DEL RENACIMIENTO A BLVD.  SAN NICOLAS, UBICACIÓN: VILLAS DEL CARMEN ",1594234.96,"LEON, GTO"
20666,438," REHABILITACIÓN DE CAMINO RURAL EL PEDREGOSO, TRAMO: CAMINO  A ESTANCIA AL CADENAMIENTO 1+ 860  ",2359978,"LEON, GTO"
20667,439,REMODELACIÓN  Y ACONDICIONAMIENTO PARA LAS OFICINAS  ADMINISTRATIVAS DE LA DIRECCIÓN DE TRANSITO MUNICIPAL. ,1650000,"LEON, GTO"
20668,440,"REHABILITACIÓN DE ESTACIONAMIENTO  Y ACCESO A LA ACADEMIA  METROPOLITANA DE SEGURIDAD  PUBLICA DE LEÓN, GTO. ",359353.85,"LEON, GTO"
20670,442,REMODELACIÓN  Y ACONDICIONAMIENTO PARA LAS OFICINAS  ADMINISTRATIVAS DE LA DIRECCIÓN DE TRANSITO MUNICIPAL. ,1650000,"LEON, GTO"
20671,443,"PROYECTO CONCEPTUAL  DE COMPLEJO  DE SEGURIDAD PÚBLICA  LA ORDEÑA  UBICACIÓN  EN EL BLVD.  ARISTOTELES Y EL BLVD. SAN JOSE MAL PASO, COLONIA LAS JOYAS EN LEÓN, GUANAJUATO. ",308344.81,"LEON, GTO"
20672,444,"SUMINISTRO Y COLOCACIÓN DE CALENTADORES SOLARES EN LAS COLONIAS :  AZTECA, COLINAS DE SANTA JULIA, DELTA 2000, JARDINES DE JEREZ,  JARDINES  DE LA PRADERA,  PARQUE  MANZANARES,VALLE DEL  REAL, VALLE  DELTA,ENTRE OTRAS",1663011.25,"LEON, GTO"
20673,445,"SUMINISTRO Y COLOCACIÓN DE CALENTADORES SOLARES EN LAS COLONIAS :  AGUA AZUL, BOSQUES, BRISAS DEL PEDREGAL, LA CAMPIÑA, PASEOS DEL MOLINO, PRADERAS DE AGUA AZUL, SANGRE DE CRISTO, VALLE DE LAS  HACIENDAS, ENTRE OTRAS. ",1575765.56,"LEON, GTO"
20674,446,"PROYECTO EJECUTIVO DE UNA SALA DE JUZGADO  CÍVICO  EN LA DELEGACIÓN  NORTE, EN  LEÓN, GUANAJUATO. ",250602.77,"LEON, GTO"
20675,447,PROYECTO EJECUTIVO  DEL MERCADO VIRGEN DE GUADALUPE  EN LA COLONIA PERIODISTAS MEXICANOS ,893429.35,"LEON, GTO"
20676,448,"PROYECTO   EJECUTIVO  DE ADECUACION DE CUARTEL PARA  MOTOCICLISTAS Y OBRAS COMPLEMENTARIAS  DE LA POLICIA MONTADA, COLONIA  CAÑON DE LA INDIA; LEÓN GUANAJUATO. ",300388.51,"LEON, GTO"
20677,449,"PROYECTO EJECUTIVO DE LA CASA DE LA SALUD  RURAL,  EN LA COMUNIDAD DE SAUZ SECO  EN LEÓN GUANAJUATO. ",405998.63,"LEON, GTO"
20678,450,TRABAJOS COMPLEMENTARIOS  PARA EL PROYECTO EJECUTIVO  TEATRO DOBLADO ,233446.27,"LEON, GTO"
20679,451,"PROYECTO  EJECUTIVO  PUENTE  SOBRE ARROYO LOS SAUCES EN LA COMUNIDAD  DE LOS  JACALES, MUNICIPIO DE LEÓN ",585917.04,"LEON, GTO"
20680,452,PROYECTO EJECUTIVO DEL DISEÑO DE INFRAESTRUCTURA DE EMPLAZAMIENTO  PARA EL SISTEMA  DE BICICLETA  PÚBLICA  DE LÉON ,1267419.67,"LEON, GTO"
20681,453,"ACTUALIZACIÓN  ANALISIS COSTO BENEFICIO  VIA RAPIDA  BICENTENARIO, LEÓN GTO. ",235666.73,"LEON, GTO"
20682,454,PAQUETE 1 ELABORACIÓN DE ESTUDIOS DE MANIFIESTO  DE IMPACTO AMBIENTAL PARA PROYECTOS  DE URBANIZACIÓN  DE VIALIDADES Y EDIFICIACIONES. ,501369.02,"LEON, GTO"
20683,455,"MANTENIMIENTO  AL BLVD.  ASIS, CONSTRUCCIÓN DE BANQUETAS EN AV.  DE LOS INDUSTRIALES  Y MANTENIMIENTO A PUENTES  EN CANAL TIMOTEO  LOZANO, LEÓN, GTO. ",1420697.16,"LEON, GTO"
20684,456,REHABILITACIÓN DEL POZO  EN EL VIVERO MUNICIPAL  DE LEÓN GTO.,625240,"LEON, GTO"
20685,457,"PROYECTO CALLE: DE LA POSADA, TRAMO: LA MORADA A ANDADOR  DE LA HACIENDA , UBICACIÓN; VILLA DE LEON. PROYECTO CALLE: DE LA POSADA, TRAMO: LA MORADA A ANDADOR  DE LA HACIENDA , UBICACIÓN; VILLA DE LEON. ",119068.84,"LEON, GTO"
20686,457,"PROYECTO CALLE: POTASIO , TRAMO:  ARGON A SALOMÓN, UBICACIÓN :  VALLE DE SEÑORA ",140717.67,"LEON, GTO"
20687,457,"PROYECTO CALLE DE LA CIUDAD, TRAMO: BLVD. TIMOTEO  LOZANO A  LA  MORADA  UBICACIÓN DE LEÓN. ",109929.92,"LEON, GTO"
20688,458,"DESARROLLO METODOLÓGICO (ESTUDIOS SOCIOECONOMICO  Y FACTIBILIDAD) PARA  PROYECTOS DE DESARROLLO  EN LOS MERCADOS  CENTRO COMERCIAL ALLENDE , REPÚBLICA Y CARRO VERDE. ",174400,"LEON, GTO"
20690,460,"SUMINISTRO  EN INSTALACIÓN DE TRANSFORMADOR , ASI COMO PARA LA REHABILITACIÓN  DE INSTALACIONES ELECTRICAS  DEL "" MERCADO EL CORTIJO""",178111.33,"LEON, GTO"
20691,461,"REMODELACION DEL CENTRO CULTURAL PLAZA DE GALLOS Y FACHADA, 2DA. ETAPA.",4349438.41,"LEON, GTO"
20692,462,"REHABILITACIÓN DEL REDONDEL  DE LA PLAZA DE GALLOS, 2DA  ETAPA ",4708175.11,"LEON, GTO"
20693,463,"CICLOVIA BLVD. MARIANO ESCOBEDO, TRAMO: BLVD. GENERAL FRANCISCO VILLA A BLVD. PASEO DE JEREZ EN LEON, GTO.",16382958.67,"LEON, GTO"
20694,464,"MODULO DE SERVICIOS EN PARQUE  METROPOLITANO,  ETAPA  PARQUE  LOS CARCAMOS "" DE LEÓN GUANAJUATO",839373,"LEON, GTO"
20695,465,"INTERVENCION EN TRABAJOS DE RESTAURACIÓN  DE LA ARCADA EN LA CALLEJUELA PADILLA, EN LA CIUDAD DE LEÓN GTO.",696000,"LEON, GTO"
20696,466,"PLAN DE MODERNIZACIÓN  DE INFRAESTRUCTURA  2018,  AL MERCADO  LAS AMÉRICAS  DEL MUNICIPIO DE LEÓN, GUANAJUATO. ",747551.51,"LEON, GTO"
20697,467,REVESTIMIENTO  DE CAMINO   EN LA COMUNIDAD  DE PLAYAS DE SOTELO. ,808808.81,PLAYAS DE SOTELO 
20698,468,"REHABILITACIÓN  DE ARROYO  Y FORMACIÓN  DE  BORDO  POR  CONTIGUENCIA EN LA COMUNIDAD DE HACIENDA  ARRIBA, EN EL MUNICIPIO  DE LEÓN",227156.04,"LEON, GTO"
20699,469,"OBRAS COMPLEMENTARIAS (BARDA ),  AL CENTRO DE IMPULSO SOCIAL   COL. VALL DE SAN JOSÉ ",760183.52,VALLE DE SAN JOSÉ
20700,470,"RAHABILITACIÓN DEL ALUMBRADO PUBLICO  EN BLVD. JUAN ALONSO DE TORRES , LEON GTO. ",102974.06,"LEON, GTO"
20701,471,"CONSTRUCCIÓN DE INFRAESTRUCTURA  PARA TOPE INTELIGENTE, LEÓN, GTO. ",53841.7,"LEON, GTO"
20702,472,REPARACIÓN DE SISTEMA  PARARAYOS EN LA PLAZA PRINCIPAL DE LA COMUNIDAD  LA MANZANILLAS. ,140070.06,MANZANILLAS
20703,473,"PRIMERA ETAPA   PLAZA DE LAS VIGAS EN LEÓN, GTO. ",1500000,"LEON, GTO"
20704,474,"BANQUETAS CALLE BISONTE, TRAMO : DE VIA TOSCANA A FINALIZAR  UBICACIÓN: LOMAS DE ECHEVESTE ",172182.01,"LEON, GTO"
20705,475,"LABORATORIO  VERIFICADOR  2018, PARA PROYECTOS DE OBRA DE EDIFICACIÓN PAQUETE 3 ",249994.51,"LEON, GTO"
20706,476,REPARACIÓN DE SISTEMA  PARARAYOS EN LA PLAZA PRINCIPAL DE LA COMUNIDAD  LA MANZANILLAS. ,140070.06,"LEON, GTO"
20707,477,DESAZOLVE DE ARROYOS Y LIMPIEZA DE CAMINO EN LAS  COMUNIDADES  RURALES DE; PROVIDENCIA ,7746.48,PROVIDENCIA 
20708,477,DESAZOLVE DE ARROYOS Y LIMPIEZA DE CAMINOS EN LAS COMUNIDADES  RURALES DE;  SANTA ANA DEL CONDE  ,9706.49,SANTA ANA DEL CONDE 
20709,477,DESAZOLVE DE ARROYOS Y LIMPIEZA DE CAMINOS EN LAS COMUNIDADES  RURALES DE;  GUADALUPE VICTORIA ,9706.49,GUADALUPE VICTORIA 
20710,477,DESAZOLVE DE ARROYOS Y LIMPIEZA DE CAMINOS EN LAS COMUNIDADES  RURALES DE;  SANTA ROSA PLAN DE AYALA. ,9706.49,SANTA ROSA PLAN DE AYALA 
20711,477,DESAZOLVE DE ARROYOS Y LIMPIEZA DE CAMINOS EN LAS COMUNIDADES  RURALES DE;  LOS RAMIREZ,100313.92,LOS RAMIREZ
20712,477,DESAZOLVE DE ARROYOS Y LIMPIEZA DE CAMINOS EN LAS COMUNIDADES  RURALES DE;  ALFARO,10249.39,ALFARO 
20713,477,DESAZOLVE DE ARROYOS Y LIMPIEZA DE CAMINOS EN LAS COMUNIDADES  RURALES DE;  SAN JOSE DEL RESPLANDOR ,33040.3,SAN JOSE DEL RESPLANDOR 
20714,478,DESAZOLVE DE ARROYOS Y REHABILITACIÓN DE CALLES  EN COMUNIDADES RURALES DE ; SAN CARLOS  LA RONCHA.,55345.98,SAN CARLOS LA RONCHA 
20716,480,LIMPIEZA Y DESAZOLVE DE ARROYOS EN LA COMUNIDAD DE SAN JOSE DE LOS SAPOS ,128383.82,SAN JOSE DE LOS SAPOS
20717,481,PRIMERA ETAPA DE PARQUE SIT LA OLLA,1740000,"LEON, GTO"
20718,482,INSTALACIÓN DE TUBERIA  EN LA  COMUNIDAD  RURAL EL RAMILLETE,29733.39,EL  RAMILLETE 
20719,482,CERCA  DE MALLA CICLONICA EN LA COMUNIDAD POMPA ,28460.02,POMPA 
20720,482,INSTALACIÓN DE TUBERIA  EN LA  COMUNIDAD  RURAL SAN JOSE DE LOS ROMEROS ,29935.56,SAN JOSE DE LOS ROMEROS 
20721,483,"PROYECTO INTEGRAL PARA LA REHABILITACION DEL RASTRO DE AVES EN LA CIUDAD DE LEON, GTO. (PRIMERA ETAPA).",2299210.35,"LEON, GTO"
20722,484,"PAVIMENTACION DE LA CALLE MADRE AMALIA, TRAMO: BLVD. ATOTONILCO A CENTRO SALUD COL. 10 DE MAYO.",4095981.47,"LEON, GTO"
20723,485,"PLAN DE  MODERNIZACIÓN  DE INFRAESTRUCTURA  2018, AL MERCADO   LA LUZ  ( 1RA  ETAPA DEL MUNICIPIO DE LEÓN, GUANAJUATO. ",2113224.66,"LEON, GTO"
20724,486,"PROYECTO ARQUITECTONICO  DE EDIFICIO  DE OFICINAS Y ESTUDIO  HIDROLOGICO CEPOL PONIENTE, LEON GTO. ",342439.39,"LEON, GTO"
20725,411,"ELEVADOR  EN EL EDIFICIO C-4, DE LEÓN GUANAJUATO ",1171492.43,"LEON, GTO"
20726,487,REMODELACIÓN  DE  INSTALACIONES  EN DELEGACIÓN  NORTE PARA JUZGADO CÍVICO ,3791269.02,"LEON, GTO"
20727,488,TRABAJOS DESAZOLVES  EN LA COMUNIDAD RURAL DE LA ARCINA ,46678.53,LA ARCINA 
20728,488,TRABAJOS DESAZOLVES  EN LA COMUNIDAD RURAL DE CAPELLANIA DE LOERA ,41206.2,CAPELLANIA DE LOERA 
20729,489,"DESARROLLO METODOLOGICO (ESTUDIOS SOCIOECONOMICO  Y FACTIBILIDAD) PARA  PROYECTOS DE DESARROLLO  EN LOS MERCADOS  CENTRO COMERCIAL ALLENDE , REPUBLICA, CARRO VERDE Y ESPIRITU  SANTO ",204856.73,"LEON, GTO"
20730,490,"REHABILITACIÓN  DE LA CASA DE LA CULTURA DIEGO  RIVERA, PRIMERA ETAPA UBICACIÓN: PORTALES  DELICIAS  Y PLAZA  FUNDADORES, ZONA CENTRO, LEÓN  GUANAJUATO. ",4931878.54,"LEON, GTO"
20731,491,REMODELACIÓN  DE  INSTALACIONES  EN DELEGACIÓN  NORTE PARA JUZGADO CÍVICO ,3791269.02,"LEON, GTO"
20732,492,"PROYECTO INTEGRADOR DE CONECTIVIDAD  MULTIPARQUES, TREN  ZOOLEÓN-PARQUE  METROPOLITANO",3336659.41,"LEON, GTO"
20733,493,"MANTENIMIENTO  AL BLVD.  ASIS, CONSTRUCCIÓN DE BANQUETAS EN AV.  DE LOS INDUSTRIALES  Y MANTENIMIENTO A PUENTES  EN CANAL TIMOTEO  LOZANO, LEÓN, GTO. ",873990.7,"LEON, GTO"
20734,494,"CICLOVIA BLVD. HERMENEGILDO BUSTOS, TRAMO: AV. TRANSPORTISTAS A BLVD. JOSE MARÍA MORELOS, EN LEON GTO.",8987563.8,"LEON, GTO"
20737,495,"PROYECTO CALLE VALLE DE SANTA MATILDE TRAMO: VIA DE LOS GIRASOLES – VALLE DE LA PURISIMA CONCEPCIÓN COLONIA: VALLE DE LA LUZ Y PROYECTO CALLE PEREGRIN (AHORA PEREGRIN CLAVE), TRAMO BLVD. FRANCISCO VILLA – AND. ESPERANZA (AHORA PEREGRIN CLAVE), JARDINES DE MARAVILLAS.",248726.05,"LEON, GTO"
20738,496,"PAVIMENTACION DE LA CALLE: RIO MAYO, TRAMO: BLVD. VENUSTIANO CARRANZA A CALLE CENTENARIO COL. BARRIO DE SAN MIGUEL Y LAS MARGARITAS (PRIMERA ETAPA)",6069020.27,"LEON, GTO"
20739,497,ESTACION DE BOMBEROS METROPOLITANA NO. 9 UBICADA EN LA CALLE SANTA CROCCE DEL FRACCIONAMIENTO SANTA CROCCE (3RA. ETAPA),4994259.12,"LEON, GTO"
20740,498,"CICLOVIA TANCITARO-URUAPAN-YURECUARO-PUREPERO-AV. HIDALGO TRAMO DE BLVD JUAN ALONSO DE TORRES A IGNACIO LOPEZ RAYON, EN LEON, GTO.",9628923.53,"LEON, GTO"
20741,499,1RA ETAPA DEL PROYECTO DE MODERNIZACIÓN DE LAS INSTALACIONES DE LA FERIA LEÓN,70708157.72,"LEON, GTO"
20742,500,"SUMINISTRO Y COLOCACION DE CALENTADORES SOLARES EN LAS COLONIAS: CHAPALITA, INDUSTRIAL, JOL–GUABER, LOMA BONITA, LOMAS DE LA PISCINA, OBRERA, SAN MARTIN DE PORRES, ENTRE OTRAS.",1343110.4,"LEON, GTO"
20743,501,"REHABILITACIÓN AV. LA MERCED (SEGUNDA ETAPA), EN EL TRAMO DE BLVD. TORRES LANDA-CALLE FLAMENCO, LEÓN, GTO.",166058.46,LEON
20744,502,"ADECUACIÓN DEL CENTRO  DE CONTROL Y BIENESTAR ANIMAL UBICADO EN  CALLE RÍO VERDE #243, FRACC. LA LUZ 1ER. ETAPA.",97450.44,LEON
20746,504,"MEJORAMIENTO DEL SITIO DEL PARQUE LINEAL ARROYO EL EJIDO, TRAMO DEL BLVD. MORELOS A BLVD. LAS TORRES – PRIMERA ETAPA.",7387656.21,"LEON, GTO"
20752,,"REHABILITACIÓN AV. LA MERCED (SEGUNDA ETAPA), EN EL TRAMO DE BLVD. TORRES LANDA-CALLE FLAMENCO, LEÓN, GTO.",166058.46,LEON
