Id_Presupuesto,Id_Oficio_Asignacion_Obra,Nombre
0000000001,14,NULL
0000000002,10,NULL
0000000003,11,NULL
0000000004,13,NULL
0000000005,15,NULL
0000000006,40,NULL
0000000007,41,NULL
0000000008,47,NULL
0000000009,5,NULL
0000000010,36,NULL
0000000011,42,NULL
0000000012,16,NULL
0000000013,17,NULL
0000000014,49,NULL
0000000015,34,NULL
0000000016,35,NULL
0000000017,56,NULL
0000000018,37,NULL
0000000019,46,NULL
0000000020,18,NULL
0000000021,32,NULL
0000000022,30,NULL
0000000023,45,NULL
0000000024,12,NULL
0000000025,43,NULL
0000000026,54,NULL
0000000027,48,NULL
0000000028,33,NULL
0000000029,55,NULL
0000000030,31,NULL
0000000031,2,NULL
0000000032,52,NULL
0000000033,25,NULL
0000000034,26,NULL
0000000035,27,NULL
0000000036,28,NULL
0000000037,29,NULL
0000000038,21,NULL
0000000039,63,NULL
0000000040,62,NULL
0000000041,64,NULL
0000000042,19,NULL
0000000043,24,NULL
0000000044,23,NULL
0000000045,22,NULL
0000000047,50,NULL
0000000048,51,NULL
0000000049,53,NULL
0000000050,57,NULL
0000000051,6,NULL
0000000052,65,NULL
0000000053,66,NULL
0000000054,61,NULL
0000000055,67,NULL
0000000056,73,NULL
0000000057,71,NULL
0000000058,70,NULL
0000000059,72,NULL
0000000060,68,NULL
0000000061,69,NULL
0000000063,96,NULL
0000000064,99,NULL
0000000065,75,NULL
0000000067,76,NULL
0000000068,88,NULL
0000000069,87,NULL
0000000070,86,NULL
0000000071,77,NULL
0000000072,85,NULL
0000000073,89,NULL
0000000074,90,NULL
0000000075,100,NULL
0000000076,101,NULL
0000000077,91,NULL
0000000078,103,NULL
0000000079,104,NULL
0000000081,106,NULL
0000000082,92,NULL
0000000083,97,NULL
0000000084,102,NULL
0000000085,80,NULL
0000000086,93,NULL
0000000087,98,NULL
0000000088,74,NULL
0000000089,105,NULL
0000000090,83,NULL
0000000091,115,NULL
0000000092,110,NULL
0000000093,111,NULL
0000000094,112,NULL
0000000095,84,NULL
0000000096,113,NULL
0000000097,114,NULL
0000000098,94,NULL
0000000099,116,NULL
0000000100,124,NULL
0000000101,81,NULL
0000000102,122,NULL
0000000103,123,NULL
0000000104,121,NULL
0000000105,117,NULL
0000000106,118,NULL
0000000107,125,NULL
0000000108,131,NULL
0000000109,130,NULL
0000000110,127,NULL
0000000111,129,NULL
0000000113,132,NULL
0000000114,138,NULL
0000000115,139,NULL
0000000116,133,NULL
0000000117,140,NULL
0000000118,137,NULL
0000000119,136,NULL
0000000120,148,"PLAN DE MODERNIZACIÓN  DE INFRAESTRUCTURA 2018, MERCADO LA ESPERANZA DEL MUNICIPIO DE LEON GUANAJUATO
"
0000000121,128,"REHABILITACIÓN DE MINIDEPORTIVA SANTA MARIA DEL GRANJENO, UBICADA EN LA CALLE OCEANO ARTICO ESQUINA MAR ROJO, EN LA COLONIA SANTA MARIA DEL GRANJENO."
0000000122,149,MANTENIMIENTO  AL  EQUIPO UBARNO (FUENTES) DE LA CIUDAD  DE LEON GUANAJUATO 

0000000123,155,PAVIMENTACION DE LA CALLE SANTA CROCCE TRAMO: PAVIMENTO EXISTENTE-BLVD. TIMOTEO LOZANO EN LA COLONIA SANTA CROCCE

0000000124,144,REHABILITACIÓN  DE CAMINO SACA COSECHA  LA SANDIA  -EL MAGUEY   UBICACIÓN: COMUNIDAD LA SANDIA -EL MAGUEY 

0000000125,145,REHABILITACIÓN  DE CAMINO SACA COSECHA  LA CINTA -CAMINO ESTANCIA DE LA SANDIA  UBICACIÓN  LA CINTA 

0000000126,146,REHABILITACIÓN DE CAMINO SACA COSECHA NUEVO LINDERO -CARR. BARRETOS -SAN JUDAS UBICACIÓN: COMUNIDAD NUEVO LINDERO 

0000000127,147,"PLAN DE MODERNIZACIÓN  DE INFRAESTRUCTURA 2018, MERCADO ECHEVESTE DEL MUNICIPIO DE LEON GUANAJUATO
"
0000000128,152,"MEJORAMIENTO DE LA IMAGEN URBANA Y MANTENIMIENTO DE CAMELLONES EN LAS SIGUIENTES VIALIDADES: BLVS. JUAN A DE TORRES, BLVD. MIGUEL C SAAVEDRA, BLVD. CAMPESTRE, BLVD. LOPEZ SANABRIA, PASEO DE LOS INSURGENTES, BLVD.SAN JUAN BOSCO Y BLVD. HILARIO MEDINA, LEON GTO.
"
0000000129,150,"PAVIMENTACIÓN DEL BARRIO DE SAN JUAN DE DIOS, 2DA. ETAPA, (CALLE IGNACIO ALTAMIRANO TRAMO ROSAS MORENO A 5 DE FEBRERO, CALLE  DIAZ MIRÓN DE IGNACIO  ALTAMIRANO A VICENTE GUERRERO Y VICENTE GUERRERO A ROSAS MORENO A DIAZ MIRÓN 
"
0000000130,135,"REHABILITACIÓN  Y REUBICACIÓN  DE RETORNOS EN BLVD. AEROPUERTO (2DA ETAPA), LEON  GUANAJUATO "
0000000131,190,REHABILITACIÓN DE CAMINO DE ACCESO A SAN JOSE DEL CLAVEL- CAPELLANIA DE LOERA TRAMO : COMUNIDAD DE SAN JOSE DEL CLAVEL - CAPELLANIA DE LOERA . UBICACIÓN : COMUNIDAD  SAN JOSE DEL CLAVEL- CAPELLANIA DE LOERA. 

0000000132,189,"REHABILITACIÓN DE CAMINO ARBOLEDAS DE LOS  LOPEZ TRAMO:  CAMINO A CAPELLANIA DE LOERA-ESCUELAS ARBOLEDAS DE LOS LOPEZ, UBICACIÓN: COMUNIDAD ARBOLEDAS DE LOS LOPEZ 
"
0000000133,200,"SUMINISTRO  Y COLOCACION DE CALENTADORES SOLARES EN LAS COMUNIDADES:  LA SANDIA, NUEVO LINDERO, SAN JUDAS, PUERTA  DEL CERRO, LA RESERVA,  LA MORA, EL NACIMIENTO, LOS RAMIREZ, PROVIDENCIA, LOS TEPETATES, EL RESPLANDOR, LA ARCINA, EL TERRERO, PLAYAS DE SOTELO, GRANJAS ECONOMICAS, LOS LOPEZ, SANTA ROSA PLAN DE AYALA,   ENTRE OTRAS. 
"
0000000134,199,"CALENTADORES SOLARES EN LAS COLONIAS : AGUA  AZUL, ARBOLEDAS DE SAN  JOSE, ARBOLEDAS DE SEÑORA, AZTECA, DEPORTIVA  I Y II, INDUSTRIAL, MOREÑA, LA RAZA, LOMAS DE JEREZ, LOS FRESNOS, LOS MURALES, MEZQUITAL DE VILLAS DE SAN CARMEN, PRADO  HERMOSO, RIVERA DEL CARMEN, SANTA ROSA DE LIMA, UNIDAD DEPORTIVA II, VALLE DE SEÑORA, VILLAS DE NUESTRA SEÑORA DE LA LUZ, VILLAS DE SAN JUAN, ENTRE OTRAS
"
0000000135,207," CALENTADORES SOLARES EN LOS POLOS DE DESARROLLO DUARTE, SAN JUAN DE OTATES EN LAS  COMUNIDADES: LOZA DE LOS PADRES, DUARTE, SAN JUAN DE OTATES, SAN CARLOS LA  RONCHA, LA LABORCITA. 
"
0000000136,173,"PROYECTO DE ADECUACIÓN EN EL MERCADO ESPIRITU SANTO ESQUINA BVLD. SAN JUAN BOSCO, ENTRE LAS CALLES  SALAMANCA Y SAN JUAN DE  LOS LAGOS, COL.  ESPAÑA EN LEÓN GUANAJUATO. 
"
0000000137,142,"REHABILITACIÓN DE AV. NICARAGUA, LEÓN, GTO
"
0000000138,165,"""CONSTRUCCIÓN DE BARDA PERIMETRAL EN EL  DIF, UBICADO EN LA CALLE  GRANJA NORMA,  DE LA COLONIA GRANJA IVEG.
 ""
"
0000000139,185,"DEMOLICIÓN DE EDIFICACIONES EN LA ZONA DEL DISTRIBUIDOR VIAL BENITO JUAREZ, LEON, GTO. 
"
0000000140,208,"CONSTRUCCIÓN DE OSARIOS EN EL PANTEÓN MUNICIPAL SAN NICOLAS    LEÓN, GTO.
"
0000000141,209,"CONSTRUCCIÓN DE GAVETAS  EN EL PANTEÓN MUNICIPAL LA SANDIA  Y CONSTRUCCIÓN  DE OSARIOS EN EL PANTEÓN MUNICIPAL NORTE LEON, GUANAJUATO.
"
0000000142,168,"CONSTRUCCION DE ESPACIOS URBANOS EN EL MALECON DEL RIO DE LOS GOMEZ, TRAMO: CALLE OLIMPO A BLVD. TORRES LANDA
"
0000000143,205,REHABILITACIÓN DEL ESPACIO PÚBLICO EN LA COLONIA PUEBLO NUEVO CALLE FRAY DANIEL MIRELES 

0000000144,187,"PROYECTO  EJECUTIVO DEL MERCADO DESCARGUE ESTRELLA AV. MIGUEL ALEMAN CALLES:LEONA  VICARIO  Y AMORES, ZONA CENTRO 
"
0000000145,157,"PROYECTO CALLE: PINO DE MEDINA, TRAMO: ZARZAL DE MEDINA - HUESO COL. MEDINA 
"
0000000146,210,"PROYECTO CALLE DE LA CORONACION  (NEPAL), TRAMO :BANGLADESH-GENESIS

"
0000000147,172,"REHABILITACION DE MINIDEPORTIVA SATELITE, UBICADA EN BLVD. MARIANO ESCOBEDO Y HAWAII, EN LA COLONIA SATELITE
"
0000000148,204,"REHABILITACIN DEL ESPACIO PÚBLICO EN LA COLONIA   LUZ DE LA PRESA, CALLE CASTILLO DE SAN FERNANDO CON  CALLE CASTILLO DE SAN JORGE 
"
0000000149,211,"PROYECTO CALLE TENCA, TRAMO :PRESA DEL TIGRE -PRESA DE LA MOJINA 

"
0000000150,206,REHABILITACIÓN DEL ESPACIO PUBLICO EN LA COLONIA LA BRISA CALLE CHUPICUARO CON CALLE ARIO. 

0000000152,212,"PROYECTO  CALLE PAULINO  DURÁN, TRAMO : BLVD.  JUAN ALONSO DE  TORRES- RODRIGUO MORENO ZERMEÑO 
"
0000000153,192,"REHABILITACION DE CAMINO DE ACCESO A LA ESTANCIA DE LA SANDIA, TRAMO: CARR. LEON-CUERAMARO-LA ESTANCIA DE LA SANDIA, UBICACIÓN: COMUNIDAD ESTANCIA LA SANDIA
"
0000000154,171,"REHABILITACIÓN DE MINIDEPORTIVA UNIDAD OBRERA, UBICADA EN LA CALLE FIDEL VELAZQUEZ ESQUINA CALLE BLAS CHUMACERO, EN LA COLONIA OBRERA (INFONAVIT).
"
0000000155,143,"REHABILITACIÓN DE MINIDEPORTIVA LOS OLIVOS, UBICADA EN LA CALLE ELISA ESQUINA PUERTO DE CORUÑA, EN LA COLONIA LOS OLIVOS.
"
0000000156,166,"CONSTRUCCIÓN DE ESPACIOS PUBLICOS URBANOS EN EL MALECÓN DEL RÍO DE LOS GÓMEZ , TRAMO :  CALLE BLVD. JUAN ALONSO DE TORRES A CALLE 5 DE MAYO 
"
0000000157,177,ADECUACION Y ESTRUCTURACION DEL CUARTEL DE POLICIA MONTADA

0000000158,184,"REHABILITACIÓN DE SEÑALAMIENTO VIAL EN BULEVARES Y VIALIDADES  DE LA CIUDAD, LEON GTO. 
"
0000000159,195,"REHABILITACIÓN DE CAMINO  RANCHO NUEVO LA VENTA TRAMO : CALLE PRINCIPAL   RANCHO NUEVO LA VENTA, UBICACIÓN: COMUNIDAD  RANCHO NUEVO LA VENTA. 
"
0000000160,196,"REHABILITACIÓN DE CAMINO DE ACCESO A REFUGIO ROSAS  TRAMO: BALCONES DE LA JOYA- REFUGIO DE ROSAS, UBICACIÓN : COMUNIDAD  REFUGIO DE  ROSAS. 
"
0000000161,186,"PROYECTO DE REHABILITACIÓN DEL MERCADO ALDAMA CALLE MIGUEL ALEMAN, CON BELISARIO DOMINGUEZ, CALLE IGNACIO COMONFORT Y J. ORTIZ DE DOMINGUEZ .  ZONA CENTRO 
"
0000000162,203," CALENTADORES SOLARES EN LOS POLOS DE DESARROLLO LA SANDIA, LOS RAMIREZ, SANTA ANA DEL CONDE, EN LAS COMUNIDADES : SAN JUDAS, EL CONSUELO, SAN JOSE DEL RESPLANDOR, NUEVO LINDERO, BARRETOS, MIGUEL HIDALGO, SANDIA, LA CINTA, SAN AGUSTIN DEL MIRASOL, SAN FRANCISCO DE DURAN,  PROVIDENCIA, SAN JOSE DE BARRON, GUADALUPE VICTORIA, SAN RAFAEL DE LOS RAMIREZ,  PLAYAS DE SOTELO, BENITO JUAREZ, MIGUEL   HIDALGO, ARCINA, TERRERO, SANTA ANA DEL CONDE. 
"
0000000163,193,"REHABILITACION DE CAMINO DE ACCESO A LA CINTA, TRAMO: CAMINO A BARRETOS-LA SANDIA-ACCESO LA CINTA; 
"
0000000164,194,"REHABILITACION DE CAMINO DE ACCESO A LA CINTA, TRAMO  CAMINO A BARRETOS- LA SANDIA -ACCESO LA CINTA, UBICACIÓN COMUNIDAD  LA CINTA 
"
0000000165,191,"REHABILITACIÓN DE CAMINO DE ACCESO A MESA DE IBARRILLA, TRAMO IBARRILLA - MESA DE IBARRILLA, UBICACIÓN : COMUNIDAD DE IBARRILLA 
"
0000000166,198,REHABILITACIÓN DE CAMINO DE ACCESO A OJO DE AGUA DE REYES UBICACIÓN: COMUNIDAD OJO DE AGUA DE REYES 

0000000167,174,"PLAN DE MODERNIZACION DE INFRAESTRUCTURA 2018, MERCADO LA PULGA (3RA ETAPA) DEL MUNICIPIO DE LEON GUANAJUATO
"
0000000168,197,"REHABILITACIÓN DE CAMINO DE ACCESO A ESTACIA DE VAQUEROS, TRAMO : CARR. MANUEL DOBLADO- COMUNIDAD ESTANCIA DE  VAQUEROS. UBICACIÓN  ESTANCIA DE  VAQUEROS
"
0000000169,181,"MANTENIMIENTO Y APLICACIÓN DE RIEGO A CAMELLONES Y AREAS VERDES PUBLICAS, LEON, GTO. 
"
0000000170,178,MANTENIMIENTO A VIALIDADES NO PAVIMENTADAS EN LA ZONA SUR DE LA CIUDAD DE LEON GTO

0000000171,179,"MANTENIMIENTO A VIALIDADES NO PAVIMENTADAS EN LA  ZONA NOR-ORIENTE DE LA CIUDAD DE LEON, GTO. 
"
0000000172,180,"MANTENIMIENTO A VIALIDADES NO PAVIMENTADAS EN LA ZONA NOR- PONIENTE DE LA CIUDAD DE LEON, GTO.
"
0000000173,170,ESPACIO SAN FRANCISCO CONSTRUCCION DE PLAZA AMPLIACION SAN FRANCISCO (1RA. ETAPA)

0000000174,183,"CONSTRUCCION Y REHABILITACIÓN DE BANQUETAS EN BLVD.  LA LUZ (1RA ETAPA ), LEON  GTO. 
"
0000000175,188,"CONSTRUCCIÓN DE BARDA PERIMETRAL EN LA PRIMARIA MARIA GREEVER , CCT 11T11DPR39410 DE LA COL. SINARQUISTAS 
"
0000000177,167,"CONSTRUCCION DE ESPACIOS URBANOS EN EL MALECON DEL RIO DE LOS GOMEZ, TRAMO: CALLE 5 DE MAYO A OLIMPO
"
0000000178,169,"PAVIMENTACION DE BLVD. JOSE MARIA MORELOS TRAMO: DISTRIBUIDOR BENITO JUAREZ-PASEO DE LOS INSURGENTES, (PRIMERA ETAPA)

"
0000000179,164,"MEJORAMIENTO DE IMAGEN URBANA Y MANTENIMIENTO DE CAMELLONES EN LAS SIGUIENTES VIALIDADES: BLVD. J.J. TORRES LANDA, BLVD. FRANCISCO VILLA, BLVD. G. BOCANEGRA, BLVD. TIMOTEO LOZANO, BLVD.HERMANOS ALDAMA Y BLVD. JUAREZ, LEON, GUANAJUATO
"
0000000180,176,"CONSTRUCCION DE 6 AULAS TIPO U""C CON MODULO DE ESCALERA, EN LA TELESECUNDARIA NUM.1129 CCT11ETV1129L, UBICADA EN RANCHO SAN JOSE DE LOS SAPOS AVENIDA BARAJAS S/N
"
0000000181,202," CUARTOS ADICIONALES EN LOS POLOS DE DESARROLLO LOS SAUCES, EN LAS COMUNIDADES: LOS LOPEZ, CAPELLANIA DE LOERA, LOS SAUCES, SAN JOSE DE LOS ROMEROS, EL COPETE. 
"
0000000182,201,"CUARTOS ADICIONALES EN LOS POLOS DE DESARROLLO HUIZACHES, EN LAS COMUNIDADES: HUIZACHE (FUNDCIONES) HUIZACHE (RANCHO VIEJO ) HUIZACHE (ARENOSA), HUIZACHE. 
"
0000000183,158,"PROYECTO CALLE : MISAEL NUÑEZ, TRAMO : 26 DE AGOSTO - 14 DE MAYO

"
0000000184,175,"CONSTRUCCION DE UN ESTACIONAMIENTO EN LAS INSTALACIONES DE LA FERIA ESTATAL DE LEON, EL CENTRO DE CIENCIAS EXPLORA Y POLIFORUM
"
0000000185,220,"REHABILITACIÓN DE CAMINO DE ACCESO A LAS COLORADAS  TRAMO: CAMINO DUARTE-COMANJILLA-ACCESO LAS COLORADAS, UBICACIOÓN : COMUNIDAD DE LAS COLORADAS 
"
0000000186,214,"PROYECTO: PROYECTO EJECUTIVO DE RODOLFO PADILLA , TRAMO : BLVD. VASCO DE QUIROGA A BLVD. FRANCISCO VILLA  UBICACIÓN : LEON GUANAJUATO 
"
0000000187,218,"PLAN DE INFRAESTRUCTURA 2018, MERCADO CARRO VERDE DE LEON, GUANAJUATO
"
0000000188,221,"REHABILITACION DEL MERCADO CENTRO COMERCIAL ALLENDE, UBICACIÓN: ENTRE CALLES AV. 27 DE SEPTIEMBRE, AQUILES SERDAN E IGNACIO LOPEZ RAYON
"
0000000189,215,"PROYECTO  CALLE : CORTIJO DE ANZAR (COMUNIDAD DE LA MALAGANA, SAN ANTONIO DEL MONTE ) TRAMO : CARRETERA MANUEL DOBLADO A LEÓN A CALLE  CORTIJO DEL HUACO, UBICACIÓN : COL MALAGANA ( SAN ANTONIO DEL MONTE )
"
0000000191,216,REHABILITACIÓN DE LA CALLE ESPAÑITA ( 1RA ETAPA)

0000000192,217,"MEJORAMIENTO DE VIVIENDA RURAL CUARTO DORMITORIO  EN LAS COMUNIDADES DE SAN JUAN DE OTATES, LA LABORCITA, COLORADAS, PATIÑA, SAN ANTONIO DE PADUA, HACIENDA ARRIBA, SAN JOSE DE OTATES SUR, CANELAS Y VAQUERÍAS. 
"
0000000193,213,"PAVIMETACIÓN DE LA CALLE IRLANDA, TRAMO :ARTURO SOTO RANGEL A ISLAS

"
0000000194,223,"MANTENIMIENTO AL RETORNO  EN PUENTE LA HERRADURA (ACCESO AL  FRACC. ALAMO ) Y AL BLVD. AEROPUERTO. LEON, GTO. 
"
0000000195,219,"REHABILITACION DE CAMINO  NUEVO  VALLE DE MORENO- ACCESO CANELAS  UBICACIÓN : COMUNIDAD CANELAS , TRAMO: CAMINO DUARTE-COMANJILLA-ACCESO LAS COLORADAS, 

"
0000000196,182,"CUARTOS ADICIONALES EN LOS POLOS DE DESARROLLO RANCHO NUEVO LA VENTA, EN LAS COMUNIDADES  REFUGIO DE ROSAS, CORRAL DE PIEDRA, LAGUNILLAS. 
"
0000000197,224,"CONSTRUCCION Y REHABILITACIÓN DE BANQUETAS EN BLVD. DELTA (1RA ETAPA ), LEON  GTO. 
"
0000000198,222,REHABILITACIÓN DEL ESPACIO PÚBLICO EN LA COLONIA POPULAR LA LUZ  CALLE HEROES DE LA INDEPENDENCIA CON ARROYO ALFARO 

0000000199,225,REHABILITACIÓN  DE CAMINO DE ACCESO A  PROVIDENCIA TRAMO: BLVD. TIMOTEO LOZANO- COMUNIDAD PROVIDENCIA UBICACIÓN : COMUNIDAD PROVIDENCIA 

0000000200,233,"PAVIMENTACIÓN DE LA CALLE YACIMIENTO ACUÍFERO, TRAMO: BLVD.  YACIMIENTO-YACIMIENTO VOLCANICO, UBICACIÓN : COLONIA: EL YACIMIENTO, LEÓN GTO. 
"
0000000201,226,"REHABILITACIÓN DE CAMINO DE ACCESO A LOS TEPETATES TRAMO: PROVIDENCIA -LOS TEPETATES, UBICACIÓN  COMUNIDAD LOS TEPETATES 
"
0000000202,227,"REHABILITACIÓN DE CAMINO DE ACCESO  A RANCHO EL TREBOL, TRAMO : COMUNIDAD RANCHO EL TREBOL- CALLE PRINCIPAL, UBICACIÓN : COMUNIDAD RANCHO EL TREBOL 
"
0000000203,230,"ADECUACIÓN DEL PROYECTO DEL MERCADO SAN JUAN BOSCO  PARA LA 1 ER  ETAPA DE OBRA CALLE: SANTANDER, ESQUINA  CON CALLE  VIZCAYA Y CATALUÑA, EN LA COLONIA SAN JUAN BOSCO 
"
0000000204,229,"ESTUDIO DE GESTIÓN  SOCIAL EN EL ESPACIO PÚBLICO EN EL FRACCIONAMIENTO VALLE DEL CAMPESTRE ( PANORAMA) AV. PANORAMA ESQ. BLVD. CAMPESTRE,  LEON, GUANAJUATO 
"
0000000205,231,"PAVIMENTACIÓN DE LA CALLE CERRO DEL LABRADOR, TRAMO : DEL AGRICULTOR- LABRANZA, UBICACIÓN  COLONIA SAN ISIDRO LABRADOR 
"
0000000206,232,"PAVIMENTACIÓN DE LA CALLE NEPAL (ANTES ""DE LA CORONACIÓN, )""TRAMO : BANGLADESH GÉNESIS, UBICACIÓN   COL. LOMAS DE GUADALUPE 
"
0000000207,236,"BAÑOS RURALES EN LOS POLOS DE DESARROLLO ALFARO: NUEVO VALLE DE MORENOS, LOS SAUCES, SAN  JUAN DE OTATES EN LAS COMUNIDADES: OJO DE AGUA DE LOS REYES, NARANJOS,  VAQUERIAS, NUEVO VALLE, ZARAGOZA,LOS LOPEZ, CAPELLANIA DE LOERA, LOS SAUCES, LA  LABORCITA. 
"
0000000208,234,"PROYECTO CALLE: TORRES FLANQUEANTE, TRAMO: TRONERAS A ATALAYA
"
0000000210,240,"ACCIONES DE REMEDIACIÓN POR RESOLUTIVO DE IMPACTO AMBIENTAL  PARA LAS OBRAS DEL PARQUE HIDALGO PONIENTE, LEON. GTO."
0000000211,238,REHABILITACIÓN DEL ESPACIO PÚBLICO EN LA COLONIA REVOLUCIÓN CALLE VASCO DE QUIROGA ESQUINA CON PLAN DE AYALA Y CAUDILLO DEL SUR 

0000000212,237,"REHABILITACIÓN DEL ESPACIO PÚBLICO EN LA COLONIA  LOS COLORINES, CALLE  CIRCUITO HACIENDA SAN MIGUEL-TIRINTO 
"
0000000213,243,REHABILITACIÓN DEL ESPACIO PUBLICO EN LA COLONIA  PRADO HERMOSO CALLE AV. ENRIQUE ARANDA ESQUINA CALLE ANTONIO HERNANDEZ 

0000000214,245,CONSTRUCCIÓN DE BANQUETAS EN VARIOS PUNTOS DE LA CIUDAD PAQUETE #1

0000000215,242,CONSTRUCCIÓN DE BANQUETAS EN VARIOS PUNTOS DE LA CIUDAD PAQUETE #2

0000000216,241,"BAÑOS RURALES EN LOS POLOS DE DESARROLLO RANCHO NUEVO LA VENTA SANTA ROSA PLAN DE  AYALA EN LAS COMUNIDADES : RESERVA, RANCHO NUEVO LA VENTA, LAGUNILLAS, PUERTA DEL CERRO, EL NACIMIENTO,  SANTA ROSA PLAN DE AYALA, SAN JOSE DE LOS SAPOS, POMPA.
"
0000000217,239,"REHABILITACION DEL ESPACIO PUBLICO EN LA COLONIA  JARDINES DE LA PRESA, CALLE JARDIN SILVESTRE -JARDIN RUSTICO 
"
0000000218,257,REHABILITACIÓN DEL ESPACIO PUBLICO EN LA COLONIA LA BRISA CALLE CHUPICUARO CON CALLE ARIO. 


0000000219,260,"REHABILITACIN DEL ESPACIO PÚBLICO EN LA COLONIA   LUZ DE LA PRESA, CALLE CASTILLO DE SAN FERNANDO CON  CALLE CASTILLO DE SAN JORGE 
"
0000000222,248,"PLAN DE INFRAESTRUCTURA 2018, MERCADO ALDAMA DE LEON, GUANAJUATO
"
0000000224,252,REHABILITACÓN DEL ESPACIO PUBLICO EN LA COLONIA LAS TROJES CALLE DR. JUAN BAUTISTA OROZCO CON CALLE LIC. JOSÉ HERNÁNDEZ  DELGA Y AV. GUANAJUATO

0000000225,235,"REHABILITACIÓN DE CAMINO DE ACCESO  DERRAMADERO TRAMO : VAQUERIAS  A DERRAMADERO , COMUNIDAD  EL DERRAMADERO 
"
0000000226,253,RAHABILITACIÓN DE LA CALLE LA LUZ (1RA ETAPA)

0000000227,266,PROYECTO EJECUTIVO DE REHABILITACIÓN DEL PARQUE LINEAL SARDANETA. ACCESO NORTE DEL ZOOLÓGICO AL PARQUE METROPOLITANO

0000000228,267,PROYECTO DE REHABILITACIÓN DE  ESPACIO PUBLICO EN LA COLONIA JARDINES DE LA PRADERA 

0000000229,268,PROYECTO DE REHABILITACIÓN DEL ESPACIO PUBLICO EN LA COLONIA BOSQUES DEL SUR 

0000000230,251,"REHABILITACIÓN DEL ESPACIO PUBLICO EN LA COLONIA  JARDINES DE ORIENTE, CALLE NAZARET-MIGUEL ANGEL. 
"
0000000231,254,"PLAN DE INFRAESTRUCTURA 2018, MERCADO SAN JUAN BOSCO DEL MUNICIPIO DE LEON, GUANAJUATO
"
0000000232,249,REHABILITACION DE ESPACIO PUBLICO EN LA COLONIA ECHEVESTE 2000 CALLE ESTRAGON ESQUINA CALLE NABO

0000000233,304,"MANTENIMIENTO RUTINARIO A DIVERSAS FUENTES DE LA CIUDAD DE LEÓN, GTO. 
"
0000000234,301,"RESTAURACIÓN DEL INMUEBLE  TEMPLO DEL IMACULADO  CORAZON DE MARIA EN CALLE 20 DE ENERO EN EL CENTRO DE LA CIUDAD DE LEON, GTO. 
"
0000000235,299,"RESTAURACIÓN DEL INMUEBLE  TEMPLO DE LAS TRES AVES MARIAS, UBICADO EN LA DIRECCIÓN  CALLE 5 DE MAYO NUM .343;  ZONA CENTRO EN LEÓN GTO. 
"
0000000236,303,"RESTAURACIÓN DE LA FACHADA DE CATEDRAL EN  LEON, GUANAJUATO. 
"
0000000237,256,"PAVIMENTACIÓN DE LA CALLE ARMADILLO TRAMO : DE FOCA A LEOPARDO , UBICACIÓN COL. LOMAS  DE ECHEVESTE 
"
0000000238,270,"REHABILITACIÓN DE INFRAESTRUCTURA HIDRAULICA,  Y DE AULAS  PARA LA ESCUELA NORMAL  OFICIAL DE LEÓN, GUANAJUATO, 
"
0000000239,255,"PLAN DE INFRAESTRUCTURA 2018, MERCADO ESPIRITU SANTO DE LEON, GUANAJUATO
"
0000000240,250,"MEJORMIENTO DE VIVIENDA RURAL DE CALENTADOR SOLAR EN LAS  COMUNIDADES DE : SANTA ROSA PLAN DE AYALA, SAN JOSE DE LOS SAPOS, RAMILLETE,  POMPA, ESTANCIA DE LOS SAPOS,  PUERTA DE SAN GERMAN, MALAGANA, SAN PEDRO DEL MONTE, NARANJOS, ALFARO, OJO DE AGUA DE LOS REYES, CORRAL DE PIEDRA, LAGUNILLAS, RANCHO NUEVO LA VENTA, LA GLORIA, LA MORA, EL NACIMIENTO, PUERTA DEL CERRO, LA RESEVA, PATIÑA, HACIENDA ARRIBA, NUEVO  VALLE,  GRANJAS ECONOMICAS, CAPELLANIA,  LOS LOPEZ, ALBARRADONES, EL COPETE, LOS SAUCES, ZARAGOZA, SAN JOSE DE LOS ROMEROS, JACALES.

"
0000000241,246,"CALENTADORES SOLARES EN LAS COLONIAS: ANTENAS DE ARRIBA, ARBOLEDAS DE LA SELVA, LA SELVA, LAURELES DE LA SELVA, LOMAS DE LA SELVA, MESITAS DEL CONSUELO , VALLE DEL CONSUELO II, UNION COMUNITARIA LOS LAURELES , VALLE DEL  CONSUELO II,ENTRE OTRAS. 
"
0000000242,271,"PROYECTO EJECUTIVO CENTRO COMERCIAL ALLENDE EN LEÓN, GUANAJUATO CALLE IGNACIO LOPEZ RAYÓN ESQUINA CON AV. 27 DE  SEPTIEMBRE  COL. OBREGÓN. 
"
0000000243,262,"REHABILITACION DE CAMINO DE ACCESO  EL CONSUELO, TRAMO : CARR. LEÓN CUERAMARO - ACCESO EL CONSUELO  UBICACIÓN  : EL CONSUELO 
"
0000000244,263,REHABILITACION DE CAMINO  NUEVO  VALLE DE MORENO- ACCESO CANELAS  UBICACIÓN : COMUNIDAD CANELAS 

0000000245,264,"REHABILITACIÓN DE CAMINO DE ACCESO A LAS COLORADAS  TRAMO: CAMINO DUARTE-COMANJILLA-ACCESO LAS COLORADAS, UBICACIOÓN : COMUNIDAD DE LAS COLORADAS 
"
0000000246,261,REHABILITACIÓN  DE CAMINO DE ACCESO A   LA COMUNIDAD LA SANDIA - ESTANCIA DE LA SANDIA 

0000000247,307,INSPECCION  ESTRUCTURAL DE PUENTES EN LAS PRINCIPALES VIALIDADES DE LA CIUDAD 

0000000248,298,"PAVIMENTACION DE LA CALLE YACIMIENTO CARBON, TRAMO : BLVD. YACIMIENTO-YACIMIENTO  VOLCANICO, COLONIA: EL YACIMIENTO, LEÓN  GTO. 
"
0000000249,295,TRABAJOS COMPLEMENTARIOS DE REHABILITACIÓN  DEL PARQUE  PANORAMA EN LA COL.  VALLE DEL CAMPESTRE (PANORAMA)

0000000250,281,MANTENIMIENTO AL PARQUE SAN PIO X ( 1 ERA A ETAPA )

0000000251,276,"REHABILITACIÓN  DEL ESPACIO PUBLICO EN LA COLONIA BALCONES DE LA PRESA II, CALLE  PRESA DEL BAJIO 
"
0000000252,273,"CALENTADORES SOLARES EN LAS COLONIAS : ARBOLEDAS DE SAN HILARION, LIBERTAD ENTRE OTRAS 
"
0000000253,280,"CALENTADORES SOLARES EN LAS COLONIAS: AMPLIACIÓN SAN FRANCISCO, AMPLIACIÓN SAN FRANCISCO II, BISAS DE SAN FRANCISCO I, LUCERO DE SAN NICOLAS, PIEDRA AZUL I Y II ENTRE OTRAS. 
"
0000000254,287,AJUSTES DE ACCESO EN ESTACIÓN  DEL SIT MARAVILLAS 

0000000255,291,PASO PEATONAL   SOBRE ARROYO DE LAS JOYAS EN BULEVAR  BALCONES DE LAS JOYAS

0000000256,278,"REHABILITACIÓN DEL ESPACIO PÚBLICO EN LA COLONIA MISIÓN DE LA PRESA, CALLE BOSQUES DE LOS MANGLARES ESQUINA BOSQUES DE LOS NARANAJOS 
"
0000000257,282,"CONSTRUCCION  DE PASO CON TUBERIA  EN CALLE  PARA ACCESO, EN LA COMUNIDAD DE LA MANZANILLA 
"
0000000258,283,"CONSTRUCCION  DE PASO CON TUBERIA  EN CALLE  PARA ACCESO, EN LA COMUNIDAD DE  MESA DE  MEDINA 
"
0000000259,284,"CONSTRUCCION  DE PASO CON TUBERIA  EN CALLE  PARA ACCESO, EN LA COMUNIDAD  DE LA CINTA 
"
0000000260,285,"CONSTRUCCION  DE PASO CON TUBERIA  EN CALLE  PARA ACCESO, EN LA COMUNIDAD  DE  SAN JOSE DEL RESPLANDOR 
"
0000000261,286,"CONSTRUCCION  DE PASO CON TUBERIA  EN CALLE  PARA ACCESO, EN LA COMUNIDAD  DE   CANELAS 
"
0000000262,293,ELABORACIÓN DE FICHAS  Y AVALUOS DE AFECTACIONES DE LA MODERNIZACIÓN DE LA CARRETERA ESTATAL  LOS RAMIREZ- SANTA ANA DEL CONDE TRAMO : A4(0+000-4+140) MUNICIPIO DE LEÓN 

0000000263,300,"PAVIMENTACION DE LA CALLE YACIMIENTO  COBRE , TRAMO  : BLVD. YACIMIENTO-YACIMIENTO  VOLCANICO, COLONIA: EL YACIMIENTO, LEÓN  GTO. 
"
0000000264,95,PROYECTO  EJECUTIVO DE REUBICACION DE LA LINEA DE AGUAS  NEGRAS UBICADA EN EL  ECOPARQUE  CURTIDORES 
0000000265,269,"PROYECTO EJECUTIVO DE PARQUE  LINEAL ARROYO ALFARO, TRAMO: BLVD.  VICENTE VALTIERRA A BLVD. LA LUZ MUNICIPIO DE LEON GTO. 
"
0000000267,289,"MANTENIMIENTO   Y REHABILITACIÓN AL EQUIPAMIENTO EN AREAS DE DONACION DE LA CIUDAD  DE LEON, GTO. 
"
0000000268,290,REHABILITACIÓN   DE ESPACIOS PÚBLICOS  DE LA CIUDAD DE LEÓN GTO. 

0000000269,288,MANTENIMIENTO  AL EQUIPAMIENTO URBANOS EN AREAS PÚBLICAS  DE LA CIUDAD DE LEÓN GTO. 

0000000270,292,"REHABILITACIÓN DE  LA AV. GASODUCTO (2DA ETAPA) EN FRACC. CIUDAD INDUSTRIAL, LEON GTO. 
"
0000000271,294,"REHABILITACIÓN DEL ESPACIO PÚBLICO EN EL FRACCIONAMIENTO  EL FARO, SEGUNDA  ETAPA, CALLES: FARO DE PUERTO VALLARTA Y FERROCARRILES NACIONALES, LEÓN GUANAJUATO.
"
0000000272,279,"REHABILITACIÓN DEL ESPACIO PUBLICO EN LA COLONIA  COLINAS DE PLATA, BLVD. COLINAS DE  PLAGTA- PERDIGÓN 
"
0000000273,277,"REHABILITACIÓN DEL  ESPACIO PUBLICO EN LA COLONIA VALLE DE LOS CASTILLOS, CALLE   EL ESCORIAL CASI ESQUINA  PASEO DE LA PRESA

"
0000000274,274,"PROYECTO CALLE 1, CALLE 2, CALLE 3 Y CALLE 4, UBICACIÓN:  CENTRAL DE ABASTOS, CENTRAL DE ABASTOS, ESTACIONAMIENTO  CENTRAL DE ABASTOS, Y ESTACIONAMIENTO CENTRAL DE ABASTO.
"
0000000275,302,"PROYECTO ESTUDIOS PARA LA DELIMITACIÓN DE  ZONAS FEDERALES SOBRE CAUCES FEDERALES (1RA ETAPA), DENTRO DEL MUNICIPIO DE LEON, GTO. 
"
0000000276,305,"MANTENIMIENTO Y REHABILITACIÓN DE ESPACIOS VERDES  EN DIVERSAS DE VIALIDADES, LEON, GTO. 
"
0000000277,308,LABORATORIO VERIFICADOR 2018 PAQUETE 6

0000000278,275,"REHABILITACIÓN  DEL ESPACIO PUBLICO EN LA COLONIA MISION DE SAN JOSÉ, CALLE MISION JESUITA  MISION EVANGELICA 
"
0000000279,296,PAVIMENTACIÓN DE LA CALLE 2DO ANDADOR FAJARDO TRAMO: FAJARDO A PALO ALTO. UBICACIÓN : COL. EL PALOTE.

0000000280,297,"PAVIMENTACIÓN DE LA CALLE 1 ER  FAJARDO TRAMO : FAJARDO A PALO ALTO, UBICACIÓN : EL PALOTE 
"
0000000281,272,"MANTENIMIENTO AL PUENTE  VEHICULAR EN BLVD. AEROPUERTO INTERSECCION  CON RIO TAJO SANTA ANA LEON, GTO. 
"
0000000282,309,"RESTAURACIÓN DEL INMUEBLE  TEMPLO DEL IMACULADO  CORAZON DE MARIA EN CALLE 20 DE ENERO EN EL CENTRO DE LA CIUDAD DE LEON, GTO. 
"
0000000283,310,ADECUACIÓN DEL PROYECTO EJECUTIVO DEL BLVD. MORELOS  DEL DISTIBUIDOR VIAL BENITO JUAREZ A BLVD. PASEO  DE LOS INSULRGENTES EN LA CIUDAD  DE LEÓN GUANAJUATO    

0000000284,306,"ACCIONES DE REMEDIACIÓN PARA LA CICLOVIA  BVD. VICENTE VALTIERRA, TRAMO : DE MALECON DEL RIO  AL ACCESO FRACCIONAMIENTO PUNTA DEL ESTE LOCALIDAD DE LEÓN  DE LOS ALMADA. 
"
0000000285,312,"RESTAURACIÓN DE LA FACHADA DE CATEDRAL EN  LEON, GUANAJUATO. 
"
0000000286,311,"MEJORAMIENTO DE VIVIENDA RURAL CUARTO DORMITORIO EN LAS COMUNIDADES DE: LA SANDIA, RANCHO NUEVO LA LUZ, LA CINTA, SANTA ROSA PLAN DE AYALA, SAN JOSE DE LOS SAPOS, POMPA, LOS TEPETATES, LOS ARCOS, MIGUEL HIDALGO, SANTA ANA DEL CONDE Y BENITO JUAREZ
"
0000000288,313,REHABILITACIÓN DEL ESPACIO PUBLICO EN LA COLONIA LA BRISA CALLE CHUPICUARO CON CALLE ARIO. 

0000000290,340,"BAÑOS RURALES EN LOS POLOS DE DESARROLLO LA SANDIA, LOS RAMIREZ, SANTA ANA DEL CONDE EN LAS COMUNIDADES:  BARRETOS, EL CONSUELO, SAN JUDAS, PLAYAS DE SOTELO, SANTA ANA DEL CONDE, RESPLANDOR, RAMIREZ
"
0000000291,319,CONSTRUCCION DE ESTACION DE BOMBEROS METROPOLITANA NO. 9 UBICADA EN LA CALLE SANTA CROCCE DEL FRACCIONAMIENTO SANTA CROCCE (2DA. ETAPA)

0000000292,317,"PAVIMENTACION DE LA CALLE ACTEON, TRAMO: SALOMON A ORO COL. VALLE DE SEÑORA
"
0000000293,316,"PAVIMENTACION DE LA CALLE SAN JOSE DE LAS LAJAS, TRAMO: SAN JOSE ITURBIDE A SAN JOSE DE COSTA RICA, COLO. REFUGIO DE SAN JOSE
"
0000000294,318,PAVIMENTACION DE LA CALLE TENCA TRAMO: PRESA DEL TIGRE A PRESA DE LA MOJINA COL. EL VALLADITO

0000000295,331,"DIAGNOSTICO DEL MERCADO  LA LUZ, ENTRE CALLES LA LUZ Y ESPAÑITA  COLONIA EL COECILLO, LEON, GUANAJUATO. 
"
0000000297,315,"PAVIMENTACION DE LA CALLE UVERO, TRAMO: DE LA CEPA-DEL MOSTO, COL. ARBOLEDAS DE SAN JOSE
"
0000000299,335,PROYECTO CALLE : VIAJES APOSTOLICOS. TRAMO : UNIVERSIDAD  CRISTINA A TOPAR LADO OTE. UBICACIÓN: COLONIA SAN PABLO. 

0000000300,336,PROYECTO  CALLE : VALLE DE LA SANTISIMA  TRINIDAD. TRAMO: VIA DE LOS GIRASOLES  A VALLE DE LA PURISIMA CONCEPCIÓN  UBICACIÓN: COLONIA VALLE DE LA LUZ II

0000000301,337,REHABILITACION DEL AREA DEPORTIVA ENTRE EL AND. GRUPO  INSURGENTES Y AV. GUTY  CARDENAS EN LA COLONIA  UNIDAD HABITACIONAL MIGUEL HIDALGO. REHABILITACIÓN DEL AREA DEPORTIVA  UBICADA EN LA  CALLE  ALBERTO F. DANEL DE LA COLONIA  SANTA MARIA DE CEMENTOS.  

0000000302,320,"PANTEON MUNICIPAL DUARTE, COMUNIDAD DUARTE, LEON GTO
"
0000000303,314,"PAVIMENTACIÓN DE LA CALLE DORADILLA TRAMO: PASEO DE LA PRESA-RIO DE LOS CASTILLOS, COLONIA: VALLE HERMOSO II
"
0000000304,332,"ACTUALIZACION Y MODIFICACION  DEL PROYECTO  EJECUTIVO DEL PARQUE JUAREZ, UBICADO EN EL BLVD. TIMOTEO LOZANO, INDEPENDENCIA  Y HONDA  DE SAN MIGUEL  EN LA COL. SAN MIGUEL. 
"
0000000305,333,"PROYECTO  CALLE : DE LA EXPROPIACION (ANTES H. AYUNTAMIENTO). TRAMO : BLVD. TIMOTEO LOZANO-MARTIRES DEL RIO BLANCO, COL. LIBERTAD 
"
0000000306,334,PROYECTO  CALLE : GAMALIEZ   TRAMO: UNIVERSIDAD  CRISTIANA  A TOPAR LADO PTE. COLONIA : SAN PABLO 

0000000307,327,CONSTRUCCIÓN DE BANQUETAS EN VARIOS PUNTOS DE LA CIUDAD PAQUETE # 8

0000000308,328,CONSTRUCCIÓN DE BANQUETAS EN VARIOS PUNTOS DE LA CIUDAD PAQUETE # 9

0000000309,329,CONSTRUCCIÓN DE BANQUETAS EN VARIOS PUNTOS DE LA CIUDAD PAQUETE # 10

0000000310,330,CONSTRUCCIÓN DE BANQUETAS EN VARIOS PUNTOS DE LA CIUDAD PAQUETE # 11

0000000311,322,CONSTRUCCIÓN DE BANQUETAS EN VARIOS PUNTOS DE LA CIUDAD PAQUETE #3

0000000312,323,CONSTRUCCIÓN DE BANQUETAS EN VARIOS PUNTOS DE LA CIUDAD PAQUETE # 4

0000000313,324,CONSTRUCCIÓN DE BANQUETAS EN VARIOS PUNTOS DE LA CIUDAD PAQUETE # 5

0000000314,325,CONSTRUCCIÓN DE BANQUETAS EN VARIOS PUNTOS DE LA CIUDAD PAQUETE # 6


0000000315,326,CONSTRUCCIÓN DE BANQUETAS EN VARIOS PUNTOS DE LA CIUDAD PAQUETE # 7

0000000316,338,"DIAGNOSTICO DEL MERCADO DESCARGUE  ESTRELLA AV. MIGUEL ALEMAN CALLES LEONA VICARIO  Y AMORES,  COLONIA "
0000000317,343, REHABILITACION DEL AREA DEPORTIVA UBICADA EN LA CALLE ALBERTO F. DANIEL DE LA COLONIA SANTA MARIA DE CEMENTOS
0000000318,342,REHABILITACION DEL AREA DEPORTIVA ENTRE EL AND. GRUPO INSURGENTES Y AV. GUTY CARDENAS EN LA COLONIA UNIDAD HABITACIONAL MIGUEL HIDALGO 
0000000319,344,"PLAN INTEGRAL DE MOVILIDAD URBANA SUSTENTABLE DE LEON, GUANAJUATO (PIMUS LEON)
"
0000000322,10367,"PROYECTO  EJECUTIVO DE LA PAVIMENTACION DE LA CALLE SENDERO OLMECA. TRAMO : DE SENDERO MEXICA A AÑORANZA, COLONIA ARBOLEDAS DE SAN PEDRO 
"
0000000325,10359,"PROYECTO CALLE: JEREZ DE JALON, TRAMO: BLVD. DELTA A JEREZ DE LANZAROTE COL. VALLE DE JEREZ. "
0000000326,10370,"REMODELACIÓN   DE LA UNIDAD DEPORTIVA ENRIQUE FERNANDEZ MARTINEZ (MODULO DE BAÑOS, VESTIDORES, ALUMBRADO EXTERIOR Y OBRAS  COMPLEMENTARIAS) 1 RA. ETAPA,  CON ALCANCES DE EJECUCIÓN DE DRENAJE  BLUVIAL   EN ESTACIONAMIENTO. 
"
0000000327,10347,"CALENTADORES SOLARES EN LAS COLONIAS: LOMAS DE MEDINA, MARAVILLAS 1a SECCION, MARAVILLAS 2a SECCION, MEDINA, PRESIDENTES DE MEXICO, REVOLUCION, SAN FELIPE DE JESUS, ENTRE OTRAS.
"
0000000328,10348,"CALENTADORES SOLARES EN LAS COLONIAS: BALCONES DE LA JOYA, CAMINOS A SAN JUAN, EL RENACIMIENTO (MI ESPERANZA), ESTANCIA DE LA JOYA, LA JOYA (EJIDO), MINERAL DE LA JOYA, MONTAÑA DEL SOL, PASEOS DE LA JOYA, SAUCILLO DE LA JOYA, VALLE DE SAN PEDRO DE LA JOYA I SECCION, VALLE DE SAN PEDRO DE LA JOYA II SECCION, ENTRE OTRAS
"
0000000329,10352,"CALENTADORES SOLARES EN LAS COLONIAS: CERRITO DE LA JOYA I Y II, LA PERLITA, LOMAS DE LA PAZ, LOMAS DE LA PAZ II, LOMAS DE LA PAZ III, LOMAS DE MONSERRAT, LOMAS DEL SOL, MAPAZ, MINERAL III, MISION Y TORRES, PARAISO II, PEDREGAL DEL SOL, PEDREGAL DEL SOL II, REAL 2000, RIVERA DE LA JOYA, RUBI, VILLAREAL, ENTRE OTRAS
"
0000000330,10345,CALENTADORES SOLARES EN LAS COLONIAS: PILETAS I Y II ENTRE OTRAS

0000000331,10349,"CALENTADORES SOLARES EN LAS COLONIAS AGUA AZUL,  ARBOLEDASDE SAN JOSE, ARBOLEDAS DE   SEÑORA, AZTECA, BOSQUES DE LA PRADERA, CERRITO DE JEREZ, COLINAS DE SANTA JULIA, DELTA 2000, EL GRANJENO,  GRANJAS  MARIA DOLORES, HACIENDA LOS OTATES, JARDINES DE JEREZ, JARDINES DE LA  PRADERA,  JARDINES DE SAN JUAN, JESUS  DE NAZARETH,  LA GARITA, LA MOREÑA, LA NORIA, LAS VILLAS,  LOMAS DE JEREZ, LOS HEROES DE LEON,  MARIA DOLORES, MARSOL I , ORIENTAL, PARQUES DEL SUR, PASEOS DEL MOLINO, REAL  DE JEREZ, ROTARIO, SAN FRANCISCO, SAN JOSE EL ALTO, SANTA MARIA DEL GRANJENO, TORRE MOLINO, VALLE DE LA LUZ, VALLE  DELTA, VALLE  REAL,  VILLAS DE LEON,  VILLAS DE NUESTRA SEÑORA DE LA LUZ, VILLAS DE SAN JUAN, VILLAS DE SANTA JULIA ENTRE OTRAS. 
"
0000000332,10346,"CALENTADORES SOLARES EN LAS COLONIAS: ARBOLEDAS DEL CAMPO, DESARROLLO EL POTRERO, EL CARMEN CTM, EL ROSARIO, MARSOL 1 NUEVO AMANECER, VALLE DE LA LUZ, ENTRE OTRAS
"
0000000333,10351,"CALENTADORES SOLARES EN LAS COLONIAS: CAMPESTRE DE JEREZ, ESPERANZA DE JEREZ, JESUS MARIA, LAS TORRES, MARIA DE LA LUZ, POPULAR GUADALAJARA, POPULAR POLANCO, SAN JUAN BAUTISTA, UNION OBRERA, VALLE DE JEREZ, VALLE DE JEREZ II SECCION, VILLAS SANTA TERESITA, ENTRE OTRAS
"
0000000334,10355,"CALENTADORES SOLARES EN LAS COLONIAS : VALLE  AZUL, VALLE DE LAS AVES, VALLE DE LAS FLORES, AMPLIACIÓN SAN FRANCISCO, BRISAS  DE SAN FRANCISCO, EL ROTARIO, VALLE DE LA LUZ, DIEZ DE MAYO, BALCONES DE JEREZ, LA GLORIA, VALLE DE SAN JOSE ENTRE OTRAS. 
"
0000000335,10357,"PAVIMENTACION DE LA CALLE CERRO DE SANGANGUEY TRAMO DE CERRO DE LA BUFA A JEREZ DE CARTAGENA, COLONIA CERRITO DE JEREZ, LEON GTO
"
0000000336,10358,LABORATORIO VERIFICADOR 2018 PAQUETE 7

0000000337,10360,PROYECTO EJECUTIVO DE LA CALLE VALLE DE SANTA ISABEL TRAMO: VIA DE LOS GIRASOLES A VALLE DE LA PURISIMA CONCEPCION COLONIA VALLE DE LA LUZ II
0000000338,10361,"PROYECTO EJECUTIVO DE LA CALLE CARDENALES DE SAN LUIS TRAMO: VAQUEROS DE DALLAS A CARGADORES DE SAN DIEGO, COL. DEPORTIVA II;"
0000000339,10362,PROYECTO EJECUTIVO DE LA CALLE PEÑAROL TRAMO: BOTAFOGO A REAL MADRID COLONIA: DEPORTIVA II; 
0000000340,10363,PROYECTO EJECUTIVO DE LA CALLE SERAFINES DE LOS ANGELES TRAMO: BLVD. VASCO DE QUIROGA A ORIOLES COLONIA: DEPORTIVA II
0000000341,10364,"PROYECTO EJECUTIVO DE LA CALLE PEÑAS ALTAS, TRAMO: LA RESERVA A TERNA COLONIA: EJIDO DE LA JOYA, LEON GUANAJUATO"
0000000342,10353,"CALENTADORES SOLARES EN LAS COLONIAS: PILETAS III Y IV, ENTRE OTRAS
"
0000000343,10365,"PROYECTO EJECUTIVO  DE LA PAVIMENTACIÓN  DE LA CALLE   ESTILO,  TRAMO  DE ESTIGMA  A BLVD. RIO MAYO  COLONIA  ARBOLEDAS DE SAN HILARIÓN. 
"
0000000344,10366,"PROYECTO EJECUTIVO DE LA PAVIMENTACION DE LA CALLE ALBUMEN. TRAMO : DE ESTIGMA A BLVD. RIO MAYO, COLONIA ARBOLEDAS DE SAN HILARION. 
"
0000000345,10344,"CALENTADORES SOLARES EN LAS COLONIAS: LAS AMALIAS, MORELOS (EL GUAJE) SAN JOSE DE CEMENTOS, SANTA MARIA DE CEMENTOS, VENCEDOR
"
0000000346,10350,"CALENTADORES SOLARES EN LAS COLONIAS. AMPLIACION LEON I, AMPLIACION MEDINA, ANGELES Y MEDINA, BENITO JUAREZ, ENTRE OTRAS.
"
0000000347,10354,"CALENTADORES SOLARES EN LAS COLONIAS: EL  RECUERDO, LA PISCNA, LUCITA BETANIA, PORTONES DE SAN JACINTO, VALLE DE LOS MILAGROS, ENTRE  OTRAS. 
"
0000000348,10356,"MEJORAMIENTO DE VIVIENDA RURAL, CONSTRUCCION DE TECHO DIGNO EN LAS COMUNIDADES DE MESA DE MEDINA, NARANJOS, SAN JOSE DEL MALPASO, LAGUNILLAS, REFUGIO DE ROSAS, PATIÑA, SAN ANTONIO DE PADUA, LEON, GUANAJUATO.
"
0000000349,10369,"MEJORAMIENTO DE VIVIENDA RURAL, CONSTRUCCION DE TECHO DIGNO EN LAS COMUNIDADES DE SAN PEDRO DEL MONTE, SANTA ROSA PLAN DE AYALA, SAN JOSE DE LOS SAPOS, LA SANDIA, MIGUEL HIDALGO I, SAN JUAN DE OTATES, LOS SAUCES
"
0000000350,10371,CONSTRUCCIÓN Y EQUIPAMIENTO DE UNA SALA DE TITULACIÓN EN EL INSTITUTO TECNOLÓGICO DE LEÓN GUANAJUATO

0000000351,10374,CONSTRUCCIÓN DE LOSAS DE CONCRETO  EN LOS ESPACIOS DE LAS COLONIAS: REAL DE JEREZ
0000000352,10375," CONSTRUCCIÓN DE LOSAS DE CONCRETO  EN LOS ESPACIOS DE LAS COLONIAS : PARQUES DEL SUR II, 
"
0000000353,10377,CONSTRUCCIÓN DE LOSAS DE CONCRETO  EN LOS ESPACIOS DE LAS COLONIAS : PARQUES DE LA PRADERA
0000000354,10378,CONSTRUCCIÓN DE LOSAS DE CONCRETO  EN LOS ESPACIOS DE LAS COLONIAS 
: LA MOREÑA
0000000355,10379,CONSTRUCCIÓN DE LOSAS DE CONCRETO  EN LOS ESPACIOS DE LAS COLONIAS : HACIENDAS DE SAN JOSÉ
0000000356,10381,CONSTRUCCIÓN DE LOSAS DE CONCRETO  EN LOS ESPACIOS DE LAS COLONIAS : VALLE DE LOS PINOS 
0000000357,10382,CONSTRUCCIÓN DE LOSAS DE CONCRETO  EN LOS ESPACIOS DE LAS COLONIAS : MEZQUITAL DE JEREZ
0000000358,10383,CONSTRUCCIÓN DE LOSAS DE CONCRETO  EN LOS ESPACIOS DE LAS COLONIAS: VALLE DE SAN NICOLAS 
0000000359,10384,CONSTRUCCIÓN DE LOSAS DE CONCRETO  EN LOS ESPACIOS DE LAS COLONIAS: VALLE DE LOS CASTILLOS 
0000000360,10385,CONSTRUCCIÓN DE LOSAS DE CONCRETO  EN LOS ESPACIOS DE LAS COLONIAS: VALLE DEL REAL
0000000361,10386,CONSTRUCCIÓN DE LOSAS DE CONCRETO  EN LOS ESPACIOS DE LAS COLONIAS: REFUGIO DE SAN JOSÉ 
0000000362,10387,CONSTRUCCIÓN DE LOSAS DE CONCRETO  EN LOS ESPACIOS DE LAS COLONIAS: VALLE DEL REAL III
0000000363,10389,"REHABILITACIÓN DE ESPACIO PÚBLICO EN LA COLONIA ""PASEOS DE LA CIMA"" EN CALLE PASEOS  DEL ORIEN LEÓN, GUANAJUATO. "
0000000364,10390,"REHABILITACIÓN   DE ESPACIO PUBLICO EN LA COLONIA SAUCILLOS DE LA JOYA ENTRE CALLE PASCAL-KANT Y CALLE PLATÓN LEÓN, GUANAJUATO"
0000000365,10392,CONSTRUCCIÓN DE LOSAS  DE CONCRETO  EN LOS ESPACIOS DE LAS COLONIAS : BALCONES DE LA PRESA I 
0000000366,10393,CONSTRUCCIÓN DE LOSAS  DE CONCRETO  EN LOS ESPACIOS DE LAS COLONIAS : PISCINA SUR 
0000000367,10394,CONSTRUCCIÓN DE LOSAS  DE CONCRETO  EN LOS ESPACIOS DE LAS COLONIAS: VILLA OLIMPICA 
0000000368,10395,CONSTRUCCIÓN DE LOSAS  DE CONCRETO  EN LOS ESPACIOS DE LAS COLONIAS: VILLAS DE SANTA JULIA ORIENTE
0000000369,10396,CONSTRUCCIÓN DE LOSAS  DE CONCRETO  EN LOS ESPACIOS DE LAS COLONIAS : JARDINES DEL BOSQUE 
0000000370,10397,CONSTRUCCIÓN DE LOSAS  DE CONCRETO  EN LOS ESPACIOS DE LAS COLONIAS : VILLAS DE LA  PRESA 
0000000371,10398,CONSTRUCCIÓN DE LOSAS  DE CONCRETO  EN LOS ESPACIOS DE LAS COLONIAS : VALLE DE SEÑORA
0000000372,10399,CONSTRUCCIÓN DE LOSAS  DE CONCRETO  EN LOS ESPACIOS DE LAS COLONIAS : BRISAS DEL CAMPESTRE 
0000000373,10400,CONSTRUCCIÓN DE LOSAS  DE CONCRETO  EN LOS ESPACIOS DE LAS COLONIAS : LOS LAURELES 
0000000374,10401,CONSTRUCCIÓN DE LOSAS  DE CONCRETO  EN LOS ESPACIOS DE LAS COLONIAS : PASEOS DE LA CIMA 
0000000375,10402,CONSTRUCCIÓN DE LOSAS  DE CONCRETO  EN LOS ESPACIOS DE LAS COLONIAS : JOYAS DE  CASTILLA 
0000000376,10403,CONSTRUCCIÓN DE LOSAS  DE CONCRETO  EN LOS ESPACIOS DE LAS COLONIAS : SOLIDARIDAD LEONESA (PEDREGAL)
0000000377,10404,CONSTRUCCIÓN DE LOSAS  DE CONCRETO  EN LOS ESPACIOS DE LAS COLONIAS : SAN MIGUEL  RENTERIA 
0000000378,10405,CONSTRUCCIÓN DE LOSAS  DE CONCRETO  EN LOS ESPACIOS DE LAS COLONIAS : PRESITAS DEL CONSUELO 
0000000379,10406,CONSTRUCCIÓN DE LOSAS  DE CONCRETO  EN LOS ESPACIOS DE LAS COLONIAS : LOMAS DE MEDINA 
0000000380,10407,CONSTRUCCIÓN DE LOSAS  DE CONCRETO  EN LOS ESPACIOS DE LAS COLONIAS : UNIDAD OBRERA 
0000000381,10408,CONSTRUCCIÓN DE LOSAS  DE CONCRETO  EN LOS ESPACIOS DE LAS COLONIAS : ALAMEDA  LA PRESA
0000000382,10391,"CALENTADORES SOLARES EN LAS COLONIAS :RIVERA DE LOS CASTILLOS, SAN ISIDRO AZTECA, SAN ISIDRO LABRADOR, SAN JAVIER SAN NICOLAS DEL  PALOTE, VALLE HERMOSO, ENTRE OTRAS. 
"
0000000383,10426,"REHABILITACION DEL AREA DEPORTIVA UBICADA EN LA CALLE GARCETA, DE LA COLONIA SAN IGNACIO
"
0000000384,10438,REHABILIATACIÓN  AL RETORNO  ACCESO A PARQUE  INDUSTRIAL  COLINAS  DE LEÓN  GTO. 

0000000385,10431,"RE FORESTACIÓN, EN VARIOS  ESPACIOS   PÚBLICOS COMO PARTE DE LA COMPENSACIÓN DEL SIT. 
"
0000000387,10429,"REHABILITACIÓN  DEL ESPACIO PUBLICO  EN LA COLONIA “FRACCIONES SANTA JULIA “  ENTRE CALLE  DEL TORBELLINO Y CALLE  ANDADOR DEL TAJO, LEON  GUANAJUATO"
0000000390,10434,"CALENTADOR SOLAR DE ACERO INOXIDABLE DE 12 TUBOS Y TANQUE DE 150 LTS. EN LAS COLONIAS: ERMITA, LEON I, SAN JUAN BOSCO (VISTA HERMOSA)
"
0000000391,10436,"CALENTADORES SOLARES  EN LA COLONIAS: CAÑADA DE ALFARO,EL PEÑON, ERMITA DE IBARRILLA, HACIENDA DE  IBARRIBA, HACIENDA DE  IBARRIBA II,HUERTAS DE MEDINA HUERTAS DE MEDINA II,  JARDINES DE LOMAS DE MEDINA, LA NOPALERA, LINARES  
"
0000000392,10428," REHABILITACIÓN  DEL ESPACIO PÚBLICO  EN LA COLONIA “FRACCIONES DE SAN JUAN BAUTISTA”, ENTRE CALLE HACIENDA  TABOADA Y EPSILÓN, LEON GUANAJUATO."
0000000393,10430,"PAVIMENTACION DE LA CALLE CHINCHON, TRAMO: CAD 0+120.00 A CALLE MURCIA, COL. PILETAS IV
"
0000000394,10437,INFRAESTRUCTURA SOCIAL EN PLAZA COMUNITARIA DELTA 2000 EN EL MUNICIPIO DE LEÓN GUANAJUATO

0000000395,10433,"CALENTADOR SOLAR DE ACERO INOXIDABLE DE 12 TUBOS Y TANQUE DE 150 LTS. EN LAS COLONIAS. PERIODISTAS MEXICANOS, SAN MARCOS, CAMPO VERDE, MONTE CRISTO, BETANIA
"
0000000396,10439,"CALENTADORES SOLARES EN LAS COLONIAS : ADQUIRIENTES DE IBARRILLA, ARBOLEDAS DE LOS CASTILLOS, CAÑON DE LA INDIA, CASTILLOS VIEJOS, EL PEDREGAL, LA INDIA, LOMAS DE GUADALUPE, LOMAS DE LOS CASTILLOS, LOS CASTILLOS, NUEVO LEÓN, PASO DEL RIO DE LOS CASTILLOS, RIVERA DE LA PRESA ENTRE OTRAS. 
"
0000000397,10440,"CALENTADORES SOLARES EN LAS COLONIAS : 11 DE JUNIO, BRISAS DEL VERGEL, HACIENDAS DE GUADALUPE , SAN PABLO, SANTA  MAGDALENA, UNIDAD Y ESFUER POPULAR, UNION COMUNITARIA DE LEÓN, VALLE DE SAN BERNARDO, ENTRE OTRAS 
"
0000000398,10427,"REHABILITACIÓN  DEL ESPACIO PUBLICO  EN LA COLONIA “FRACCIONAMIENTO VALLE DEL REAL”, ENTRE  CALLE VALLE  DEL DESVAN  Y CALLE REAL DE VICTORIA, LEON  GUANAJUATO. "
0000000399,10435,"CALENTADOR SOLAR DE ACERO INOXIDABLE DE 12 TUBOS Y TANQUE DE 150 LTS. EN LAS COLONIAS: 10 DE MAYO, SAN JUAN DE ABAJO, LOMAS DE JEREZ, EL CASTILLO, REFUGIO DE SAN JOSE, VALLE DE SAN JOSE, BALCONES DE JEREZ, ARBOLEDAS DEL REFUGIO, LA GLORIA
"
0000000400,10447,"REHABILITACIÓN  DEL ESPACIO PUBLICO  EN LA COLONIA “FRACCIONES SANTA JULIA “  ENTRE CALLE  DEL TORBELLINO Y CALLE  ANDADOR DEL TAJO, LEON  GUANAJUATO"
0000000402,10445,"REHABILITACIÓN  DEL ESPACIO PUBLICO  EN LA COLONIA “FRACCIONAMIENTO VALLE DEL REAL”, ENTRE  CALLE VALLE  DEL DESVAN  Y CALLE REAL DE VICTORIA, LEON  GUANAJUATO."
0000000403,339,"PROYECTO EJECUTIVO COMERCIAL  ALLENDE EN LEÓN, GUANAJUATO CALLE IGNACIO LOPEZ RAYOÓN ESQUINA CON AV. 27 DE SEPTIEMPBRE  COL. OBREGÓN "
0000000404,10446,"REHABILITACIÓN  DEL ESPACIO PÚBLICO  EN LA COLONIA “FRACCIONES DE SAN JUAN BAUTISTA”, ENTRE CALLE HACIENDA  TABOADA Y EPSILÓN, LEON GUANAJUATO."
0000000405,10441,"PROYECTO EJECUTIVO DE LA CALLE CARDENALES DE SAN LUIS TRAMO: VAQUEROS DE DALLAS A CARGADORES DE SAN DIEGO, COL. DEPORTIVA II;"
0000000406,10442,PROYECTO EJECUTIVO DE LA CALLE PEÑAROL TRAMO: BOTAFOGO A REAL MADRID COLONIA: DEPORTIVA II; 
0000000407,10443,PROYECTO EJECUTIVO DE LA CALLE SERAFINES DE LOS ANGELES TRAMO: BLVD. VASCO DE QUIROGA A ORIOLES COLONIA: DEPORTIVA II
0000000408,10444,"PROYECTO EJECUTIVO DE LA CALLE PEÑAS ALTAS, TRAMO: LA RESERVA A TERNA COLONIA: EJIDO DE LA JOYA, LEON GUANAJUATO"
0000000409,20446,"CALENTADORES SOLARES EN LAS COLONIAS :AMPLIACIÓN MESITAS DEL CONSUELO, EL CONSUELO 8VA FRACCIÓN, EL VALLADITO, LAS PRESITAS,  PALENQUE DE IBARRILLA, ENTRE OTRAS 
"
0000000410,20466,PROYECTO  CALLE : HOLANDA TRAMO: Lago de Chapala a Holanda UBICACIÓN: COL. LOS PARAISOS

0000000411,20442,"PROYECTO CALLE: CALZADA DE LOS PARAISOS, TRAMO LAGO DE  CHAPALA  A CALZADA DE LOS PARAISOS  UBICACIÓN: COL. LOS PARAISOS 
"
0000000412,20457,PAVIMENTACIÓN DE LA CALLE AV. RODOLFO PADILLA (MEDIO CUERPO) TRAMO: AV. BLVD. VICENTE VALTIERRA A ARROYO  ALFARO COL. SAN PEDRO PLUS 

0000000414,20458,"REHABILITACION DE SANITARIOS EN LA TELESECUNDARIA NUM. 902 CCT11ETV0902Q, DE LA COMUNIDAD DE SAN JUAN DE ABAJO
"
0000000415,20459,"REHABILITACION DE SANITARIOS EN LA PRIMARIA NICOLAS RANGEL, CCT11EPR0213D, COLONIA CENTRO."
0000000417,20460,REHABILITACION DE SANITARIOS EN EL PREESCOLAR FRANCISCO LEAL CCT11DJN0269Q EN LA COLONIA ORIENTAL
0000000418,20445,PROYECTO DE CUBIERTA PARA EL ESTACIONAMIENTO EN LAS INSTALACIONES DE LA ASOCIACIÓN  MEXICANA DE MUJERES   EMPRESARIAS CAPITULO LEÓN;  LEÓN  GTO. 

0000000419,20461,"PROYECTO: CALLE CENIT, TRAMO: DEL RENACIMIENTO A BLVD. SAN NICOLAS COL. MEZQUITAL DEL CARMEN"
0000000420,20462,"PROYECTO: PUENTE PEATONAL SANTA LOURDES Y ARROYO ALFARO TRAMO: INTERSECCION ARROYO ALFARO-SANTA LOURDES, COL. SAN PEDRO PLUS"
0000000421,20451,"REHABILITACION DE MODULO SANITARIO EN PRIMARIA LIC. ADOLFO LOPEZ MATEOS, CCT11DPR2653P, DOMICILIO PROLONGACION LA MERCED NO. 1606, COLONIA SANTA RITA; REHABILITACION DE MODULO SANITARIO EN LA TELESECUNDARIA  NO. # 765 CCT11ETV0766C, DOMICILIO AV. DEL AGRICULTOR S/N COL. SAN ISIDRO LABRADOR Y REHABILITACION DE MODULO SANITARIO EN LA PRIMARIA SOR JUANA INES DE LA CRUZ, CCT11ETV0766C, DOMICILIO AV. AGRICULTOR S/N, COMUNIDAD SAN JOSE DE DURAN
"
0000000422,20449,"CONSTRUCCIÓN DE TECHADO  21.4 X 34.5 EN EL ÁREA  DEPORTIVA EN LA PRIMARIA  VICENTE GUERRERO, CCT 11DPR3522D EN LA COMUNIDAD  DE EJIDO POMPA 
"
0000000423,20450,"CONSTRUCCION DE BARDA PERIMETRAL EN LA PRIMARIA ENSEÑA PATRIA CCT11DPR2091Y, DE LA COLONIA SANTA RITA DE LOS NARANJOS
"
0000000424,20463,"TECHO DIGNO URBANO, EN LAS COLONIAS: CAÑON DE LA INDIA,  EL CASTILLO, PILETAS, PILETAS II SECCIÓN , PILETAS III, PILETAS IV SECCIÓN, SAN ISIDRO LABRADOR, SAN JUAN BOSCO (VISTA  HERMOSA ) CAÑADA DE ALFARO, EL CARMEN  CTM, ENTRE OTRAS 
"
0000000425,20464,"TECHO DIGNO URBANO, EN LAS COLONIAS: EL PEÑON, EL VALLDITO I Y II, LA ESCONDIDA  DE LA SELVA, LAS PRESITAS, LOMAS DE MEDINA,  MARAVILLAS I, MESITAS  DEL CONSUELO. PRESITAS DEL CONSUELO, ENTRO OTRAS"
0000000426,20465,"TECHO DIGNO URBANO, EN LAS COLONIAS: CENTRO FAMILIAR SOLEDAD, COLINAS DE LA HACIENDA, EL PARAISO, EL PARAISO II SECCIÓN, EL RENACIMIENTO (MI ESPERANZA) PERIODISTAS MEXICANOS (J. LOPEZ) PORTONES DE SAN  JACINTO , LIBERTAD, ENTRE OTRAS. 
"
0000000427,20467,"TECHO DIGNO URBANO, EN LAS COLONIAS: PIEDRA AZUL I Y II, SAN CARLOS LA RONCHA, SAN JOSE DEL CLAVEL,VALLE DE LA LUZ, VALLE DE LAS AVES, CIUDAD SATELITE, MEDINA, ENTRE OTRAS "
0000000428,20448,REHABILITACION DEL BLVD. MARIANO ESCOBEDO; TRAMO: DEL PUENTE DE INTERSECCION A AV. MIGUEL ALEMAN Y REHABILITACION DE MARIANO ESCOBEDO; TRAMO: AV. TEPEYAC A BLVD. AMERICAS

0000000429,20456,"PROYECTO CALLE: AURORA BOREAL, TRAMO: POTRERO DE CORPUS A DELTA, UBICACIÓN: COLONIA NUEVO AMANECER, LEON GUANAJUATO
"
0000000430,20447,DESMONTAJE DE VIGAS TIPO BALLENA DEL PUENTE EN EL PARQUE LOS CARCAMOS

0000000431,20468,"CUARTO DORMITORIO DE 4 X 3 MTS. MURO DE TABIQUE  A BASE DE VIGUETA Y BOVEDILLA EN LAS COLONIAS ARBOLEDAS DE LOS CASTILLOS, CASTILLOS VIEJOS, PILETAS II, PILETAS III,RIVERA DE LA  PRESA, SAN ISIDRO LABRADOR, EL CUARENTEÑO , SAN ISDRO  AZTECA, DESARROLLO EL POTRERO, ENGTRE OTRAS. 
"
0000000432,20469,"CUARTO DORMITORIO DE 4 X 3 MTS. MURO DE TABIQUE  A BASE DE VIGUETA Y BOVEDILLA EN LAS COLONIA:LOMAS DE  MEDINA, PRESIDENTES DE MEXICO, VALLE DE SAN BERNARDO, VALLE DEL  CONSUELO, VALLE  DEL CONSUELO II, EL VALLADITO I Y II, LAS PRESITAS, LEON I AMPLIACIÓN, ENTRE OTRAS
"
0000000433,20470,"CUARTO DORMITORIO DE 4 X 3 MTS. MURO DE TABIQUE  A BASE DE VIGUETA Y BOVEDILLA EN LAS COLONIA: MINERAL DE LA JOYA, NUEVA ERMITA, PERIODISTAS MEXICANOS, VALLE DE LOS MILAGROS, ENTRE OTRAS. 
"
0000000434,20471,"CUARTO DORMITORIO DE 4 X 3 MTS. MURO DE TABIQUE  A BASE DE VIGUETA Y BOVEDILLA EN LAS COLONIA: AMPLIACIÓN SAN FRANCISCO,  ARBOLEDAS DE SAN HILARIÓN, ARBOLEDAS DEL REFUGIO, DIEZ DE MAYO, EL ROTARIO, LIBERTAD, POPULAR, POLANCO, ENTRE OTRAS. 
"
0000000435,20472,"CUARTO DORMITORIO DE 4 X 3 MTS. MURO DE TABIQUE  A BASE DE VIGUETA Y BOVEDILLA EN LAS COLONIA: LOURDES,REFUGIO DE SAN JOSE,  SAN CARLOS  LA RONCHA, SAN FRANCISCO DE ASIS,  VALLE AZUL,  VALLE DE LAS AVES, ENTRE OTRAS. 
"
0000000436,20473,"CUARTO DORMITORIO DE 4 X 3 MTS. MURO DE TABIQUE  A BASE DE VIGUETA Y BOVEDILLA EN LAS COLONIA: VALLE DE LAS FLORES, VALLE DE SAN JOSE, VALLE DEL MAGUEY, POPULAR  GUADALAJARA, AQUIRIENTES DE IBARRILLA, ARBOLEDAS DE  LOS CASTILLOS ENTRE OTRAS. 
"
0000000437,20479,"CUARTO DORMITORIO DE 4 X 3 MTS. MURO DE TABIQUE  A BASE DE VIGUETA Y BOVEDILLA EN LAS COLONIA: ANAYA, LOS ANGELES, BRISAS DE SAN FRANCISCO, CAÑON DE LA INDIA , COLINAS DE LA FRAGUA, EL PEÑON, EL CASTILLO, ENTRE OTRAS. 
"
0000000438,20474,"CUARTO DORMITORIO DE 4 X 3 MTS. MURO DE TABIQUE  A BASE DE VIGUETA Y BOVEDILLA EN LAS COLONIA: ROTARIO, HACIENDAS DE IBARRILLA , JESUS DE NAZARETH, LA ESMERALDA, ENTRE OTRAS. 
"
0000000439,20475,"CUARTO DORMITORIO DE 4 X 3 MTS. MURO DE TABIQUE  A BASE DE VIGUETA Y BOVEDILLA EN LAS COLONIA: LOMAS DE GUDALUPE, LOMAS DE LOS CASTILLOS, LOS CASTILLOS, MONTAÑAS DEL SOL, NUEVO LEON, PASO DEL RIO, CASTILLOS, PILETAS II, PRADERAS  DEL SOL, ENTRE OTRAS. 
"
0000000440,20476,"CUARTO DORMITORIO DE 4 X 3 MTS. MURO DE TABIQUE  A BASE DE VIGUETA Y BOVEDILLA EN LAS COLONIA: REAL DE LA JOYA, RIBERA DE LOS CASTILLO, RIBERA DEL RIO, SAN JUAN BAUTISTA, SAN JUAN BOSCO, SAN PEDRO DE LOS HERNANDEZ, UYEPAC, ENTRE OTRAS. 
"
0000000441,20477,"CUARTO DORMITORIO DE 4 X 3 MTS. MURO DE TABIQUE  A BASE DE VIGUETA Y BOVEDILLA EN LAS COLONIA: VALLE DE LA LUZ, VALLE DE SAN BERNARDO, VALLE DE HERMOSO, MEDINA, REVOLUCIÓN, MARAVILLAS, MORELOS, BRISAS DEL VERGEL, ENTRE OTRAS. 
"
0000000442,20478,"CUARTO DORMITORIO DE 4 X 3 MTS. MURO DE TABIQUE  A BASE DE VIGUETA Y BOVEDILLA EN LAS COLONIA: ARTICULO CUARTO CONSTITUCIONAL, CENTRO FAMILIAR LA SOLEDAD DE LA JOYA, COLINAS DE LA HACIENDA, HORIZONTE AZUL,  PORTONES DE SAN JACINTO, SANTA MARIA DE CEMENTOS, ENTRE  OTRAS. 
"
0000000443,20480,PROYECTO CALLE: ITZA  TRAMO: TOPAR LADO SUR-TEOTENANGO (antes Monte Albá) + 95.10 M COLONIA EL POCHOTE.
0000000444,20443,"PROYECTO  EJECUTIVO DE RESTAURACIÓN DEL ARCHIVO  HISTÓRICO   MUNICIPAL  CALLE JUSTO SIERRA-ANTIGUA  EX-CARCEL  DE MUJERES  ZONA CENTRO,  LEON, GTO. 
"
0000000446,20481,PROYECTO CALLE: TEOTENANGO (antes Monte Albán) TRAMO: CUICUILCO-TOPAR COLONIA POPULAR MAYA.

0000000448,20453,"
CONSTRUCCION DE SANITARIO ALTERNO AISLADO EN EL JARDIN DE NIÑOS PABLO MONTESINOS, CCT11DJN4110T, EN LA COMUNIDAD DE SAN JOSE DE DURAN; "
0000000449,20454,"CONSTRUCCION DE AULA TRADICIONAL ADOSADA 6.0 X 8.0 MTS. EN EL JARDIN DE NIÑOS IGNACIO GARCIA TELLEZ, CCT11DJN4510P, EN LA COLONIA LOMAS DEL MIRADOR "
0000000450,20455,"CONSTRUCCION DE AULA ADOSADA 2.0 E.E. RU-1C (DIRECCION) EN PLANTA BAJA, EN LA PRIMARIA SOSTENES LIRA, CCT11DPR3736E, EN LA COLONIA PERIODISTAS DE MEXICO"
0000000451,20489,"CONSTRUCCION DE  AULA  ADOSADA  2.0 E.E. RU-1C (DIRECCION ) EN PLANTA  BAJA,  EN LA PRIMARIA  SOSTENES  LIRA, CCT11DPR3736E,EN LA COLONIA PERIODISTAS DE MEXICO. 
"
0000000452,20483,"PROYECTO CALLE: MORERA, TRAMO: CUENCA FLORIDA A ALISO, UBICACIÓN: COLONIA VALLE HERMOSO I Y II SECCION"
0000000453,20482,"PROYECTO DE LA PAVIMENTACION DE LA CALLE MURCIA, TRAMO DE CARBON A IZTACCIHUATL (TOPAR ARROYO) COL. PILETAS IV LEON GUANAJUATO
"
0000000454,20484,"PROYECTO CALLE: VILLA RICA, TRAMO: RIVERA AZUL A TORITOS UBICACIÓN VALLE HERMOSO LEON GUANAJUATO"
0000000455,258,REHABILITACIÓN DEL ESPACIO PÚBLICO EN LA COLONIA PUEBLO NUEVO CALLE FRAY DANIEL MIRELES 

0000000456,20488,"PAVIMENTACIÓN DE LA CALLE AUTLAN TRAMO: DE PAV. EXISTENTE OTE. A PAV. EXISTENTE PTE. COLONIA SAN AGUSTÍN, LEÓN GTO

"
0000000457,20492,"CALENTADORES SOLARES EN LAS COLONIAS: CAÑADA DE ALFARO, EL PEÑON, ERMITA DE IBARRILLA, HACIENDA DE IBARRILLA I, HACIENDA DE IBARRILLA II, HUERTAS DE MEDINA I, HUERTAS DE MEDINA II, JARDINES DE LOMAS DE MEDINA, LANOPALERA, LINARES, ENTRE OTRAS
"
0000000458,20499,PROYECTO EJECUTIVO DE REHABILITACION DE ESTACIONAMIENTO Y PLAZA FUNDADORES LEON GUANAJUATO

0000000459,20487,HABILITADO DE AREA DE TRABAJO PARA LIMPIEZA DE LEON DE BRONCE EN MONUMENTO DE ARCO DE LA CALZADA

0000000461,20501,"PROYECTO ESTRUCTURAL DEL MERCADO LA LUZ ENTRE CALLES LA LUZ Y ESPAÑITA, COLONIA  EL COECILLO, LEÓN GUANAJUATO.
"
0000000462,20486,PAVIMENTACION DE LA CALLE 2DA JEREZ DE MORSA (AHORA JEREZ DE MOSA 2DA) TRAMO: DE BLVD. DELTA A TOPAR CON LADO NORTE EN LA COLONIA VALLE DE JEREZ

0000000463,20496,"PAVIMENTACION DE LA CALLE HAWAI TRAMO: DE LAS ISLAS A ARTURO SOTO RANGEL, COLONIA CIUDAD SATELITE

"
0000000464,20498,"PAVIMENTACION DE LA CALLE RIO AGUA NAVAL, TRAMO: RIO TECOLUTLA A RIO GUANAJUATO, COL. FRACC. SAN MIGUEL INFONAVIT
"
0000000465,20493,"CONSTRUCCION DE UN MODULO 2.0 E.E. RU-2C, PLANTA BAJA 1 DIRECCION Y 3 AULAS, 1 MODULO SANITARIO Y EL CUBO DE ESCALERA; PLANTA ALTA: 3 AULAS, 1 SALON DE USOS MULTIPLES Y EL CUBO DE ESCALERA, EN LA PRIMARIA PLAN DE AYALA CCT11DPR1899B EN LA COMUNIDAD SAN CARLOS LA RONCHA
"
0000000466,20491,"PAVIMENTACION DE LA CALLE CAÑAMO, TRAMO: DE CALLE CUENCA FLORIDA CUENCA ALISO, COLONIA VALLE HERMOSO
"
0000000467,20494,"CONSTRUCCION DE BARDA EN LA PRIMARIA 15 DE SEPTIEMBRE, CCT11EPR0894Z, EN LA COLONIA MARAVILLAS Y CONSTRUCCION DE BARDA PERIMETRAL EN EL JARDIN DE NIÑOS GUSTAVO DIAZ OEDAZ, CCT DJN1098U, DE LA COLONIA LA LIBERTAD
"
0000000468,20500,CONSTRUCCION DE COMEDOR COMUNITARIO EN LA COLONIA PILETAS IV

0000000470,20513,TRABAJOS COMPLEMENTARIOS AL PROYECTO EJECUTIVO DE PUENTE VEHICULAR BARRANCA DE VENADEROS

0000000472,20485,REHABILITACION DEL BLVD. RESTAURADORES FRACC. CIUDAD INDUSTRIAL (2DA. ETAPA) LEON GTO

0000000473,20518,CONSTRUCCION DE  LOSAS    DE  CONCRETO   EN  LOS ESPACIOS  DE LAS  COLONIAS: PROVIDENCIA
0000000474,20519,CONSTRUCCION DE  LOSAS    DE  CONCRETO   EN  LOS ESPACIOS  DE LAS  COLONIAS: ESPERANZA DE JEREZ
0000000475,20520,CONSTRUCCION DE  LOSAS    DE  CONCRETO   EN  LOS ESPACIOS  DE LAS  COLONIAS: BOSQUES
0000000476,20521,CONSTRUCCION DE  LOSAS    DE  CONCRETO   EN  LOS ESPACIOS  DE LAS  COLONIAS:VALLE DE  SAN  JOSÉ
0000000477,20523,CONSTRUCCION DE  LOSAS    DE  CONCRETO   EN  LOS ESPACIOS  DE LAS  COLONIAS: SAUCILLO DE   LA  JOYA
0000000478,20522,CONSTRUCCION DE  LOSAS    DE  CONCRETO   EN  LOS ESPACIOS  DE LAS  COLONIAS: ERMITA
0000000479,20524,CONSTRUCCION DE  LOSAS    DE  CONCRETO   EN  LOS ESPACIOS  DE LAS  COLONIAS: BRISAS   DEL PEDREGAL
0000000480,20514,"REFORESTACIÓN, EN VARIOS ESPACIOS PÚBLICOS COMO PARTE DE LA COMPENSACIÓN DEL SIT
"
0000000481,20509,"CONSTRUCCION DE IMPULSO SOCIAL LOS CASTILLOS, MUNICIPIO DE LEON GTO. PRIMERA ETAPA
"
0000000483,20506,PAVIMENTACION DE LA CALLE TALIA TRAMO: PERSEFONE METIS+ 21MTS COL. ERMITA

0000000484,20505,PROYECTO EJECUTIVO DE RENOVACION DE PARADEROS DE AV. MIGUEL ALEMAN TRAMO: DE BLVD. MARIANO ESCOBEDO A MONUMENTO A LA MADRE SIT OPTIBUS

0000000485,20502,"CONSTRUCCIÓN  DE BARDA EN LA PRIMARIA  15 DE SEPTIEMBRE, CCT11EPR0894Z, EN LA COLONIA  MARAVILLAS. 
"
0000000486,20503,"CONSTRUCCION DE BARDA PERIMETRAL EN EL JARDIN DE NIÑOS GUSTAVO DIAZ ORDAZ, CCT DJN1098U, DE LA COLONIA  LA LIBERTAD 
"
0000000487,20507,PROYECTO CALLE : PRESA  DE SAN JOSE.  TRAMO : PASEO  DE LA PRESA- RIO DE LOS CASTILLOS. UBICACIÓN : RIVERA DE LA PRESA. 

0000000488,20515,CONFINAMIENTO DEL CARRIL EXCLUSIVO DE BLVD. AEROPUERTO Y CONVIVE

0000000489,20510,"PAVIMENTACION DE LA CALLE RIO SOTO LA MARINA, TRAMO: DE RIO TECOLUTLA CAD. 0+000.00 A TOPAR LADO SUR CAD 0+092.00, COL. FRACC. SAN MIGUEL INFONAVIT
"
0000000490,20511,"MEJORAMIENTO DEL SITIO PARQUE LINEAL ARROYO ALFARO, TRAMO DE BOULEVAR VICENTE VALTIERRA A BOULEVAR LA LUZ, LEON, GTO
"
0000000491,20533,"MANTENIMIENTO  PERIODICO DE  ÁREASVERDES EN CAMELLONES,  BANQUETAS, Y ESPACIOS PÚBLICOSDE LEÓN,GTO.
"
0000000492,20534,"MANTENIMIENTO RUTINARIO A LAS AREAS VERDES EN VIALIDADES PRINCIPALES EN LA CIUDAD DE LEON, GTO.
"
0000000494,20536,"MANTENIMIENTO Y RIEGO  DEAREASVERDES EN  DIVERSAS VIALIDADES  Y ESPACIOS DEL MUNICIPIO DE  LEON, GTO.
"
0000000495,20537,MANTENIMIENTO A LAS ÁREAS   VERDES  DE LOS CAMELLONES DEL MUNICIPIO DE LEÓN  GTO.

0000000496,20535,"MANTENIMIENTO DE AREAS VERDES EN CAMELLONES DE DIVERSOS BOULEVARES Y ESPACIOS PUBLICOS DEL MUNICIPIO DE LEON, GTO. 
"
0000000497,20539,"REHABILITACION DE LA CALLE AUREOLA Y VIA CAMPOS OTOÑALES, LEON, GTO.
"
0000000498,20538,"CONSERVACION RUTINARIA DE AREAS VERDES EN CAMELLONES DE LA CIUDAD DE LEON, GTO.
"
0000000499,20530,"REHABILITACIÓNDE CALLES EN LAS COMUNIDADES DE NUEVO LINDERO, "
0000000500,20549,"PROYECTO   ESTRUCTURAL DE  CUBIERTAS DEL MERCADO  DESCARGUE  ESTRELLA  VALLE  AV. MIGUEL  ALEMAN  CON CALLE  LEONA  VICARIO   Y  AMORES  COLONIA OBRERA EN LEÓN, GUANAJUATO              
"
0000000502,20542,"REHABILITACION DEL ESPACIO PUBLICO PARQUE LOMAS DEL SOL II, CALLES LADERA, DEL LLANO Y DEL BAJIO; COL. LOMAS DEL SOL
"
0000000503,20531,"PROYECTO DE AMPLIACIONES Y ADECUACIONES DE ESTACIONES DE TRASFERENCIA DEL SIT, SAN  JERONIMO  SAN JUAN BOSCO  Y DELTA; LEÓN GTO. 
"
0000000504,20544,MANTENIMIENTO  A VIALIDADES NO  PAVIMENTADAS  EN  EL MUNICIPIO DE  LEÓN GTO.

0000000505,20565,"MANTENIMIENTO  A  LOS ESPACIOS NATURALES EN  VIALIDADES  DE LA CIUDAD,  LEÓN GTO.
"
0000000506,20548,"PROYECTO   EJECUTIVO DEL  BLVD.  LA LUZ;  TRAMO:      DEL BLVD.  VICENTE  VALTIERRA A EJE  METROPOLITANO  CIUDAD  DE LEÓN,  GTO. 
"
0000000507,20508,PROYECTO CALLE : CASTILLO DE TURENA. TRAMO: CALLE  CASTILLO DE  BLOIS - ALHAMBRA. UBICACIÓN: VALLE DE LOS  CASTILLOS 

0000000508,20546,"CUARTO DORMITORIO DE 4 X 3 MTS. MURO DE TABIQUE A BASE DE VIGUETA Y BOVEDILLA EN LAS COLONIAS: LATINOAMERICANA, LOURDES, LEON II, RIVERA DEL RIO, SAN ISIDRO DE LAS COLONIAS, SANTA ANA A.C. ENTRE OTRAS.
"
0000000509,20547,"PROYECTO  EJECUTIVO   DEL BLVD.  SAN  NICOLAS  EN  LA  INTERSECCIÓN  CON  EL BLVD.  HACIENDAS   DE  LEÓN  Y AVENIDA OLIMPICA EN LA CIUDAD DE LEÓN, GTO. 
"
0000000510,20525,"REHABILITACION DEL ESPACIO PUBLICO EN LA COLONIA ""FRACC. FRACCIONES DE SAN JUAN BAUTISTA"" ENTRE CALLE HACIENDA JARAL DE BERRIOS, LEON GUANAJUATO "
0000000511,20526,"REHABILITACION DEL ESPACIO PUBLICO EN LA COLONIA ""FRACCIONAMIENTOO JARDINES DE SANTA JULIA Y FRACCIONAMIENTOS VILLAS MARIANA"" ENTRE BLVD. RIO MAYO Y BLVD. PASEO DE JEREZ, LEON, GUANAJUATO"
0000000512,20532,"PROYECTO EJECUTIVO DE REFUERZO ESTRUCTURAL Y MANTENIMIENTO DE EDIFICIO DE OFICINAS Y BARDA PERIMETRAL EN CENTRAL DE ABASTOS, BLVD. HERMANOS ALDAMA CON AUTOPISTA LEON AGUASCALIENTES.
"
0000000513,20527,"REHABILITACION DEL ESPACIO PÚBLICO EN LA COLONIA ""FRACCIONAMIENTO SANTA CECILIA II"", ENTRE CALLE VALLE DOGMA CATOLICO Y CALLE MARCO AURELIO, LEON, GUANAJUATO;"
0000000514,10343,"CALENTADORES SOLARES EN LAS COLONIAS: CENTRO FAMILIAR LA PIEDAD, CENTRO FAMILIAR LA SOLEDAD, COLINA DE LA HACIENDA, CONVIVE, EL YACIMIENTO, FRUTAL DE LA HACIENDA I, FRUTAL DE LA HACIENDA II, HORIZONTE AZUL, NUEVA ERMITA, PARAISO, RIZOS DEL SAUCILLO I Y II, SINARQUISTAS, ENTRE OTRAS.
"
0000000516,20529,"REHABILITACION DEL ESPACIO PÚBLICO EN LA COLONIA ""PASEOS DEL MOLINO"" ENTRE CALLE MOLINO DE LEON Y CIRCUITO MOLINO DE LA MANCHA, LEON, GUANAJUATO"
0000000517,20528,"REHABILITACION DEL ESPACIO PÚBLICO EN LA COLONIA ""FRACCIONES DE SANTA JULIA"" ENTRE CALLE DE LA CAMPIÑA Y AV. OLIMPICA, DE LEON, GUANAJUATO "
0000000518,20561,REFORZAMIENTO DE VIVIENDAS POR MOVIMIENTO SISMICOS EN LA COMUNIDAD  DE  BARRETOS

0000000519,20569,"TRABAJOS  DE  DEMOLICIÓN  Y RESTAURACIÓN DE  RECONSTRUCCIÓN  DE ACCESO DE LADO A LADO DE  ESTACIONAMIENTO  EXCOMONFORT A ESTACIONAMIENTO DE REGIDORES POR  OPERATIVIDAD  TEMPORAL   A  LOCATARIOS  UBICADO EN LA ZONA CENTRO  DE LEÓN, GTO.
"
0000000520,20555,REHABILITACIÓN   DE LA RED DE ALUMBRADO PÚBLICO  EN LA COMUNIDAD  ESTANCIA  DE VAQUEROS  (PUENTE PEATONAL) LEÓN GTO.

0000000521,20556,"REHABILITACIÓN DE LA RED DE ALUMBRADO PUBLICO  EN LA COMUNIDAD  SAN JOSE DEL CLAVEL- LOS LOPEZ ( CALLES:VARLA),LEÓN.GTO.
"
0000000522,20557,"REHABILITACIÓN  DE  LA RED  DE  ALUMBRADO PÚBLICO   EN  LA COMUNIDAD   MIGUEL     HIDALGO II           ( CALLES: PRINCIPAL  Y CAMINO A LA CINTA ),LEÓN GTO.
"
0000000523,20558,"REHABILITACIÓN  DE LA RED DE ALUMBRADO  PUBLICO EN LA COMUNIDAD ESTANCIA LA SANDIA (CALLES: CAMINO  A LA SANDIA  ),LEÓN, GTO. 
"
0000000524,20559,"REHABILITACIÓN DE LA RED DE ALUMBRADO PUBLICO  EN LA COMUNIDAD  PUERTA DEL CERRO( CALLES: CARLOS MEDINA, EL NOGAL, PUERTA  DEL  PINO  , PUERTA CIRUELO), LEÓN, GTO.
"
0000000525,20564,REHABILITACION PARQUE JUAREZ 1era. ETAPA

0000000526,20562,"PROYECTO CALLE: VALERIANO,TRAMO: DE LA CASTIDAD -CISMA ,UBICACIÓN ;COLONIA  SANTA CECILIA II.
"
0000000527,20563,PROYECTO  CALLE:22 DE NOVIEMBRE TRAMO : PASEO DE LA PRESA- PREDICACIÓN (AHORA CISMA) UBICACIÓN : COLONIA SANTA CECILIA II.

0000000529,20543,DESAZOLVE Y RECTIFICACION DE TALUD DE ARROYO EN LA COMUNIDAD DE PLAYAS DE SOTELO

0000000530,20550,LIMPIEZAY DESASOLVE DEL ARROYO DE LA COMUNIDAD  DE LOS RAMIREZ

0000000531,20551,LIMPIEZAY DESASOLVE DEL ARROYO DE LA COMUNIDAD DE LOS LOPEZ

0000000532,20552,LIMPIEZAY DESASOLVE DEL CANAL EN LA COMUNIDAD DE PROVIDENCIA

0000000533,20553,LIMPIEZAY DESASOLVE DEL RIO TURBIO EN  LA COMUNIDAD DE SANTA  ROSA PLAN DE AYALA (EL SALVADOR)

0000000534,20560,MEJORAMIENTO  DEL  SITIO DEL PARQUE  LINEAL      ARROYO  EL MASIRANTO A BEATO DE LINDERO NORTE  FRACC. VILLAS SAN NICOLAS  A BEATO MIGUEL  GOMEZ LOZA-PRIMERA ETAPA

0000000535,20573,"REHABILITACIÓN  Y MEJORAMIENTO  DE IMAGEN URBANA  DEL CAMELLONES EN EL BLVD.  ADOLFO LOPEZ MATEOS  LEÓN, GTO. 
"
0000000536,20516,"TRABAJOS  DE  DEMOLICIÓN  Y RESTAURACIÓN DE  RECONSTRUCCIÓN  DE ACCESO DE LADO A LADO DE  ESTACIONAMIENTO  EXCOMONFORT A ESTACIONAMIENTO DE REGIDORES POR  OPERATIVIDAD  TEMPORAL   A  LOCATARIOS  UBICADO EN LA ZONA CENTRO  DE LEÓN, GTO.
"
0000000537,20605,CALENTADOR SOLAR DE ACERO INOXIDABLE DE 12 TUBOS Y TANQUE DE 150 LTS. EN LAS COLONIA:  LEON I.
0000000538,20606,CALENTADOR SOLAR DE ACERO INOXIDABLE DE 12 TUBOS Y TANQUE DE 150 LTS. EN LAS COLONIA:  SAN JUAN BOSCO (VISTA HERMOSA)

0000000539,20604,CALENTADOR SOLAR DE ACERO INOXIDABLE DE 12 TUBOS Y TANQUE DE 150 LTS. EN LAS COLONIA: ERMITA
0000000540,20593,CALENTADOR SOLAR DE ACERO INOXIDABLE DE 12 TUBOS Y TANQUE DE 150 LTS. EN LAS COLONIA:LOMAS DE JEREZ.
0000000541,20594,CALENTADOR SOLAR DE ACERO INOXIDABLE DE 12 TUBOS Y TANQUE DE 150 LTS. EN LAS COLONIA: EL CASTILLO.
0000000542,20595,CALENTADOR SOLAR DE ACERO INOXIDABLE DE 12 TUBOS Y TANQUE DE 150 LTS. EN LAS COLONIA:  VALLE DE SAN JOSE 
0000000543,20596,CALENTADOR SOLAR DE ACERO INOXIDABLE DE 12 TUBOS Y TANQUE DE 150 LTS. EN LAS COLONIA:  BALCONES DE JEREZ
0000000544,20598,CALENTADOR SOLAR DE ACERO INOXIDABLE DE 12 TUBOS Y TANQUE DE 150 LTS. EN LAS COLONIA: ARBOLEDAS DEL REFUGIO.

0000000545,20599,CALENTADOR SOLAR DE ACERO INOXIDABLE DE 12 TUBOS Y TANQUE DE 150 LTS. EN LAS COLONIA:LA GLORIA

0000000546,20602,CALENTADOR SOLAR DE ACERO INOXIDABLE DE 12 TUBOS Y TANQUE DE 150 LTS. EN LAS COLONIA: 10 DE MAYO.
0000000547,20603,CALENTADOR SOLAR DE ACERO INOXIDABLE DE 12 TUBOS Y TANQUE DE 150 LTS. EN LAS COLONIA: SAN JUAN DE ABAJO. 
0000000548,20607,CALENTADOR SOLAR DE ACERO INOXIDABLE DE 12 TUBOS Y TANQUE DE 150 LTS. EN LAS COLONIA: REFUGIO DE SAN JOSE
0000000549,20609,CALENTADOR SOLAR DE ACERO INOXIDABLE DE 12 TUBOS Y TANQUE DE 150 LTS. EN LAS COLONI: SAN MARCOS.

0000000550,20612,CALENTADOR SOLAR DE ACERO INOXIDABLE DE 12 TUBOS Y TANQUE DE 150 LTS. EN LAS COLONIA: BETANIA

0000000551,20610,CALENTADOR SOLAR DE ACERO INOXIDABLE DE 12 TUBOS Y TANQUE DE 150 LTS. EN LAS COLONIA:CAMPO VERDE.

0000000552,20611,CALENTADOR SOLAR DE ACERO INOXIDABLE DE 12 TUBOS Y TANQUE DE 150 LTS. EN LAS COLONIA: MONTE CRISTO

0000000553,20608,CALENTADOR SOLAR DE ACERO INOXIDABLE DE 12 TUBOS Y TANQUE DE 150 LTS. EN LAS COLONIA: PERIODISTAS MEXICANOS
0000000554,20541,PAVIMENTACION DE LA CALLE SARASATE TRAMO: BLVD. MARIANO ESCOBEDO A GUTY CARDENAS UBICACIÓN: COLONIA LEON MODERNO

0000000555,20572,PROYECTO CALLE SAUCE DE JEREZ TRAMO: BLVD. SAN PEDRO A PASEO DE LOS  VERDINES  UBICACIÓN: COL.  JARDINES DE JEREZ  II Y III  SECCIÓN 

0000000556,20545,CONFORMACIÓN DE  TERRACERÍAS  EN COLONIAS  DE LA CIUDAD DE LEÓN  GTO. 

0000000557,20554,CONSTRUCCIÓNDE PASO CON TUBERIA PARA ACCESO EN LA COMUNIDAD DE EL CONSUELO 

0000000558,20584,PAVIMENTACION DE LA CALLE CORTIJO DEL ANZAR EN LA COMUNIDAD DE MALAGANA (SAN ANTONIO DEL MONTE)

0000000561,20586,"CONSTRUCCION DE ALUMBRADO PUBLICO EN LA INTERSECCION DEL BLVD. JOSE MARIA MORELOS Y BLVD. JUAN ALONSO DE TORRES, LEON, GTO.
"
0000000562,20570,MOVIMIENTO  DE ANTENA  DE TELECOMUNICACIONES DE LA  PLAZA DE   LA CIUDADANIA   GRISELDA   ALVAREZ UBICADA  EN LA LOZA  DE  AZOTEA  DEL  CENTRO  COMUNITARIO.

0000000563,20581,"SUMINISTRO Y COLOCACIÓN DE CALENTADORES SOLARES EN LAS COLONIAS BARRIO DE  GUADALUPE, JARDINES DEL SOL, REAL DE SAN ANTONIO,SAN BERNARDITO,SAN JOSE DEL CONSUELO,SAN MIGUEL  DE RENTERIA, SAN PEDRO DE  LOS HERNANDEZ, SANTA ROSA DE LIMA, VALLE DE SEÑORA, ENTRE OTRAS.
"
0000000564,20580,"SUMINISTRO Y COLOCACIÓN DE CALENTADORES SOLARES EN LAS COLONIAS :  HILAMAS, LEÓN II,LOMAS DEL  MIRADOR, OBSERVATORIO II, PASEOS DE LA CIMA, VALLE ANGTIGUA ENTRE OTRAS.
"
0000000565,20566,"SUMINISTRO Y COLOCACIÓN DE CALENTADORES SOLARES EN LAS COLONIAS :  EL POCHOTE, LA MAYA, LA NORTEÑA, GRANADA, MONTERREY FUTURAMA,LOMAS DE LA TRINIDAD, TIRITAS ENTRE OTRAS.

"
0000000566,20579,"SUMINISTRO Y COLOCACIÓN DE CALENTADORES SOLARES EN LAS COLONIAS :  EL CORTIJO,EL RETIRO,HIDALGO, KILLIAN,  LA BRISA,  LAS TROJES, LOMAS DE LA  TRINIDAD, VILLA INSURGENTES,  ENTRE OTRAS.
"
0000000567,20585,CONSTRUCCION DE ESPACIO PUBLICO EN LA COLONIA "LOS MURALES" PRIMERA ETAPA)

0000000568,20583,REHABILITACION DEL BLVD. MARIANO ESCOBEDO; TRAMO: DE BLVD. JUAN ALONSO DE TORRES A BLVD. CERVANTES SAAVEDRA Y REHABILITACION  DE MARIANO ESCOBEDO; TRAMO: BLVD. EXOSICIONES A AV. CEFERINO ORTIZ

0000000569,20568,VUELTA   A   LA   DERECHA EN  COMUNIDAD  SANTA  ROSA PLAN DE AYALA  SOBRE CARRETERA   ESTATAL   DE LEÓN - SANTA  ROSA  PLAN DE AYALA- MANUEL DOBLADO (1RA ETAPA) 

0000000570,20587,REHABILITACIÓN DE CAMINO  DE ACCESO  AL  CONALEP


0000000571,20589,"PLANTACIÓN  DE ARBOLES  DE DIFERENTES ESPECIES  EN DEPORTIVA  ""COECILLO"" UBICADA EN CALLE  CONGRESO DE CHILPANCINGO S/N ESQ. ANTONIO  MADRAZO EN LA CIUDAD  DE LEÓN, GTO. 
"
0000000572,20590,DEMOLICIÓN TEATRO  DEL  PUEBLO Y ÁREAS ALEDAÑAS (SIN  INCLUIR  CIMENTACIÓN)

0000000573,20638,PROYECTO EJECUTIVO SENDERO LÍNEA DE LOBOS 1RA ETAPA 

0000000574,20540,PRELIMINARES   DEL PROYECTO DE PARQUE CÁRCAMOS

0000000575,20497,"PAVIMENTACION DE LA CALLE  RÍO AGUA NAVAL, TRAMO: RÍO TECOLUTLA A BLVD. TORRES LANDA, COL. FRACC. SAN MIGUEL INFONAVIT
"
0000000576,20576,"PAVIMENTACION DE LA CALLE ARALIA, TRAMO: CALLE LABRADOR A CALLE GARRA DE AGUILA  EN LA COL. ARRAYANES 
"
0000000577,20661,"REHABILITACIÓN  DE PAVIMENTOS Y SEÑALAMIENTO HORIZONTAL EN LAS TERMINALES DEL SIT SAN JERONIMO, MARAVILLAS Y PORTALES DE LAS ARBOLEDAS, LEÓN GTO. 
"
0000000578,20656,"REHABILITACIÓN DE PAVIMENTACIÓN, BANQUETAS  Y MANTENIMIENTO GENERAL EN LA TERMINAL DE TRANSFERENCIA  DEL SIT DELTA, LEON, GTO. 
"
0000000579,20660,"MANTENIMIENTO  INTEGRAL EN LAS TEMINALES  DE TRASFERENCIA  Y ESTACIONES DEL SIT EN BLVD. SAN JUAN BOSCO Y TIMOTEO LOZANO,  LEÓN GTO. 
"
0000000580,20659,"REHABILITACIÓN Y MODERNIZACIÓN DEL ALUMBRADO PUBLICO EN LA COMUNIDAD  LA SANDIA  (1RA ETAPA ), LEÓN, GTO. 
"
0000000581,20672,"SUMINISTRO Y COLOCACIÓN DE CALENTADORES SOLARES EN LAS COLONIAS :  AZTECA, COLINAS DE SANTA JULIA, DELTA 2000, JARDINES DE JEREZ,  JARDINES  DE LA PRADERA,  PARQUE  MANZANARES,VALLE DEL  REAL, VALLE  DELTA,ENTRE OTRAS
"
0000000582,20673,"SUMINISTRO Y COLOCACIÓN DE CALENTADORES SOLARES EN LAS COLONIAS :  AGUA AZUL, BOSQUES, BRISAS DEL PEDREGAL, LA CAMPIÑA, PASEOS DEL MOLINO, PRADERAS DE AGUA AZUL, SANGRE DE CRISTO, VALLE DE LAS  HACIENDAS, ENTRE OTRAS. 
"
0000000583,20662,"2DA  ETAPA DE LA REHABILITACIÓN  Y MEJORAMIENTO DE IMAGEN URBANA DEL CAMELLÓN  EN EL BLVD. ADOLFO  LOPEZ MATEOS, LEÓN GTO. 
"
0000000584,20617,"CONFORMACION DE CAMINOS RURALES  EN LA ZONA ORIENTE DE LA CIUDAD  EN EL MUNICIPIO DE LEÓN, CAMINO  DE LOS LOPEZ
"
0000000585,20618,"CONFORMACION DE CAMINOS RURALES  EN LA ZONA ORIENTE DE LA CIUDAD  EN EL MUNICIPIO DE LEÓN, CAMINO  DE ALBARRADONES 
"
0000000586,20619,"CONFORMACION DE CAMINOS RURALES  EN LA ZONA ORIENTE DE LA CIUDAD  EN EL MUNICIPIO DE LEÓN, CAMINO  DE ZARAGOZA 
"
0000000587,20620,"CONFORMACION DE CAMINOS RURALES  EN LA ZONA ORIENTE DE LA CIUDAD  EN EL MUNICIPIO DE LEÓN, CAMINO DE SAN CARLOS LA RONCHA 
"
0000000588,20621,"CONFORMACION DE CAMINOS RURALES  EN LA ZONA ORIENTE DE LA CIUDAD  EN EL MUNICIPIO DE LEÓN, CAMINO  DE LOS SAUCES
"
0000000589,20622,"CONFORMACION DE CAMINOS RURALES  EN LA ZONA ORIENTE DE LA CIUDAD  EN EL MUNICIPIO DE LEÓN, CAMINO  DE SAN JOSÉ DE LOS ROMEROS 
"
0000000590,20639,DESAZOLVE DE ARROYOS Y CANALES E INSTALACIÓN  DE TUBERIAS EN LAS COMUNIDADES RURALES DE LOS SAUCES 

0000000591,20640,DESAZOLVE DE ARROYOS Y  CANALES  E INSTALCIPIN DE TUVERIA  EN LAS COMUNIDADES RURALES DE MIGUEL HIDALGO II

0000000592,20641,DESAZOLVE DE ARROYOS Y CANALES E INSTALACIÓN DE TUBERIA EN LAS COMUNIDADES RURALES DE PROVIDENCIA 

0000000593,20643,DESAZOLVE DE ARROYOS Y CANALES E INSTALCIÓN  DE TUBERIA  EN LAS COMUNIDADES RURALES  DE  LOS TEPETATES 

0000000594,20642,DESAZOLVE DE ARROYOS Y CANALES  INSTALACIÓN DE TUBERIA DE COMUNIDADES RURALES  DE LA CINTA

0000000595,20645,DESARROLLO DE ARROYO EN COMUNIDAD DE DUARTE 

0000000597,20624,DEZASOLVE DE ARROYOS Y CANALES  POR CONTINGENCIA EN LA COMUNIDAD  RURAL DE MALAGANA

0000000598,20625,DEZASOLVE DE ARROYOS Y CANALES  POR CONTINGENCIA EN LA COMUNIDAD  SAN  JOSE DEL RESPLANDOR 

0000000599,20626,DEZASOLVE DE ARROYOS Y CANALES  POR CONTINGENCIA EN LA COMUNIDAD  RURAL DE  LA ARCINA 

0000000600,20627,DEZASOLVE DE ARROYOS Y CANALES  POR CONTINGENCIA EN LA COMUNIDAD  RURAL DE  POMPA 

0000000601,20628,DEZASOLVE DE ARROYOS Y CANALES  POR CONTINGENCIA EN LA COMUNIDAD  RURAL DE  PROVIDENCIA 

0000000602,20629,DEZASOLVE DE ARROYOS Y CANALES  POR CONTINGENCIA EN LA COMUNIDAD  RURAL DE  SANTA ANA DEL CONDE 

0000000603,20654,DESAZOLVE DE ARROYOS Y CANALES  POR CONTINGENCIA EN LA COMUNIDAD  RURAL DE SAN PEDRO DEL MONTE. 

0000000604,20650,DESZOLVE DE ARROYO DE CANALES Y MEJORAMIENTO DE CAMINOS POR CONTIGENCIAS EN LAS COMUNIDADES RURALES DE: LOS ARCOS 

0000000605,20648,DESAZOLVE DE ARROYO  Y CANALES Y MEJORAMIENTO DE CAMINOS POR CONTIGENCIAS EN LAS COMUNIDES RURALES DE: LA CINTA. 

0000000606,20649,DESAZOLVE DE ARROYO Y CANALES Y MEJORAMIENTO DE CAMINOS POR CONTIGENCIA EN LAS COMUNIDADES RURALES DE CAMINO  SAN ATONIO  DEL GIGANTE-EL  GIGANTE. 

0000000607,20668,"REHABILITACIÓN DE ESTACIONAMIENTO  Y ACCESO A LA ACADEMIA  METROPOLITANA DE SEGURIDAD  PUBLICA DE LEÓN, GTO. 
"
0000000608,20663,"MANTENIMIENTO INTEGRAL  DE CAMELLONES  EN DIVERSAS VIALIDADES DE LEÓN, GUANAJUATO. 
"
0000000610,20646,"SUPERVISIÓN , CONSTRUCCIÓN DE ALUMBRADO  PÚBLICO  EN LA INTERSECCIÓN DEL BLVD. JOSÉ MARIA MORELOS Y BLVD. JUAN ALONSO DE TORRES , LEON GTO. 
"
0000000611,20616,SUMINISTRO E INSTALACIÓN DE ADORNOS NAVIDEÑOS  EN LA CIUDAD DE LEÓN. 

0000000612,20658,"REHABILITACIÓN  Y MODERNIZACION DEL ALUMBRADO PÚBLICO EN LA COLONIA  RINCÓN DE BUGAMBILIAS Y CALLE HACIENDA EL SALTO, LEÓN GTO. 
"
0000000614,20634,DESASOLVE DE ARROYOS Y REHABILITACIÓN  DE CALLES EN LA COMUNIDAD  RURAL  EL RAMILLETE 

0000000615,20635,DESASOLVE DE ARROYOS Y REHABILITACIÓN  DE CALLES EN LA COMUNIDAD  RURAL  NUEVO LINDERO 

0000000616,20636,DESASOLVE DE ARROYOS Y REHABILITACIÓN  DE CALLES EN LA COMUNIDAD  RURAL  MALAGANA

0000000617,20637,DESASOLVE DE ARROYOS Y REHABILITACIÓN  DE CALLES EN LA COMUNIDAD  SAN JOSE DE LOS SAPOS

0000000618,20631,DESASOLVE DE ARROYOS Y REHABILITACIÓN  DE CALLES EN LA COMUNIDAD  RURAL  ARBOLEDAS DE LOS LOPEZ 

0000000619,20632,DESASOLVE DE ARROYOS Y REHABILITACIÓN  DE CALLES EN LA COMUNIDAD  RURAL  EL DERRAMADERO 

0000000620,20633,DESASOLVE DE ARROYOS Y REHABILITACIÓN  DE CALLES EN LA COMUNIDAD  RURAL  RINCON GRANDE 

0000000621,20630,DESASOLVE DE ARROYOS Y REHABILITACIÓN  DE CALLES EN LA COMUNIDAD  RURAL  SAN PEDRO DEL MONTE 

0000000622,20657,"MEJORAMIENTO  DEL ALUMBRADO EN LAS TERMINALES DE TRASFERENCIA DEL SIT DELTA, SAN JERONIMO Y SAN JUAN BOSCO EN LEÓN , GUANAJUATO. 
"
0000000626,20682,PAQUETE 1 ELABORACIÓN DE ESTUDIOS DE MANIFIESTO  DE IMPACTO AMBIENTAL PARA PROYECTOS  DE URBANIZACIÓN  DE VIALIDADES Y EDIFICIACIONES. 

0000000627,20680,PROYECTO EJECUTIVO DEL DISEÑO DE INFRAESTRUCTURA DE EMPLAZAMIENTO  PARA EL SISTEMA  DE BICICLETA  PÚBLICA  DE LÉON 

0000000628,20681,"ACTUALIZACIÓN  ANALISIS COSTO BENEFICIO  VIA RAPIDA  BICENTENARIO, LEÓN GTO. 
"
0000000629,20671,"PROYECTO CONCEPTUAL  DE COMPLEJO  DE SEGURIDAD PÚBLICA  LA ORDEÑA  UBICACIÓN  EN EL BLVD.  ARISTOTELES Y EL BLVD. SAN JOSE MAL PASO, COLONIA LAS JOYAS EN LEÓN, GUANAJUATO. 
"
0000000630,20674,"PROYECTO EJECUTIVO DE UNA SALA DE JUZGADO  CÍVICO  EN LA DELEGACIÓN  NORTE, EN  LEÓN, GUANAJUATO. 
"
0000000631,20678,TRABAJOS COMPLEMENTARIOS  PARA EL PROYECTO EJECUTIVO  TEATRO DOBLADO 

0000000632,20665,"PAVIMENTACIÓN DE LA CALLE DEL CENIT. TRAMO: DEL RENACIMIENTO A BLVD.  SAN NICOLAS, UBICACIÓN: VILLAS DEL CARMEN 
"
0000000633,20676,"PROYECTO   EJECUTIVO  DE ADECUACION DE CUARTEL PARA  MOTOCICLISTAS Y OBRAS COMPLEMENTARIAS  DE LA POLICIA MONTADA, COLONIA  CAÑON DE LA INDIA; LEÓN GUANAJUATO. 
"
0000000634,20666," REHABILITACIÓN DE CAMINO RURAL EL PEDREGOSO, TRAMO: CAMINO  A ESTANCIA AL CADENAMIENTO 1+ 860  
"
0000000635,20679,"PROYECTO  EJECUTIVO  PUENTE  SOBRE ARROYO LOS SAUCES EN LA COMUNIDAD  DE LOS  JACALES, MUNICIPIO DE LEÓN 
"
0000000636,20517,"CONSTRUCCIÓN  DEL  TECHADO DEL  ÁREA    DE   PRODUCCIÓN     DEL VIVERO MUNICIPAL, LEÓN GUANAJUATO.
"
0000000638,20688,"DESARROLLO METODOLÓGICO (ESTUDIOS SOCIOECONOMICO  Y FACTIBILIDAD) PARA  PROYECTOS DE DESARROLLO  EN LOS MERCADOS  CENTRO COMERCIAL ALLENDE , REPÚBLICA Y CARRO VERDE. 
"
0000000639,259,"REHABILITACION DEL ESPACIO PUBLICO EN LA COLONIA  JARDINES DE LA PRESA, CALLE JARDIN SILVESTRE -JARDIN RUSTICO 
"
0000000640,20644,REHABILITACIÓN  DE CAMINO EN LA COMUNIDAD DE POMPA 

0000000641,20664,"CONSTRUCCIÓN  DE RETORNO EN DISTRIBUIDOR VIAL BENITO JURAREZ LEÓN, GTO. 
"
0000000642,20653,REHABILITACIÓN  DE CAMINO EN LA COMUNIDAD DE POMPA 

0000000643,20697,REVESTIMIENTO  DE CAMINO   EN LA COMUNIDAD  DE PLAYAS DE SOTELO. 

0000000644,20721,"PROYECTO INTEGRAL PARA LA REHABILITACION DEL RASTRO DE AVES EN LA CIUDAD DE LEON, GTO. (PRIMERA ETAPA).

"
0000000645,20722,"PAVIMENTACION DE LA CALLE MADRE AMALIA, TRAMO: BLVD. ATOTONILCO A CENTRO SALUD COL. 10 DE MAYO.
"
0000000646,20726,REMODELACIÓN  DE  INSTALACIONES  EN DELEGACIÓN  NORTE PARA JUZGADO CÍVICO 

0000000647,20723,"PLAN DE  MODERNIZACIÓN  DE INFRAESTRUCTURA  2018, AL MERCADO   LA LUZ  ( 1RA  ETAPA DEL MUNICIPIO DE LEÓN, GUANAJUATO. 
"
0000000648,20695,"INTERVENCION EN TRABAJOS DE RESTAURACIÓN  DE LA ARCADA EN LA CALLEJUELA PADILLA, EN LA CIUDAD DE LEÓN GTO.
"
0000000649,20732,"PROYECTO INTEGRADOR DE CONECTIVIDAD  MULTIPARQUES, TREN  ZOOLEÓN-PARQUE  METROPOLITANO
"
0000000650,20731,REMODELACIÓN  DE  INSTALACIONES  EN DELEGACIÓN  NORTE PARA JUZGADO CÍVICO 

0000000651,20677,"PROYECTO EJECUTIVO DE LA CASA DE LA SALUD  RURAL,  EN LA COMUNIDAD DE SAUZ SECO  EN LEÓN GUANAJUATO. 
"
0000000652,20683,"MANTENIMIENTO  AL BLVD.  ASIS, CONSTRUCCIÓN DE BANQUETAS EN AV.  DE LOS INDUSTRIALES  Y MANTENIMIENTO A PUENTES  EN CANAL TIMOTEO  LOZANO, LEÓN, GTO. 
"
0000000653,20733,"MANTENIMIENTO  AL BLVD.  ASIS, CONSTRUCCIÓN DE BANQUETAS EN AV.  DE LOS INDUSTRIALES  Y MANTENIMIENTO A PUENTES  EN CANAL TIMOTEO  LOZANO, LEÓN, GTO. 
"
0000000654,20725,"ELEVADOR  EN EL EDIFICIO C-4, DE LEÓN GUANAJUATO 
"
0000000655,20574,"CONSTRUCCIÓN  DE  PASO  CON TUBERIA  PARA ACCESO   CARRETERAS, EN LA COMUNIDAD DE SAN FRANCISCO DE DURAN 
"
0000000657,20685,"PROYECTO CALLE: DE LA POSADA, TRAMO: LA MORADA A ANDADOR  DE LA HACIENDA , UBICACIÓN; VILLA DE LEON. 
PROYECTO CALLE: DE LA POSADA, TRAMO: LA MORADA A ANDADOR  DE LA HACIENDA , UBICACIÓN; VILLA DE LEON. 
"
0000000658,20686,"PROYECTO CALLE: POTASIO , TRAMO:  ARGON A SALOMÓN, UBICACIÓN :  VALLE DE SEÑORA 
"
0000000659,20687,"PROYECTO CALLE DE LA CIUDAD, TRAMO: BLVD. TIMOTEO  LOZANO A  LA  MORADA  UBICACIÓN DE LEÓN. 
"
0000000660,20690,"SUMINISTRO  EN INSTALACIÓN DE TRANSFORMADOR , ASI COMO PARA LA REHABILITACIÓN  DE INSTALACIONES ELECTRICAS  DEL "" MERCADO EL CORTIJO""
"
0000000661,20730,"REHABILITACIÓN  DE LA CASA DE LA CULTURA DIEGO  RIVERA, PRIMERA ETAPA UBICACIÓN: PORTALES  DELICIAS  Y PLAZA  FUNDADORES, ZONA CENTRO, LEÓN  GUANAJUATO. 
"
0000000662,20613,"ALUMBRADO PÚBLICO EN  PLAZA EXPIATORIO, UBICADA EN CALLE FCO. I. MADERO  ESQUINA CALLE JUAN VALLE, COL.  CENTRO LEON, GTO. 
"
0000000663,20716,LIMPIEZA Y DESAZOLVE DE ARROYOS EN LA COMUNIDAD DE SAN JOSE DE LOS SAPOS 

0000000664,20655,DEMOLICIÓN PARA LIBERACIÓN  DE DERECHO DE VÍA DEL BLVD. RIÓ MAYO TRAMO: DE LA CALLE HONDA DE SAN MIGUEL A CALLE  CENTENARIO 

0000000665,20696,"PLAN DE MODERNIZACIÓN  DE INFRAESTRUCTURA  2018,  AL MERCADO  LAS AMÉRICAS  DEL MUNICIPIO DE LEÓN, GUANAJUATO. 
"
0000000666,20724,"PROYECTO ARQUITECTONICO  DE EDIFICIO  DE OFICINAS Y ESTUDIO  HIDROLOGICO CEPOL PONIENTE, LEON GTO. 
"
0000000667,20703,"PRIMERA ETAPA   PLAZA DE LAS VIGAS EN LEÓN, GTO. 
"
0000000668,20719,CERCA  DE MALLA CICLONICA EN LA COMUNIDAD POMPA 

0000000669,20714,DESAZOLVE DE ARROYOS Y REHABILITACIÓN DE CALLES  EN COMUNIDADES RURALES DE ; SAN CARLOS  LA RONCHA.

0000000670,20698,"REHABILITACIÓN  DE ARROYO  Y FORMACIÓN  DE  BORDO  POR  CONTIGUENCIA EN LA COMUNIDAD DE HACIENDA  ARRIBA, EN EL MUNICIPIO  DE LEÓN
"
0000000671,20718,INSTALACIÓN DE TUBERIA  EN LA  COMUNIDAD  RURAL EL RAMILLETE

0000000672,20720,INSTALACIÓN DE TUBERIA  EN LA  COMUNIDAD  RURAL SAN JOSE DE LOS ROMEROS 

0000000673,20705,"LABORATORIO  VERIFICADOR  2018, PARA PROYECTOS DE OBRA DE EDIFICACIÓN PAQUETE 3 
"
0000000674,20444,"PROYECTO EJECUTIVO DE CALLE LATERAL SUR EN DISTRIBUIDOR VIAL  BENITO JUAREZ  EN LA  INTERSECCIÓN DEL BLVD. CLOUTHIER Y BLVD.MORELOS EN LA CIUDAD DE  LEÓN, GTO. 
"
0000000675,20490,"
SEGUMIENTO AL PROYECTO E INICIO DE OBRA DEL DISTRIBUIDOR VIAL BENITO JUAREZ LOCALIZADO EN LA INTERSECCION DEL BLVD. MORELOS CON EL BLVD. J.M. CLOUTHIER EN LA CIUDAD DE LEON, GTO
"
0000000676,20702,REPARACIÓN DE SISTEMA  PARARAYOS EN LA PLAZA PRINCIPAL DE LA COMUNIDAD  LA MANZANILLAS. 

0000000677,20727,TRABAJOS DESAZOLVES  EN LA COMUNIDAD RURAL DE LA ARCINA 

0000000678,20728,TRABAJOS DESAZOLVES  EN LA COMUNIDAD RURAL DE CAPELLANIA DE LOERA 

0000000679,20717,PRIMERA ETAPA DE PARQUE SIT LA OLLA

0000000680,20701,"CONSTRUCCIÓN DE INFRAESTRUCTURA  PARA TOPE INTELIGENTE, LEÓN, GTO. 
"
0000000681,20615,"CONSTRUCCIÓN  DEL  TECHADO DEL  AREA    DE   PRODUCCIÓN     DEL VIVERO MUNCIPAL, LEÓN GUANAJUATO.
"
0000000682,20700,"RAHABILITACIÓN DEL ALUMBRADO PUBLICO  EN BLVD. JUAN ALONSO DE TORRES , LEON GTO. 
"
0000000683,20704,"BANQUETAS CALLE BISONTE, TRAMO : DE VIA TOSCANA A FINALIZAR  UBICACIÓN: LOMAS DE ECHEVESTE 
"
0000000684,20743,"REHABILITACIÓN AV. LA MERCED (SEGUNDA ETAPA), EN EL TRAMO DE BLVD. TORRES LANDA-CALLE FLAMENCO, LEÓN, GTO."
0000000685,20647,DESZOLVE DE ARROYO DE CANALES Y MEJORAMIENTO DE CAMINOS POR CONTIGENCIAS EN LAS COMUNIDADES RURALES DE: LOS ARCOS 

0000000686,20575,"CONSTRUCCIÓN  DE PASO CON TUBERIA PARA ACCESO  PARCELA, EN LA COMUNIDAD  DE SAN FRANCISCO DE DURÁN
"
0000000687,20684,REHABILITACIÓN DEL POZO  EN EL VIVERO MUNICIPAL  DE LEÓN GTO.

0000000688,20744,"ADECUACIÓN DEL CENTRO  DE CONTROL Y BIENESTAR ANIMAL UBICADO EN  CALLE RÍO VERDE #243, FRACC. LA LUZ 1ER. ETAPA. "
0000000689,20745,"REHABILITACIÓN DE MINIDEPORTIVA GRANADA, UBICADA EN LA CALLE LAGO CAMECUARO ESQUINA CALLE CUITZEO, EN LA COLONIA GRANADA.
"
0000000690,20740,"CICLOVIA TANCITARO-URUAPAN-YURECUARO-PUREPERO-AV. HIDALGO TRAMO DE BLVD JUAN ALONSO DE TORRES A IGNACIO LOPEZ RAYON, EN LEON, GTO.
"
0000000691,20691,"REMODELACION DEL CENTRO CULTURAL PLAZA DE GALLOS Y FACHADA, 2DA. ETAPA.
"
0000000692,20675,PROYECTO EJECUTIVO  DEL MERCADO VIRGEN DE GUADALUPE  EN LA COLONIA PERIODISTAS MEXICANOS 

0000000693,20737,"PROYECTO CALLE VALLE DE SANTA MATILDE TRAMO: VIA DE LOS GIRASOLES – VALLE DE LA PURISIMA CONCEPCIÓN COLONIA: VALLE DE LA LUZ Y PROYECTO CALLE PEREGRIN (AHORA PEREGRIN CLAVE), TRAMO BLVD. FRANCISCO VILLA – AND. ESPERANZA (AHORA PEREGRIN CLAVE), JARDINES DE MARAVILLAS.
"
0000000694,20734,"CICLOVIA BLVD. HERMENEGILDO BUSTOS, TRAMO: AV. TRANSPORTISTAS A BLVD. JOSE MARÍA MORELOS, EN LEON GTO.
"
0000000695,20742,"SUMINISTRO Y COLOCACION DE CALENTADORES SOLARES EN LAS COLONIAS: CHAPALITA, INDUSTRIAL, JOL–GUABER, LOMA BONITA, LOMAS DE LA PISCINA, OBRERA, SAN MARTIN DE PORRES, ENTRE OTRAS.
"
0000000696,20706,REPARACIÓN DE SISTEMA  PARARAYOS EN LA PLAZA PRINCIPAL DE LA COMUNIDAD  LA MANZANILLAS. 

0000000697,20741,1RA ETAPA DEL PROYECTO DE MODERNIZACIÓN DE LAS INSTALACIONES DE LA FERIA LEÓN

0000000698,20738,"PAVIMENTACION DE LA CALLE: RIO MAYO, TRAMO: BLVD. VENUSTIANO CARRANZA A CALLE CENTENARIO COL. BARRIO DE SAN MIGUEL Y LAS MARGARITAS (PRIMERA ETAPA)
"
0000000699,20739,ESTACION DE BOMBEROS METROPOLITANA NO. 9 UBICADA EN LA CALLE SANTA CROCCE DEL FRACCIONAMIENTO SANTA CROCCE (3RA. ETAPA)

0000000700,20692,"REHABILITACIÓN DEL REDONDEL  DE LA PLAZA DE GALLOS, 2DA  ETAPA 
"
0000000701,20693,"CICLOVIA BLVD. MARIANO ESCOBEDO, TRAMO: BLVD. GENERAL FRANCISCO VILLA A BLVD. PASEO DE JEREZ EN LEON, GTO.
"
0000000702,20746,"MEJORAMIENTO DEL SITIO DEL PARQUE LINEAL ARROYO EL EJIDO, TRAMO DEL BLVD. MORELOS A BLVD. LAS TORRES – PRIMERA ETAPA.
"
